口径,指标,n,独立簇,均值,中位数,胜率,基准均值,差值,均值90%CI低,均值90%CI高,p值,q值,前段n,后段n,两段同向,证据
跌幅≥5%,5日超额(L0),159,52,-0.012433657079352168,-0.008870518146247397,0.37735849056603776,-0.0021057670545436657,-0.010327890024808502,-0.01890420299536416,-0.00562255041904013,0.26286856571714146,0.9631966351209253,96,63,True,C 弱/不显著
跌幅≥5%,10日超额(L0),159,52,-0.01949074310192893,-0.015998344136426645,0.3836477987421384,-0.004182736084080467,-0.01530800701784846,-0.03077795567375596,-0.008250595941768826,0.23488255872063968,0.9631966351209253,96,63,True,C 弱/不显著
跌幅≥5%,20日超额(L0),159,52,-0.020196375301723624,-0.031220172972912907,0.36477987421383645,-0.0065959800461224335,-0.01360039525560119,-0.0331470072588819,-0.006648163160939655,0.4427786106946527,0.9631966351209253,96,63,True,C 弱/不显著
跌幅≥5%,60日超额(L0),159,52,-0.03554602703644576,-0.03198870898108219,0.29559748427672955,-0.011643474393072837,-0.023902552643372918,-0.0520713719132945,-0.01870548474751407,0.335832083958021,0.9631966351209253,96,63,True,C 弱/不显著
跌幅≥7%,5日超额(L0),58,20,-0.009707643403545171,-0.01665679316449542,0.3103448275862069,-0.002723463630904698,-0.006984179772640473,-0.01738737856428836,-0.000703465724954441,0.6833667334669339,0.9631966351209253,49,9,True,C 弱/不显著
跌幅≥7%,10日超额(L0),58,20,-0.018913214331037067,-0.025550387761100857,0.3793103448275862,-0.005218303175098213,-0.013694911155938853,-0.035997189709201106,-0.0013911137957422959,0.5125376128385155,0.9631966351209253,49,9,True,C 弱/不显著
跌幅≥7%,20日超额(L0),58,20,-0.01923239393641152,-0.030489880461308017,0.39655172413793105,-0.007272417115660453,-0.011959976820751068,-0.036741566930400885,0.0003225289666191681,0.6907268170426065,0.9631966351209253,49,9,False,C 弱/不显著
跌幅≥7%,60日超额(L0),57,19,-0.03464999909972099,-0.02469465427153439,0.2982456140350877,-0.013642120188259613,-0.021007878911461376,-0.054180238977361864,-0.012650762201849134,0.7540160642570282,0.9631966351209253,49,8,False,C 弱/不显著
跌幅≥10%,5日超额(L0),2,2,-0.027592279711485146,-0.027592279711485146,0.5,9.506139839593234e-06,-0.02760178585132474,,,0.37435897435897436,0.9631966351209253,2,0,False,D 样本不足
跌幅≥10%,10日超额(L0),2,2,0.0009008779540469192,0.0009008779540469192,0.5,0.0012380557646991864,-0.00033717781065226724,,,0.7680412371134021,0.9631966351209253,2,0,False,D 样本不足
跌幅≥10%,20日超额(L0),2,2,0.012343170184917318,0.012343170184917318,0.5,0.003354760567339907,0.008988409617577412,,,0.6684210526315789,0.9631966351209253,2,0,False,D 样本不足
跌幅≥10%,60日超额(L0),2,2,-0.022024246883341148,-0.022024246883341148,0.5,-0.011944621547256597,-0.01007962533608455,,,0.9179487179487179,0.9631966351209253,2,0,False,D 样本不足
跌幅≥3σ,5日超额(L0),55,29,-0.009670973502500714,-0.011259572521388872,0.43636363636363634,-0.002073367403212112,-0.0075976060992886015,-0.019817710714788085,0.002279802983116249,0.692,0.9631966351209253,33,22,False,C 弱/不显著
跌幅≥3σ,10日超额(L0),55,29,-0.01386044567319496,-0.018156391488228674,0.4,-0.0037151511185735332,-0.010145294554621428,-0.027928533687177626,0.0014491675172744762,0.6976976976976977,0.9631966351209253,33,22,True,C 弱/不显著
跌幅≥3σ,20日超额(L0),55,29,-0.012134196142111206,-0.013559483814646667,0.38181818181818183,-0.006150425446053061,-0.005983770696058145,-0.03189547565315988,0.00826601786019116,0.9409409409409409,0.9631966351209253,33,22,False,C 弱/不显著
跌幅≥3σ,60日超额(L0),55,29,-0.04053598805438217,-0.02469465427153439,0.34545454545454546,-0.01767291959466182,-0.02286306845972035,-0.07260258526427243,-0.008137595966222374,0.5807422266800402,0.9631966351209253,33,22,False,C 弱/不显著
跌幅≥4σ,5日超额(L0),19,13,-0.003220289569744172,-0.0007208210908172807,0.47368421052631576,-0.001913165093470961,-0.0013071244762732108,-0.021543442920786315,0.022764734070588693,0.9631966351209253,0.9631966351209253,16,3,True,C 弱/不显著
跌幅≥4σ,10日超额(L0),19,13,-0.0035410047220744145,-0.011018101652175871,0.42105263157894735,-0.003037604304162675,-0.0005034004179117397,-0.023033828375231068,0.02417421364834576,0.9558745348219032,0.9631966351209253,16,3,False,C 弱/不显著
跌幅≥4σ,20日超额(L0),19,13,-0.004653400305348642,-0.010142670972643542,0.42105263157894735,-0.0044672980120660085,-0.00018610229328263304,-0.033016736553073196,0.030271773537343755,0.9325605900948367,0.9631966351209253,16,3,False,C 弱/不显著
跌幅≥4σ,60日超额(L0),19,13,-0.03721141492418338,-0.02469465427153439,0.3684210526315789,-0.021943240039415918,-0.015268174884767463,-0.09285525578416702,0.00795247319549858,0.866418307610431,0.9631966351209253,16,3,False,C 弱/不显著
