口径,期限,n,L1超额均值
跌幅≥5%,5,159,-0.008585142550700729
跌幅≥5%,10,159,-0.015736475662591416
跌幅≥5%,20,159,-0.014540759511227732
跌幅≥5%,60,159,-0.030851090931105368
跌幅≥7%,5,58,-0.0035971960147844705
跌幅≥7%,10,58,-0.016662473922944773
跌幅≥7%,20,58,-0.009074497838806945
跌幅≥7%,60,57,-0.027906482969248126
跌幅≥10%,5,2,-0.020952878093903005
跌幅≥10%,10,2,0.01788246955955558
跌幅≥10%,20,2,0.006044611878423423
跌幅≥10%,60,2,-0.02028154210026334
跌幅≥3σ,5,55,-0.007775582097946156
跌幅≥3σ,10,55,-0.008012535414429848
跌幅≥3σ,20,55,-0.008701142793868381
跌幅≥3σ,60,55,-0.03786927827478356
跌幅≥4σ,5,19,-0.003054926444147779
跌幅≥4σ,10,19,0.00018551192352706262
跌幅≥4σ,20,19,-0.00799352838091783
跌幅≥4σ,60,19,-0.036198575242631904
