特征,分界(中位数),高组n,高组趋势结束比例,高组机会比例,高组60日超额,低组n,低组趋势结束比例,低组机会比例,低组60日超额,结束比例差90%CI,p值,Fisher p(不计聚集),前段差,后段差,独立簇,q值,两段同向,证据
当日跌幅,-0.06193508693299943,79,0.45569620253164556,0.27848101265822783,-0.03360949849888761,80,0.375,0.3125,-0.03745834896728442,-7%~22%,0.3915,0.3363536035283857,0.09344938158497484,0.0,64,0.489375,False,C 弱/不显著
当日超额,-0.02293461256375995,79,0.31645569620253167,0.34177215189873417,-0.033626991182707996,80,0.5125,0.25,-0.03744107494201179,-32%~-7%,0.0095,0.015704127027039647,-0.1875,-0.18750000000000006,64,0.095,True,B 中等证据
市场当日涨跌,-0.038594024394654314,79,0.5063291139240507,0.27848101265822783,-0.03500157397281882,80,0.325,0.3125,-0.036083674436777353,3%~32%,0.0435,0.024534603836232908,0.09661835748792269,0.3566433566433566,64,0.145,True,C 弱/不显著
前20日涨幅,0.15409956059534813,79,0.45569620253164556,0.26582278481012656,-0.04026668382139128,80,0.375,0.325,-0.030884378461312045,-7%~23%,0.3815,0.3363536035283857,0.0,0.20564516129032262,64,0.489375,False,C 弱/不显著
前60日超额,0.1976732117283604,79,0.4810126582278481,0.25316455696202533,-0.051016340899895346,80,0.35,0.3375,-0.02026909209628928,-2%~28%,0.1765,0.10874566133770154,0.026607538802660757,0.25894736842105265,64,0.31916666666666665,True,C 弱/不显著
放量倍数,1.1414582861434641,79,0.4177215189873418,0.24050632911392406,-0.04088470287968327,80,0.4125,0.35,-0.03027408464124871,-13%~14%,0.9944999999999999,1.0,-0.01043478260869568,0.018181818181818188,64,0.9945,False,C 弱/不显著
成交占比分位,0.9293333333333333,78,0.5128205128205128,0.2564102564102564,-0.06071314990210856,81,0.32098765432098764,0.3333333333333333,-0.011311019832474163,3%~34%,0.0395,0.016235754991779587,0.20689655172413796,0.13369565217391305,64,0.145,True,C 弱/不显著
偏离20日线,0.06747130210366725,79,0.43037974683544306,0.2911392405063291,-0.042550934536426464,80,0.4,0.3,-0.0286286808802148,-10%~17%,0.7074999999999999,0.7487311709139681,-0.015631784628745093,0.10909090909090907,64,0.786111111111111,False,C 弱/不显著
距RS高点天数,2.0,72,0.4722222222222222,0.3194444444444444,-0.023029500213237204,87,0.367816091954023,0.27586206896551724,-0.04590453199358387,-3%~23%,0.1915,0.19914648992734518,0.13756613756613756,0.04545454545454547,64,0.31916666666666665,True,C 弱/不显著
前60日大跌次数,1.0,55,0.32727272727272727,0.32727272727272727,-0.035203704384597,104,0.46153846153846156,0.27884615384615385,-0.03572706305425039,-26%~0%,0.1045,0.12811950128561003,-0.0895129442738043,-0.1764705882352941,64,0.26125,True,C 弱/不显著
