口径,日期,行业,当日跌幅,市场当日涨跌,前60日超额,放量倍数,成交占比分位,距RS高点天数,前60日大跌次数,次日涨跌,L0_20日超额,L0_60日超额,20日内收复,结果
跌幅≥10%,2016-01-07,综合,-0.1000185530527824,-0.08990657076689745,0.13662501260480608,0.1871520933175504,0.636,26.0,3.0,-0.00039015905643291493,-0.03071675243587857,0.016047255357977908,0.0,中性
跌幅≥10%,2020-02-03,电子,-0.10268968801247425,-0.0900369157681159,0.20061653377497235,0.3829750066601911,0.9733333333333334,1.0,0.0,0.01278594985080872,0.055403092805713205,-0.0600957491246602,1.0,机会
跌幅≥3σ,2015-01-19,钢铁,-0.08398834029949143,-0.04941177145547471,0.1817879151655093,0.8676357797258103,0.6186666666666667,17.0,1.0,0.02963095256064796,0.011374296790093608,0.10746964532317893,1.0,机会
跌幅≥3σ,2015-01-19,房地产,-0.0762033631250727,-0.04941177145547471,0.19457929100593652,1.0152701704987248,0.4186666666666667,9.0,1.0,0.036364265665825624,-0.008774197907558179,-0.004503619826867755,1.0,趋势结束
跌幅≥3σ,2015-01-19,银行,-0.09968497673167209,-0.04941177145547471,0.45501135203495036,1.0564701252546636,0.988,9.0,1.0,0.0018625534649667763,-0.13939721618844259,-0.32465048343173586,0.0,趋势结束
跌幅≥3σ,2015-04-15,电子,-0.05286934287301648,-0.03214210710816501,0.16761016232688064,1.0925088702102759,0.49733333333333335,5.0,0.0,0.004347732614722766,0.027894744027992413,0.06855402531367016,1.0,机会
跌幅≥3σ,2015-08-24,银行,-0.09115476739815909,-0.09760380264851942,0.12782180253798348,1.6690942392065322,0.208,32.0,3.0,-0.06503649978232628,0.16237417144574562,-0.034015613009620305,1.0,机会
跌幅≥3σ,2015-11-27,社会服务,-0.06743854549540396,-0.0695157893511561,0.21761260115073,1.12951560506584,0.6933333333333334,0.0,4.0,0.007056903918766677,0.022488140055712424,-0.03491770487805845,1.0,机会
跌幅≥3σ,2015-11-27,电力设备,-0.06898144426422548,-0.0695157893511561,0.1026741104692066,1.081761016846082,0.896,4.0,5.0,0.016783726207526106,-0.023245640161018155,-0.023072751385059265,0.0,中性
跌幅≥3σ,2015-11-27,美容护理,-0.06193508693299943,-0.0695157893511561,0.2378496661770355,1.0486142459137293,0.848,17.0,4.0,-0.0026075089231885062,0.15139689015108915,0.19808404990079753,1.0,机会
跌幅≥3σ,2016-01-04,电子,-0.09287199725921358,-0.08829201408428622,0.14792913864321555,0.808485183654033,0.864,1.0,2.0,-0.02139825173408605,-0.010142670972643542,0.010760493327122034,0.0,中性
跌幅≥3σ,2016-01-04,社会服务,-0.09301272306085673,-0.08829201408428622,0.1423301698550432,0.7151481820858401,0.448,9.0,2.0,-0.033358720192305125,-0.033374601922078306,-0.02095100906719638,0.0,趋势结束
跌幅≥3σ,2016-01-04,综合,-0.0951024135541505,-0.08829201408428622,0.19912940885390862,0.7567954780912433,0.6626666666666666,23.0,2.0,-0.03425916614614566,-0.0664437814481752,-0.02469465427153439,0.0,趋势结束
跌幅≥3σ,2016-01-04,计算机,-0.09772306615518833,-0.08829201408428622,0.19568705882904802,0.7039277816563867,0.932,10.0,2.0,-0.04706780314275283,-0.052421752816528944,-0.041326515178032985,0.0,趋势结束
跌幅≥3σ,2016-01-04,美容护理,-0.0890338632575367,-0.08829201408428622,0.3784606437607496,0.7302681193342954,0.6386666666666667,3.0,2.0,-0.0018182607227065217,0.06723841479508708,0.034089310751455826,0.0,中性
跌幅≥3σ,2016-06-13,电子,-0.06590528208258839,-0.05164583829503355,0.10180439280538889,1.2919803416460878,0.992,4.0,1.0,0.0033570550656458753,0.012132495191555348,-0.004499861222332147,1.0,机会
跌幅≥3σ,2016-09-12,建筑材料,-0.027379784094888282,-0.03242418087974619,0.10144808986472476,1.1676099418766228,0.9946666666666667,0.0,0.0,0.017992596309817532,0.0009273338261652775,0.05061280760118292,1.0,机会
跌幅≥3σ,2016-09-12,煤炭,-0.04239719203968084,-0.03242418087974619,0.16214930715543852,1.0972253804546763,0.664,22.0,0.0,0.0071972130545314705,0.052796331342310765,0.07053073443157554,1.0,机会
跌幅≥3σ,2016-12-12,美容护理,-0.039518209457486964,-0.05454397562711266,0.1225761841297568,1.1526497786884775,0.12133333333333333,23.0,0.0,0.013677499714438657,0.041275446133949734,0.04624902371461581,1.0,机会
跌幅≥3σ,2017-11-17,电子,-0.04661054370685591,-0.03414193885412775,0.15055911305909953,1.1597949185944996,0.9893333333333333,3.0,0.0,0.019899931132017823,-0.005657485342003499,-0.07251474168699412,0.0,趋势结束
跌幅≥3σ,2017-11-17,食品饮料,-0.031581021491129846,-0.03414193885412775,0.1191690846318263,1.7276849389246038,0.9946666666666667,0.0,0.0,-0.009449460967397627,-0.00490039484983984,0.05341770155545744,0.0,中性
跌幅≥3σ,2017-11-17,通信,-0.04713838521753344,-0.03414193885412775,0.10458873881376562,1.522074837639872,0.988,0.0,0.0,0.02582403221596863,-0.013927414139182304,-0.09481867334210692,0.0,中性
跌幅≥3σ,2017-11-23,家用电器,-0.03972199159798062,-0.026921758361596826,0.13377499419073946,1.0786401016245022,0.8986666666666666,1.0,0.0,0.003511319179952954,0.023888049611987427,0.10958875004128765,0.0,中性
跌幅≥3σ,2018-02-06,房地产,-0.05800052547592871,-0.05670073865598635,0.2156217718826574,0.9232605821847779,0.788,0.0,0.0,-0.04115745377484914,-0.1371814426755964,-0.1596829161200466,0.0,趋势结束
跌幅≥3σ,2018-02-09,煤炭,-0.08123376677431404,-0.04195178270793509,0.20277313602237856,1.1422469823013257,0.98,2.0,0.0,0.004078203094514121,-0.11839329253646058,-0.16729562203278525,1.0,趋势结束
跌幅≥3σ,2018-06-19,医药生物,-0.05806350437664021,-0.06813022656271339,0.10709620545311527,0.9347894448547506,0.9186666666666666,14.0,0.0,0.026491143931008043,0.04000758859823739,-0.02386143225119053,1.0,机会
跌幅≥3σ,2018-06-19,社会服务,-0.06724159289505538,-0.06813022656271339,0.14870433009675,1.1414582861434641,0.6573333333333333,2.0,1.0,0.006223373378377195,-1.315249895506021e-05,-0.05933032531255589,0.0,趋势结束
跌幅≥3σ,2018-09-11,钢铁,-0.05480102585554891,0.001126154638701804,0.10933795986843808,1.469249546894823,0.5546666666666666,23.0,1.0,-0.006788059707333871,0.06751961507101789,-0.06909126742808447,0.0,趋势结束
跌幅≥3σ,2018-10-11,公用事业,-0.05436832677025538,-0.0721226309262244,0.10640467182375646,1.498825427906764,0.8986666666666666,0.0,0.0,-0.01688145700119048,-0.04678915888626167,-0.06807936572003193,0.0,中性
跌幅≥3σ,2018-10-11,石油石化,-0.06925754013950336,-0.0721226309262244,0.19165765431996573,1.629731387586963,0.9773333333333334,0.0,0.0,0.001162516192431351,-0.08825246502875816,-0.1777476993361249,0.0,中性
跌幅≥3σ,2019-05-06,食品饮料,-0.06400336431347498,-0.07620544820905473,0.15052161162576105,1.4813801211845286,0.856,0.0,0.0,0.03057373292552734,0.02178441544773735,0.09353966907391986,1.0,机会
跌幅≥3σ,2020-02-03,电子,-0.10268968801247425,-0.0900369157681159,0.20061653377497235,0.3829750066601911,0.9733333333333334,1.0,0.0,0.01278594985080872,0.055403092805713205,-0.0600957491246602,1.0,机会
跌幅≥3σ,2020-07-16,食品饮料,-0.08093170046563425,-0.05412547361447706,0.22402510824506328,1.8083165035885904,0.492,0.0,0.0,0.010356278625103466,0.002073746315834901,0.0816791026519954,0.0,中性
跌幅≥3σ,2020-07-16,社会服务,-0.06797622187975794,-0.05412547361447706,0.21849200231082655,1.5972496479832712,0.9413333333333334,0.0,0.0,0.03080927042861492,0.040277829549628885,0.01747172551580034,1.0,机会
跌幅≥3σ,2020-07-16,美容护理,-0.06735491010734918,-0.05412547361447706,0.23031539080808194,1.2381834084155245,0.49733333333333335,18.0,0.0,0.01997204087746174,-0.016431259548940202,0.009147827556966082,1.0,中性
跌幅≥3σ,2021-06-08,食品饮料,-0.046408929181717906,-0.005583244992672598,0.21033982841005527,1.550628020574084,0.996,0.0,0.0,-0.001990075373602296,-0.08790914979751341,-0.2644683740239612,0.0,趋势结束
跌幅≥3σ,2021-09-01,有色金属,-0.06779986995736675,-0.0051505031492391495,0.4870138210734902,1.5379001091871962,0.992,0.0,1.0,0.02373061316016467,-0.12030205012266793,-0.08247208582383458,1.0,趋势结束
跌幅≥3σ,2022-01-25,房地产,-0.03519418883678893,-0.035583650627005414,0.15532101867091364,0.8598600389946678,0.5573333333333333,9.0,0.0,0.00020514890968637012,-0.052484503368436575,0.11083204677520209,0.0,中性
跌幅≥3σ,2022-03-15,煤炭,-0.08429528433115918,-0.04820773953549151,0.2648679417577806,1.0798224402889538,0.9146666666666666,5.0,2.0,0.023275741212739565,0.2935930321768052,0.3122169184188781,1.0,机会
跌幅≥3σ,2022-03-15,石油石化,-0.07263794009391311,-0.04820773953549151,0.1641494880150869,0.8769172290755,0.848,7.0,0.0,0.027851335676306377,0.07906260557272882,0.16688665051756235,1.0,机会
跌幅≥3σ,2022-04-25,银行,-0.04337473068748143,-0.07242121281302982,0.18626925189984145,1.6149577710960343,0.8706666666666667,0.0,0.0,-0.011022578123568327,-0.15824422167020613,-0.3067141295705592,0.0,中性
跌幅≥3σ,2022-04-25,石油石化,-0.05682984654141299,-0.07242121281302982,0.1321013122710598,2.467386870434531,0.9733333333333334,0.0,1.0,-0.04833989921523685,-0.013559483814646667,-0.11860721708720612,1.0,中性
跌幅≥3σ,2023-06-21,计算机,-0.04926721318583527,-0.02129157385204028,0.13685076652711825,1.1997291282163174,0.988,0.0,2.0,-0.06188101358556419,-0.11489733811868441,-0.12321774545390018,0.0,趋势结束
跌幅≥3σ,2023-06-21,传媒,-0.06834355072172849,-0.02129157385204028,0.25835632055797675,1.0704909064334123,0.972,4.0,0.0,-0.05881496870880265,-0.09859685154569653,-0.14552322387383643,0.0,趋势结束
跌幅≥3σ,2023-10-19,银行,-0.022772299583198707,-0.011560957548707007,0.13567524121897057,1.3531846085140606,0.452,0.0,0.0,-0.0022112716170540336,-0.08308306286870004,-0.00903757142815198,0.0,中性
跌幅≥3σ,2023-12-22,传媒,-0.08920092034606253,-0.014672037024324736,0.16337390416251707,1.268604360243756,0.9346666666666666,4.0,0.0,-0.020552102547058748,-0.03695950514571045,0.03564194428628642,0.0,中性
跌幅≥3σ,2024-04-16,有色金属,-0.05694341071195652,-0.05070259989258774,0.15471300377025576,1.0881860521191904,0.756,1.0,2.0,0.03512546758123536,-0.0594259909828323,-0.02382791896217884,0.0,趋势结束
跌幅≥3σ,2024-04-22,煤炭,-0.048892609892738914,-0.008050298009693035,0.17171227984612625,1.3075728002658933,0.592,46.0,0.0,-0.026798002998955628,-0.012828270011051801,-0.04516105315851371,1.0,趋势结束
跌幅≥3σ,2024-08-29,银行,-0.03160152726669063,0.013212932715362724,0.1870077887912468,1.6604095529264338,0.9733333333333334,1.0,0.0,-0.021084816684040608,-0.1749380170207151,-0.340482424029638,1.0,趋势结束
跌幅≥3σ,2024-12-17,轻工制造,-0.046977797955992995,-0.02288617593367981,0.16070555739830028,1.0445393682297495,0.9813333333333333,1.0,1.0,-0.0014988008660498098,-0.04769602811140272,-0.08252850678216095,0.0,趋势结束
跌幅≥3σ,2024-12-17,商贸零售,-0.058945605218506114,-0.02288617593367981,0.3080627103178406,1.1400205844289468,1.0,0.0,1.0,0.00721872339616203,-0.043898030988484216,-0.10834140943646098,0.0,趋势结束
跌幅≥3σ,2025-01-03,综合,-0.06325493901321055,-0.032790217299255575,0.13806719139733992,0.847533063514924,0.512,44.0,4.0,-0.017479988168739857,0.12659687537785813,0.0338588158359312,1.0,机会
跌幅≥3σ,2025-06-24,石油石化,-0.036954539019921295,0.020630323384903893,0.11759050698423856,1.6611544880762827,0.992,2.0,1.0,-0.009193239444463153,-0.030859715704063317,-0.20089900742174716,1.0,趋势结束
跌幅≥3σ,2025-06-27,银行,-0.028475626167140833,0.0036444957518062537,0.14635633956570415,1.8167187346539082,0.7573333333333333,4.0,0.0,-0.003395531758088488,-0.060852534844411776,-0.25831065867553715,1.0,趋势结束
跌幅≥3σ,2025-10-17,电力设备,-0.05313739778550397,-0.028765554340381416,0.1598153937757676,0.8760194010543303,0.9333333333333333,5.0,0.0,0.016381370720802257,0.06751189060768126,-0.010495579355960682,1.0,机会
跌幅≥3σ,2026-01-30,有色金属,-0.06932757965790137,-0.006917072006549896,0.35833699564404475,1.3465785120741562,1.0,0.0,1.0,-0.06730745594434251,-0.014431665533826576,-0.05187265109541839,1.0,趋势结束
跌幅≥3σ,2026-03-03,国防军工,-0.06800770334141049,-0.038594024394654314,0.2355537545569435,1.2689661047406438,0.9706666666666667,0.0,1.0,0.028065797602522924,-0.05868544613955562,-0.20300102477982085,0.0,中性
跌幅≥4σ,2015-08-24,银行,-0.09115476739815909,-0.09760380264851942,0.12782180253798348,1.6690942392065322,0.208,32.0,3.0,-0.06503649978232628,0.16237417144574562,-0.034015613009620305,1.0,机会
跌幅≥4σ,2015-11-27,美容护理,-0.06193508693299943,-0.0695157893511561,0.2378496661770355,1.0486142459137293,0.848,17.0,4.0,-0.0026075089231885062,0.15139689015108915,0.19808404990079753,1.0,机会
跌幅≥4σ,2016-01-04,电子,-0.09287199725921358,-0.08829201408428622,0.14792913864321555,0.808485183654033,0.864,1.0,2.0,-0.02139825173408605,-0.010142670972643542,0.010760493327122034,0.0,中性
跌幅≥4σ,2016-01-04,社会服务,-0.09301272306085673,-0.08829201408428622,0.1423301698550432,0.7151481820858401,0.448,9.0,2.0,-0.033358720192305125,-0.033374601922078306,-0.02095100906719638,0.0,趋势结束
跌幅≥4σ,2016-01-04,综合,-0.0951024135541505,-0.08829201408428622,0.19912940885390862,0.7567954780912433,0.6626666666666666,23.0,2.0,-0.03425916614614566,-0.0664437814481752,-0.02469465427153439,0.0,趋势结束
跌幅≥4σ,2016-01-04,计算机,-0.09772306615518833,-0.08829201408428622,0.19568705882904802,0.7039277816563867,0.932,10.0,2.0,-0.04706780314275283,-0.052421752816528944,-0.041326515178032985,0.0,趋势结束
跌幅≥4σ,2016-01-04,美容护理,-0.0890338632575367,-0.08829201408428622,0.3784606437607496,0.7302681193342954,0.6386666666666667,3.0,2.0,-0.0018182607227065217,0.06723841479508708,0.034089310751455826,0.0,中性
跌幅≥4σ,2016-12-12,美容护理,-0.039518209457486964,-0.05454397562711266,0.1225761841297568,1.1526497786884775,0.12133333333333333,23.0,0.0,0.013677499714438657,0.041275446133949734,0.04624902371461581,1.0,机会
跌幅≥4σ,2017-11-17,通信,-0.04713838521753344,-0.03414193885412775,0.10458873881376562,1.522074837639872,0.988,0.0,0.0,0.02582403221596863,-0.013927414139182304,-0.09481867334210692,0.0,中性
跌幅≥4σ,2018-06-19,社会服务,-0.06724159289505538,-0.06813022656271339,0.14870433009675,1.1414582861434641,0.6573333333333333,2.0,1.0,0.006223373378377195,-1.315249895506021e-05,-0.05933032531255589,0.0,趋势结束
跌幅≥4σ,2018-10-11,公用事业,-0.05436832677025538,-0.0721226309262244,0.10640467182375646,1.498825427906764,0.8986666666666666,0.0,0.0,-0.01688145700119048,-0.04678915888626167,-0.06807936572003193,0.0,中性
跌幅≥4σ,2018-10-11,石油石化,-0.06925754013950336,-0.0721226309262244,0.19165765431996573,1.629731387586963,0.9773333333333334,0.0,0.0,0.001162516192431351,-0.08825246502875816,-0.1777476993361249,0.0,中性
跌幅≥4σ,2019-05-06,食品饮料,-0.06400336431347498,-0.07620544820905473,0.15052161162576105,1.4813801211845286,0.856,0.0,0.0,0.03057373292552734,0.02178441544773735,0.09353966907391986,1.0,机会
跌幅≥4σ,2020-02-03,电子,-0.10268968801247425,-0.0900369157681159,0.20061653377497235,0.3829750066601911,0.9733333333333334,1.0,0.0,0.01278594985080872,0.055403092805713205,-0.0600957491246602,1.0,机会
跌幅≥4σ,2020-07-16,食品饮料,-0.08093170046563425,-0.05412547361447706,0.22402510824506328,1.8083165035885904,0.492,0.0,0.0,0.010356278625103466,0.002073746315834901,0.0816791026519954,0.0,中性
跌幅≥4σ,2020-07-16,社会服务,-0.06797622187975794,-0.05412547361447706,0.21849200231082655,1.5972496479832712,0.9413333333333334,0.0,0.0,0.03080927042861492,0.040277829549628885,0.01747172551580034,1.0,机会
跌幅≥4σ,2023-10-19,银行,-0.022772299583198707,-0.011560957548707007,0.13567524121897057,1.3531846085140606,0.452,0.0,0.0,-0.0022112716170540336,-0.08308306286870004,-0.00903757142815198,0.0,中性
跌幅≥4σ,2024-08-29,银行,-0.03160152726669063,0.013212932715362724,0.1870077887912468,1.6604095529264338,0.9733333333333334,1.0,0.0,-0.021084816684040608,-0.1749380170207151,-0.340482424029638,1.0,趋势结束
跌幅≥4σ,2025-06-27,银行,-0.028475626167140833,0.0036444957518062537,0.14635633956570415,1.8167187346539082,0.7573333333333333,4.0,0.0,-0.003395531758088488,-0.060852534844411776,-0.25831065867553715,1.0,趋势结束
跌幅≥5%,2015-01-19,钢铁,-0.08398834029949143,-0.04941177145547471,0.1817879151655093,0.8676357797258103,0.6186666666666667,17.0,1.0,0.02963095256064796,0.011374296790093608,0.10746964532317893,1.0,机会
跌幅≥5%,2015-01-19,房地产,-0.0762033631250727,-0.04941177145547471,0.19457929100593652,1.0152701704987248,0.4186666666666667,9.0,1.0,0.036364265665825624,-0.008774197907558179,-0.004503619826867755,1.0,趋势结束
跌幅≥5%,2015-01-19,建筑装饰,-0.07556390574028504,-0.04941177145547471,0.29036418825856414,0.7040631244093628,0.9133333333333333,12.0,0.0,0.025521126052094667,-0.04819749967924403,0.21165966073490083,1.0,中性
跌幅≥5%,2015-01-19,银行,-0.09968497673167209,-0.04941177145547471,0.45501135203495036,1.0564701252546636,0.988,9.0,1.0,0.0018625534649667763,-0.13939721618844259,-0.32465048343173586,0.0,趋势结束
跌幅≥5%,2015-01-19,非银金融,-0.09599725539517623,-0.04941177145547471,0.8530419424195386,0.5613897091698362,0.9826666666666667,10.0,3.0,-0.043321008397401384,-0.05255058196551188,-0.1997244013233883,0.0,趋势结束
跌幅≥5%,2015-03-26,计算机,-0.05466068720470507,-0.007860673849445665,0.6176690735255319,1.5359512575985599,0.7666666666666667,0.0,0.0,0.009422866572304844,-0.04881600245724704,0.0787908503080137,1.0,中性
跌幅≥5%,2015-04-15,电子,-0.05286934287301648,-0.03214210710816501,0.16761016232688064,1.0925088702102759,0.49733333333333335,5.0,0.0,0.004347732614722766,0.027894744027992413,0.06855402531367016,1.0,机会
跌幅≥5%,2015-04-15,社会服务,-0.05240500854115171,-0.03214210710816501,0.24969531403388912,1.0466526381275647,0.352,13.0,0.0,0.009735046557379778,0.08943838304992147,-0.024885308901535175,1.0,机会
跌幅≥5%,2015-04-15,计算机,-0.05717907055376348,-0.03214210710816501,0.45820921235324175,0.8449525699998601,0.44133333333333336,13.0,1.0,0.015255825571776294,0.16715651505507223,-0.01731640285587477,1.0,机会
跌幅≥5%,2015-05-05,建筑装饰,-0.05967571907458502,-0.037010278226280335,0.35834831601914874,1.1746129393676328,0.992,0.0,0.0,-0.03481730733337951,-0.20738901672674914,-0.16613595538727044,1.0,趋势结束
跌幅≥5%,2015-05-28,纺织服饰,-0.06867953989288511,-0.06958374897934727,0.3011883958459902,1.7413347931631824,0.892,0.0,0.0,0.00846967393907816,0.03250258104847081,0.09075347410165102,1.0,机会
跌幅≥5%,2015-05-28,轻工制造,-0.05508361886220503,-0.06958374897934727,0.3795493671794816,1.723662994715882,0.48533333333333334,0.0,0.0,0.008948075766125108,0.05168910632518353,0.08598985592434549,1.0,机会
跌幅≥5%,2015-05-28,社会服务,-0.056388122789391426,-0.06958374897934727,0.3627826850119946,1.8290984823355894,0.6093333333333333,0.0,1.0,0.015390405421457087,-0.051472448359041856,-0.0027921455806269035,1.0,中性
跌幅≥5%,2015-05-28,计算机,-0.06125390544690357,-0.06958374897934727,0.3508291795699303,1.381114357043483,0.6386666666666667,4.0,2.0,0.031455889804366866,-0.09243248287493588,-0.10025114870126262,1.0,中性
跌幅≥5%,2015-05-28,通信,-0.058999292619937416,-0.06958374897934727,0.3314065992233399,1.5891777723370537,0.49466666666666664,4.0,0.0,0.011259450993166276,-0.060940115565625064,0.004658178103976063,1.0,中性
跌幅≥5%,2015-06-15,计算机,-0.05017044663539727,-0.02087799857597661,0.28210811069282027,0.8549411519237141,0.3973333333333333,7.0,3.0,-0.05197825743913498,-0.038760599871336066,-0.093495116507888,0.0,趋势结束
跌幅≥5%,2015-06-16,电力设备,-0.052449240900762306,-0.0409509260522527,0.2212677544366124,0.915207959687594,0.844,6.0,1.0,0.021948204675931837,-0.04229411006645212,-0.02803798468203278,0.0,趋势结束
跌幅≥5%,2015-06-16,国防军工,-0.07458370506326006,-0.0409509260522527,0.21975369849877335,0.5532949758870068,0.424,14.0,2.0,0.009127725160507971,-0.04626576398586124,-0.020566416570598434,0.0,中性
跌幅≥5%,2015-06-19,基础化工,-0.08625149918133024,-0.07318183273453294,0.1642750623871525,0.6554659394304636,0.47333333333333333,0.0,1.0,-0.001056284389200468,-0.04075292822275145,-0.03198870898108219,0.0,趋势结束
跌幅≥5%,2015-06-19,纺织服饰,-0.07623729218210185,-0.07318183273453294,0.3536127896831145,0.6221855948868742,0.832,0.0,1.0,-0.012179536949331604,-0.040164303155127645,-0.007457612847714512,0.0,中性
跌幅≥5%,2015-06-19,轻工制造,-0.08149989775793343,-0.07318183273453294,0.39833916783101375,0.6899495300532107,0.744,0.0,1.0,-0.0155788780766275,-0.05120368674174547,-0.007611736781582001,0.0,中性
跌幅≥5%,2015-06-19,综合,-0.08660589789191142,-0.07318183273453294,0.2387391408134505,0.6868730168072981,0.708,0.0,1.0,-0.014968250823420681,-0.1136548448002771,-0.08650164563388574,0.0,趋势结束
跌幅≥5%,2015-06-26,电子,-0.09607676433949353,-0.09106012449170042,0.15440910394532859,0.6968718313452521,0.5946666666666667,16.0,3.0,-0.07986634687866978,0.04604428796707538,-0.018520750576528577,0.0,中性
跌幅≥5%,2015-06-26,公用事业,-0.09256368349540012,-0.09106012449170042,0.1688394298116911,0.9810818716356803,0.9933333333333333,0.0,3.0,-0.05712770473968509,-0.06169966664259785,-0.0022998779738260255,0.0,中性
跌幅≥5%,2015-07-01,交通运输,-0.07185635863316364,-0.06638981817949141,0.1295421399798442,0.9197445193716466,0.9253333333333333,1.0,4.0,-0.09402854460953891,-0.042926874589150454,0.0022776489880799167,0.0,中性
跌幅≥5%,2015-07-02,食品饮料,-0.07082240040794963,-0.06691201029645255,0.11536603644350629,0.7848205234415689,0.4013333333333333,2.0,4.0,-0.07528521810226962,0.0019407673438719408,0.004713263695386605,1.0,机会
跌幅≥5%,2015-07-03,石油石化,-0.07289047225057943,-0.0748325227433676,0.10805178117531733,0.839108622345029,0.9293333333333333,0.0,4.0,-0.013108230810334631,-0.1360692922447141,-0.10470873674458059,0.0,中性
跌幅≥5%,2015-07-07,家用电器,-0.08553150135223575,-0.06558349137539154,0.10134236085611548,0.6355692621310637,0.672,2.0,7.0,-0.07601515097061484,0.02694835582386612,-0.043719100216135565,1.0,机会
跌幅≥5%,2015-07-08,银行,-0.061049669287003394,-0.0779141398005021,0.2766522361615793,2.2649401408785863,1.0,0.0,2.0,0.05236698456322064,-0.35908483982431283,-0.22856368005857874,1.0,趋势结束
跌幅≥5%,2015-07-15,电子,-0.0732239096581726,-0.05819362704428033,0.16455688353642206,1.0393103846559144,0.24133333333333334,0.0,9.0,0.017497631244702827,0.00342472386738657,-0.02353123889415132,1.0,机会
跌幅≥5%,2015-07-27,纺织服饰,-0.09280079597613866,-0.09230250610935797,0.19873762612806067,1.4361682287056965,0.992,25.0,11.0,-0.037740435481035006,0.0292845370236956,0.0022976139558472664,1.0,机会
跌幅≥5%,2015-07-27,传媒,-0.08489733714696912,-0.09230250610935797,0.16341008005647817,1.501091025492004,0.5306666666666666,1.0,13.0,-0.031244274332701716,-0.041079972376796725,-0.03289933643768983,1.0,中性
跌幅≥5%,2015-07-27,通信,-0.08821819960429877,-0.09230250610935797,0.17138065441455264,1.4248632150437095,0.556,0.0,9.0,-0.0464271379818707,-0.013110131796478353,0.0011001045931022801,1.0,中性
跌幅≥5%,2015-07-31,国防军工,-0.07707185664736227,-0.013159361008527992,0.15436399491893293,1.1704936605529945,0.9986666666666667,0.0,13.0,-0.09703045718107428,-0.045105435349080736,-0.1231173899709116,1.0,趋势结束
跌幅≥5%,2015-08-18,食品饮料,-0.08077993715763887,-0.08278548696045196,0.11307265195052374,1.0741574493121735,0.22,10.0,10.0,0.02552227657388606,0.007438818595439378,-0.08996862534225791,0.0,中性
跌幅≥5%,2015-08-18,纺织服饰,-0.09523014953305453,-0.08278548696045196,0.16234651877250716,1.1528011606372086,0.988,0.0,12.0,0.024841109169846387,-0.05016150877231784,-0.053686414032526164,0.0,趋势结束
跌幅≥5%,2015-08-18,公用事业,-0.09571405188802784,-0.08278548696045196,0.11158686177605104,1.408411622133165,0.984,0.0,11.0,0.026460883478893527,0.022052989765880993,-0.11585540492845936,0.0,中性
跌幅≥5%,2015-08-18,房地产,-0.08484115919271784,-0.08278548696045196,0.1289789291591591,1.5108754193825866,0.9386666666666666,0.0,10.0,0.02930972371444529,0.00562451575480305,-0.0240750042981005,0.0,中性
跌幅≥5%,2015-08-18,国防军工,-0.09985670628903387,-0.08278548696045196,0.11812030883225944,0.8141749152475914,0.856,12.0,14.0,0.00879514255812408,-0.12289066491292922,-0.18707104469130353,0.0,趋势结束
跌幅≥5%,2015-08-24,银行,-0.09115476739815909,-0.09760380264851942,0.12782180253798348,1.6690942392065322,0.208,32.0,3.0,-0.06503649978232628,0.16237417144574562,-0.034015613009620305,1.0,机会
跌幅≥5%,2015-10-21,轻工制造,-0.0779588541913151,-0.06371416579637235,0.12024079914109731,1.5986310142445055,0.8506666666666667,32.0,10.0,0.0458592326698668,0.021441088249176232,0.007927513414813792,1.0,机会
跌幅≥5%,2015-10-21,商贸零售,-0.0715024252041897,-0.06371416579637235,0.10930259958846233,2.3562352892728535,0.9466666666666667,38.0,11.0,0.06365566646781384,-0.07323552999646199,-0.0653301353675253,1.0,趋势结束
跌幅≥5%,2015-10-21,社会服务,-0.07302705897717954,-0.06371416579637235,0.14886489491013777,1.4742249297719197,0.7226666666666667,10.0,9.0,0.044144166389483264,0.06795825464951055,0.03939984536271457,1.0,机会
跌幅≥5%,2015-10-21,环保,-0.08333900675614114,-0.06371416579637235,0.11313635287889212,1.6870568650646065,0.5773333333333334,2.0,8.0,0.05833203851600621,0.07704530534030063,-0.03873644099699747,1.0,机会
跌幅≥5%,2015-11-27,社会服务,-0.06743854549540396,-0.0695157893511561,0.21761260115073,1.12951560506584,0.6933333333333334,0.0,4.0,0.007056903918766677,0.022488140055712424,-0.03491770487805845,1.0,机会
跌幅≥5%,2015-11-27,电力设备,-0.06898144426422548,-0.0695157893511561,0.1026741104692066,1.081761016846082,0.896,4.0,5.0,0.016783726207526106,-0.023245640161018155,-0.023072751385059265,0.0,中性
跌幅≥5%,2015-11-27,计算机,-0.07437668494707994,-0.0695157893511561,0.22572471195417854,1.0131260243841562,0.9266666666666666,1.0,7.0,0.0067471365308451325,0.0064497236545773,-0.07882358110490995,1.0,机会
跌幅≥5%,2015-11-27,非银金融,-0.08170047015302362,-0.0695157893511561,0.103583028357215,0.8995388420230644,0.43466666666666665,14.0,2.0,-0.00787556149977986,0.012232863369933344,0.002389652882059945,1.0,机会
跌幅≥5%,2015-11-27,美容护理,-0.06193508693299943,-0.0695157893511561,0.2378496661770355,1.0486142459137293,0.848,17.0,4.0,-0.0026075089231885062,0.15139689015108915,0.19808404990079753,1.0,机会
跌幅≥5%,2016-01-04,电子,-0.09287199725921358,-0.08829201408428622,0.14792913864321555,0.808485183654033,0.864,1.0,2.0,-0.02139825173408605,-0.010142670972643542,0.010760493327122034,0.0,中性
跌幅≥5%,2016-01-04,社会服务,-0.09301272306085673,-0.08829201408428622,0.1423301698550432,0.7151481820858401,0.448,9.0,2.0,-0.033358720192305125,-0.033374601922078306,-0.02095100906719638,0.0,趋势结束
跌幅≥5%,2016-01-04,综合,-0.0951024135541505,-0.08829201408428622,0.19912940885390862,0.7567954780912433,0.6626666666666666,23.0,2.0,-0.03425916614614566,-0.0664437814481752,-0.02469465427153439,0.0,趋势结束
跌幅≥5%,2016-01-04,计算机,-0.09772306615518833,-0.08829201408428622,0.19568705882904802,0.7039277816563867,0.932,10.0,2.0,-0.04706780314275283,-0.052421752816528944,-0.041326515178032985,0.0,趋势结束
跌幅≥5%,2016-01-04,美容护理,-0.0890338632575367,-0.08829201408428622,0.3784606437607496,0.7302681193342954,0.6386666666666667,3.0,2.0,-0.0018182607227065217,0.06723841479508708,0.034089310751455826,0.0,中性
跌幅≥5%,2016-02-25,美容护理,-0.0811082599691183,-0.08528393942743628,0.2109438867809601,1.1086236775569644,0.6386666666666667,5.0,6.0,0.00786387788511722,-0.047033746982743985,-0.01130765543333645,0.0,趋势结束
跌幅≥5%,2016-03-09,钢铁,-0.05644936456104943,-0.02386968167531822,0.11059695086249266,1.0606751161140697,0.9786666666666667,36.0,7.0,-0.023063068033734813,-0.0846309957601108,-0.1259351871829344,0.0,趋势结束
跌幅≥5%,2016-03-09,有色金属,-0.06378909559542811,-0.02386968167531822,0.14615860797838431,1.037940991615685,0.9826666666666667,1.0,6.0,-0.02084366258039727,-0.03582620618413834,0.04003005526798176,1.0,中性
跌幅≥5%,2016-03-09,煤炭,-0.05932524708905318,-0.02386968167531822,0.1660299162153135,0.9139827036103876,0.9026666666666666,1.0,8.0,-0.027435625877724634,-0.09848138066694045,-0.19218892831938517,0.0,趋势结束
跌幅≥5%,2016-05-09,有色金属,-0.056601802690899095,-0.042298249159176016,0.14540757307236052,0.9430567821337503,0.9426666666666667,42.0,2.0,-0.015215461229070137,0.05091070139099996,0.08606696790334789,1.0,机会
跌幅≥5%,2016-06-13,电子,-0.06590528208258839,-0.05164583829503355,0.10180439280538889,1.2919803416460878,0.992,4.0,1.0,0.0033570550656458753,0.012132495191555348,-0.004499861222332147,1.0,机会
跌幅≥5%,2016-07-27,有色金属,-0.05351167714006766,-0.04641204142253019,0.1031584368443268,1.0269115839847522,0.8426666666666667,11.0,1.0,-0.0005820120308961396,-0.03707290811418307,-0.0748862875106383,0.0,趋势结束
跌幅≥5%,2017-08-11,钢铁,-0.061838437863173557,-0.018811659192825125,0.26455068982468943,1.2183099470217684,0.9893333333333333,1.0,0.0,0.01277157967328546,0.015792107326097593,-0.08336917736403837,1.0,机会
跌幅≥5%,2017-08-11,有色金属,-0.06171331610668851,-0.018811659192825125,0.28593733108422903,1.298594938712769,0.9946666666666667,1.0,0.0,0.02588744742671012,0.03938717674835268,-0.06875187217108003,1.0,机会
跌幅≥5%,2017-08-11,煤炭,-0.06788774870890912,-0.018811659192825125,0.4187808535482518,1.2961859434991203,0.9946666666666667,1.0,0.0,0.008732257069706817,0.05137001858062473,-0.10227406965126096,1.0,机会
跌幅≥5%,2018-02-06,钢铁,-0.050128349036645314,-0.05670073865598635,0.20162183378723242,1.5330045447843816,0.992,0.0,0.0,-0.01093250610641383,-0.1435496465326478,-0.2130758935528897,0.0,趋势结束
跌幅≥5%,2018-02-06,房地产,-0.05800052547592871,-0.05670073865598635,0.2156217718826574,0.9232605821847779,0.788,0.0,0.0,-0.04115745377484914,-0.1371814426755964,-0.1596829161200466,0.0,趋势结束
跌幅≥5%,2018-02-09,煤炭,-0.08123376677431404,-0.04195178270793509,0.20277313602237856,1.1422469823013257,0.98,2.0,0.0,0.004078203094514121,-0.11839329253646058,-0.16729562203278525,1.0,趋势结束
跌幅≥5%,2018-06-19,食品饮料,-0.05391157531242252,-0.06813022656271339,0.1661975615230996,1.1052402218215338,0.9653333333333334,2.0,0.0,0.02730311988967693,-0.003387319715248971,-0.058361335604095066,0.0,中性
跌幅≥5%,2018-06-19,医药生物,-0.05806350437664021,-0.06813022656271339,0.10709620545311527,0.9347894448547506,0.9186666666666666,14.0,0.0,0.026491143931008043,0.04000758859823739,-0.02386143225119053,1.0,机会
跌幅≥5%,2018-06-19,社会服务,-0.06724159289505538,-0.06813022656271339,0.14870433009675,1.1414582861434641,0.6573333333333333,2.0,1.0,0.006223373378377195,-1.315249895506021e-05,-0.05933032531255589,0.0,趋势结束
跌幅≥5%,2018-09-11,钢铁,-0.05480102585554891,0.001126154638701804,0.10933795986843808,1.469249546894823,0.5546666666666666,23.0,1.0,-0.006788059707333871,0.06751961507101789,-0.06909126742808447,0.0,趋势结束
跌幅≥5%,2018-10-11,钢铁,-0.061886033536699525,-0.0721226309262244,0.11024692251411883,1.4213609904219673,0.8986666666666666,39.0,1.0,0.02618080283169877,-0.035783047104699706,-0.1226713057554919,0.0,趋势结束
跌幅≥5%,2018-10-11,公用事业,-0.05436832677025538,-0.0721226309262244,0.10640467182375646,1.498825427906764,0.8986666666666666,0.0,0.0,-0.01688145700119048,-0.04678915888626167,-0.06807936572003193,0.0,中性
跌幅≥5%,2018-10-11,石油石化,-0.06925754013950336,-0.0721226309262244,0.19165765431996573,1.629731387586963,0.9773333333333334,0.0,0.0,0.001162516192431351,-0.08825246502875816,-0.1777476993361249,0.0,中性
跌幅≥5%,2018-10-18,煤炭,-0.052689778970512524,-0.03157066844955547,0.20676228975085786,1.0334774273112084,0.6613333333333333,3.0,0.0,0.015400334162603668,-0.07198513280321506,-0.10462589806196998,1.0,趋势结束
跌幅≥5%,2019-03-08,非银金融,-0.07619134263159355,-0.04292450740373477,0.1976732117283604,1.860297505058172,0.992,0.0,0.0,0.0046316630420837335,-0.03797796282028809,-0.01048775165175686,1.0,趋势结束
跌幅≥5%,2019-03-13,计算机,-0.05586256718265892,-0.02118311717046395,0.20779845579128042,1.821334238100427,0.956,0.0,0.0,-0.040087945891324916,-0.036191700623764644,-0.03666121319050597,1.0,趋势结束
跌幅≥5%,2019-03-13,通信,-0.05421557252532039,-0.02118311717046395,0.1630376887860845,1.2334477023558401,0.9106666666666666,0.0,0.0,-0.023615616788410287,-0.05528200086346513,0.029268011540198535,0.0,中性
跌幅≥5%,2019-03-14,农林牧渔,-0.056154663385957426,-0.022684832024640444,0.1626320725759145,1.1621166164964198,0.992,1.0,0.0,0.018540966441737083,0.05496915035287708,0.09741005924008417,1.0,机会
跌幅≥5%,2019-03-26,国防军工,-0.0630174479163288,-0.02444907131763696,0.10657948247719662,1.4527272689731292,0.992,50.0,0.0,-0.010145064369839418,-0.05825408889003891,-0.0012871555886575514,1.0,趋势结束
跌幅≥5%,2019-04-29,农林牧渔,-0.05554556605339689,-0.033393624690247425,0.1459959772259598,0.8556237860484353,0.9946666666666667,1.0,1.0,0.03769256547798072,0.10387132467028592,0.03456255102420691,0.0,中性
跌幅≥5%,2019-05-06,食品饮料,-0.06400336431347498,-0.07620544820905473,0.15052161162576105,1.4813801211845286,0.856,0.0,0.0,0.03057373292552734,0.02178441544773735,0.09353966907391986,1.0,机会
跌幅≥5%,2019-05-20,农林牧渔,-0.05179764989285873,-0.0045219697110859824,0.1682399502303602,0.979341864178689,0.9973333333333333,0.0,3.0,0.027415157512325594,0.023881753916938475,0.024053800108016277,1.0,机会
跌幅≥5%,2020-02-03,电子,-0.10268968801247425,-0.0900369157681159,0.20061653377497235,0.3829750066601911,0.9733333333333334,1.0,0.0,0.01278594985080872,0.055403092805713205,-0.0600957491246602,1.0,机会
跌幅≥5%,2020-02-26,电子,-0.06717827820009692,-0.024929434981332044,0.37234723099924416,1.5448145885584421,0.988,0.0,1.0,-0.021031178625096736,-0.10294851314122677,-0.079740940744369,0.0,趋势结束
跌幅≥5%,2020-02-26,通信,-0.05078726481718743,-0.024929434981332044,0.12056390018912966,1.8424449192529644,0.9173333333333333,0.0,1.0,-0.0038056688628106405,0.03976790679763942,-0.07534914376913482,0.0,中性
跌幅≥5%,2020-02-28,计算机,-0.07625639272037532,-0.056863376365160034,0.17887441504077084,1.1601973894566253,0.9693333333333334,3.0,1.0,0.04568547734346362,-0.027605159000537727,-0.06503327544809467,0.0,趋势结束
跌幅≥5%,2020-03-16,通信,-0.07936196536851337,-0.049010811348099925,0.1731590230695894,1.1573192992945942,0.9586666666666667,0.0,3.0,-0.01581823374442437,-0.06194639553435888,-0.13203294188972592,0.0,趋势结束
跌幅≥5%,2020-07-15,电子,-0.05698611585686564,-0.030293118185965695,0.16012105832085122,1.3690015221303888,0.7933333333333333,1.0,0.0,-0.06955823443759102,-0.019382160121318992,-0.04890197396613172,0.0,趋势结束
跌幅≥5%,2020-07-16,食品饮料,-0.08093170046563425,-0.05412547361447706,0.22402510824506328,1.8083165035885904,0.492,0.0,0.0,0.010356278625103466,0.002073746315834901,0.0816791026519954,0.0,中性
跌幅≥5%,2020-07-16,社会服务,-0.06797622187975794,-0.05412547361447706,0.21849200231082655,1.5972496479832712,0.9413333333333334,0.0,0.0,0.03080927042861492,0.040277829549628885,0.01747172551580034,1.0,机会
跌幅≥5%,2020-07-16,非银金融,-0.057145486928527056,-0.05412547361447706,0.12027463386921555,1.3689734503848674,0.932,5.0,0.0,-0.026982506116778326,-0.04936218010236215,-0.02884135230319984,0.0,趋势结束
跌幅≥5%,2020-07-16,美容护理,-0.06735491010734918,-0.05412547361447706,0.23031539080808194,1.2381834084155245,0.49733333333333335,18.0,0.0,0.01997204087746174,-0.016431259548940202,0.009147827556966082,1.0,中性
跌幅≥5%,2020-08-12,国防军工,-0.050016599214817714,-0.008259023594325954,0.28823036302021765,0.95290549065295,0.9933333333333333,2.0,0.0,0.015903382719105297,-0.0022260268831786334,-0.09118705541214123,1.0,趋势结束
跌幅≥5%,2020-09-10,国防军工,-0.05627497381746782,-0.026269839693557118,0.3081201320243969,0.8432570246328706,0.936,23.0,1.0,-0.0056804604657304525,0.021635898299974032,0.024149193705674143,1.0,机会
跌幅≥5%,2020-12-22,煤炭,-0.05082326544332327,-0.02052794165168048,0.11828541806455894,1.3472074645123597,0.932,1.0,1.0,0.027984972692635557,-0.050417125471905355,0.023172807167463727,1.0,中性
跌幅≥5%,2021-01-14,国防军工,-0.06649872217326647,-0.005538221085131578,0.18909060077856488,1.2937849954767313,0.984,4.0,0.0,-0.0074313491485468175,-0.12603239649879505,-0.16841081423099646,0.0,趋势结束
跌幅≥5%,2021-05-13,钢铁,-0.05004449825007451,-0.007965006129911245,0.33923138423764976,1.3096373464949727,0.9866666666666667,2.0,0.0,-0.0004405581975879258,-0.10490629205482982,-0.030605110587383466,0.0,趋势结束
跌幅≥5%,2021-05-13,煤炭,-0.050212632672066326,-0.007965006129911245,0.3210940979674908,1.3092251689283132,0.992,2.0,0.0,-0.017702156648924272,-0.032542745583264976,-0.011464263128742047,1.0,趋势结束
跌幅≥5%,2021-06-28,煤炭,-0.05531259840474734,0.006667214418638823,0.16553803013479174,1.380884081692764,0.9293333333333333,33.0,1.0,-0.016981925936998876,0.04389727610618421,0.49465259379689663,0.0,中性
跌幅≥5%,2021-07-27,电力设备,-0.05211280200739188,-0.02702879469060837,0.3275364562126597,1.3869967927455875,0.9746666666666667,0.0,0.0,-0.006167918909526504,0.07793953956690491,0.22558047301031592,1.0,机会
跌幅≥5%,2021-07-28,综合,-0.05679378069254337,-0.01619943571072513,0.17286198162527144,1.0899712898173877,0.196,11.0,0.0,0.034531117872263595,0.06604452769540159,-0.04919866498569281,1.0,机会
跌幅≥5%,2021-07-28,国防军工,-0.0677262902645912,-0.01619943571072513,0.18854045495097593,1.1970478186102056,0.92,0.0,1.0,0.044600525793682344,0.10788542347055241,0.032079231232969185,1.0,机会
跌幅≥5%,2021-08-03,有色金属,-0.05837336405325422,-0.00875834319534452,0.23262736577743914,1.0234265538290193,0.9773333333333334,1.0,0.0,0.05094442974568336,0.23557364501491018,-0.0166032095853621,1.0,机会
跌幅≥5%,2021-09-01,有色金属,-0.06779986995736675,-0.0051505031492391495,0.4870138210734902,1.5379001091871962,0.992,0.0,1.0,0.02373061316016467,-0.12030205012266793,-0.08247208582383458,1.0,趋势结束
跌幅≥5%,2021-09-16,有色金属,-0.05243809449223236,-0.020971053030625297,0.5328092294299802,1.0172489199202301,0.9773333333333334,11.0,2.0,-0.028057658890817794,-0.1001399526694503,-0.1359428995833153,0.0,趋势结束
跌幅≥5%,2021-09-17,煤炭,-0.06246397068368792,0.0007942940037748425,0.4653154732052336,1.2562496893129955,0.996,5.0,1.0,0.05028861215199942,-0.07045842082368692,-0.15617015957114233,0.0,趋势结束
跌幅≥5%,2021-09-24,钢铁,-0.05260110987822597,-0.010061321724087247,0.37593028177211596,0.8149307328562437,0.9453333333333334,8.0,0.0,-0.06149724319502892,-0.16199586150930267,-0.20470563979759582,0.0,趋势结束
跌幅≥5%,2021-09-27,基础化工,-0.053114017352339116,-0.019228056891438805,0.24009986894875324,0.8687237203689496,0.992,4.0,0.0,-0.004810578713929203,-0.015053058678381692,-0.09133841808740883,0.0,趋势结束
跌幅≥5%,2021-09-29,公用事业,-0.05050950197113058,-0.027579915841113967,0.3623866835340537,1.2914507884834006,1.0,0.0,0.0,0.03673293322532678,-0.08029052869729059,-0.08337633101185371,0.0,趋势结束
跌幅≥5%,2021-09-29,石油石化,-0.05871806558551318,-0.027579915841113967,0.2537041259571833,1.238592878391691,0.9906666666666667,0.0,0.0,0.012312351047431003,-0.11195487151202799,-0.1282979480544444,0.0,趋势结束
跌幅≥5%,2021-10-28,石油石化,-0.05557305190631667,-0.018530347415438908,0.17261286573040313,0.8106602107404544,0.6653333333333333,16.0,1.0,0.007073854950050418,-0.07327850719441487,-0.0014070578556162339,0.0,趋势结束
跌幅≥5%,2022-01-25,计算机,-0.0524617804169375,-0.035583650627005414,0.15115434192302935,1.164445754515531,0.8533333333333334,3.0,0.0,-0.004900288045231904,-0.059566287831130826,-0.1440323173413639,0.0,趋势结束
跌幅≥5%,2022-01-25,传媒,-0.06617072994663908,-0.035583650627005414,0.19633905894645476,0.8091753717326837,0.9106666666666666,13.0,0.0,-0.003322657274515417,-0.09375224169527008,-0.07399109157401351,0.0,趋势结束
跌幅≥5%,2022-03-08,煤炭,-0.05922444612781086,-0.030545103592596212,0.2917971442364393,1.1806678410567157,0.964,0.0,1.0,0.018111159170155933,0.08583604198411787,0.21930266674501153,1.0,机会
跌幅≥5%,2022-03-15,建筑装饰,-0.05006437591830071,-0.04820773953549151,0.12222956909703031,1.0537568383489913,0.92,16.0,0.0,0.026814944427339782,0.06769819558415957,0.00985598645462371,1.0,机会
跌幅≥5%,2022-03-15,石油石化,-0.07263794009391311,-0.04820773953549151,0.1641494880150869,0.8769172290755,0.848,7.0,0.0,0.027851335676306377,0.07906260557272882,0.16688665051756235,1.0,机会
跌幅≥5%,2022-04-20,煤炭,-0.05877389342218431,-0.018016268545070324,0.42015215663261585,1.1386119546657458,0.9946666666666667,3.0,3.0,-0.023654769121340125,-0.016322036305088217,-0.05807762502231695,0.0,中性
跌幅≥5%,2022-04-21,农林牧渔,-0.05310283840587304,-0.036159672746699734,0.20323097119167888,1.4094965137442543,0.9413333333333334,0.0,1.0,-0.043273393420892536,-0.08823590433948969,-0.17839786820047665,0.0,趋势结束
跌幅≥5%,2022-04-25,石油石化,-0.05682984654141299,-0.07242121281302982,0.1321013122710598,2.467386870434531,0.9733333333333334,0.0,1.0,-0.04833989921523685,-0.013559483814646667,-0.11860721708720612,1.0,中性
跌幅≥5%,2022-04-25,美容护理,-0.06442265401740443,-0.07242121281302982,0.11890250506789213,1.1984678114209217,0.7546666666666667,0.0,1.0,0.03043703575747103,-0.0873294608886217,-0.08323454535517083,1.0,中性
跌幅≥5%,2022-06-20,煤炭,-0.05282038557278457,0.00949056170856366,0.2314165621119384,1.277731475853133,0.8853333333333333,3.0,3.0,-0.0025220352389458967,-0.000690638838732216,0.121245585242166,1.0,中性
跌幅≥5%,2022-06-29,汽车,-0.06212107480326656,-0.024083867372382883,0.29530519524507404,1.5439030769827506,0.9973333333333333,0.0,2.0,-0.005318680917361873,0.03587470606616949,-0.015927865713503464,0.0,中性
跌幅≥5%,2022-09-26,石油石化,-0.05500577576272436,-0.013017724179596235,0.206231988614079,0.9157453166106524,0.948,0.0,0.0,-0.00525679173762672,-0.02306893377391772,-0.059029088563379406,0.0,中性
跌幅≥5%,2023-04-10,计算机,-0.05645564171927098,-0.009741877629460105,0.2996565048286659,1.2419294652806236,0.9853333333333333,2.0,0.0,0.015132864057626039,-0.012600365262376179,-0.027866360611582208,0.0,中性
跌幅≥5%,2023-04-21,电子,-0.05453132860168808,-0.026730836109651768,0.1311763937161614,1.1496667406906202,0.9746666666666667,10.0,0.0,-0.019399295407852457,-0.031220172972912907,-0.02034129602761614,0.0,趋势结束
跌幅≥5%,2023-06-21,传媒,-0.06834355072172849,-0.02129157385204028,0.25835632055797675,1.0704909064334123,0.972,4.0,0.0,-0.05881496870880265,-0.09859685154569653,-0.14552322387383643,0.0,趋势结束
跌幅≥5%,2023-08-31,房地产,-0.05172093515084675,-0.0059110660475261145,0.18255604750889687,1.231702888633177,0.9026666666666666,1.0,0.0,-0.0017179233421298346,-0.05669754497354529,-0.10162431236999636,0.0,趋势结束
跌幅≥5%,2023-12-22,传媒,-0.08920092034606253,-0.014672037024324736,0.16337390416251707,1.268604360243756,0.9346666666666666,4.0,0.0,-0.020552102547058748,-0.03695950514571045,0.03564194428628642,0.0,中性
跌幅≥5%,2024-02-28,通信,-0.06876114753159024,-0.050161772563364404,0.12569649183484766,1.8329359793285849,0.9693333333333334,0.0,2.0,0.049442550851724,0.01217614101531761,-0.002771176834464928,1.0,机会
跌幅≥5%,2024-04-16,有色金属,-0.05694341071195652,-0.05070259989258774,0.15471300377025576,1.0881860521191904,0.756,1.0,2.0,0.03512546758123536,-0.0594259909828323,-0.02382791896217884,0.0,趋势结束
跌幅≥5%,2024-04-16,通信,-0.0542587635622781,-0.05070259989258774,0.13669372108809186,0.7939004268480848,0.6973333333333334,17.0,3.0,0.06445468629176299,0.0031420315196397652,0.06888306417103951,1.0,机会
跌幅≥5%,2024-10-09,计算机,-0.05450418082643038,-0.07963207571723896,0.19603422974025686,4.174791994166113,0.5586666666666666,0.0,0.0,-0.0457063314181646,-0.005534066886333067,-0.010236922492229628,1.0,中性
跌幅≥5%,2024-10-09,非银金融,-0.06786548639423051,-0.07963207571723896,0.31099494357514,6.360685068044598,0.9066666666666666,0.0,0.0,-0.04541366708231931,-0.05445715074475954,-0.10344715866551757,0.0,中性
跌幅≥5%,2024-10-17,房地产,-0.06012741910936692,-0.0007993955601962588,0.21093118695531632,1.4513821290205335,0.8853333333333333,0.0,1.0,0.01988212212490681,-0.0163244585492186,-0.09377677264288964,1.0,趋势结束
跌幅≥5%,2024-11-01,综合,-0.07046768123973446,-0.029976169325628077,1.4926644693158044,2.094911097555984,0.9693333333333334,0.0,0.0,0.05230123473621795,-0.14746169526596353,-0.28551844976663987,0.0,趋势结束
跌幅≥5%,2024-11-01,计算机,-0.07357044301243054,-0.029976169325628077,0.24337676383240892,1.079141129533565,0.892,8.0,1.0,0.02736621513275983,0.08504521984457725,0.04632482074449307,1.0,机会
跌幅≥5%,2024-11-15,综合,-0.06651328195249873,-0.02393409010574532,1.230920061645286,0.7138340328582713,0.896,10.0,1.0,-0.03714179581822563,-0.05029514611150954,-0.04707982523537224,0.0,趋势结束
跌幅≥5%,2024-11-18,计算机,-0.0647882770062077,-0.026026374535812025,0.34595329403371067,0.881860635850002,0.948,2.0,2.0,0.031921106263197885,0.03378071803809091,0.13383471789933088,1.0,机会
跌幅≥5%,2024-12-17,商贸零售,-0.058945605218506114,-0.02288617593367981,0.3080627103178406,1.1400205844289468,1.0,0.0,1.0,0.00721872339616203,-0.043898030988484216,-0.10834140943646098,0.0,趋势结束
跌幅≥5%,2024-12-17,综合,-0.055364624593991385,-0.02288617593367981,0.6648328949289601,0.84632720748711,0.936,32.0,3.0,0.008944020090372096,-0.06066908394419768,0.0026620192349764427,0.0,中性
跌幅≥5%,2024-12-17,传媒,-0.05406178177762966,-0.02288617593367981,0.22171270950838773,1.0863801928253674,0.9146666666666666,1.0,4.0,0.010572628534919692,-0.054629628101226735,-0.08741897063124082,0.0,趋势结束
跌幅≥5%,2025-01-03,商贸零售,-0.055724829863015524,-0.032790217299255575,0.2618514360314055,1.1003064347226739,0.9986666666666667,12.0,1.0,-0.03818660693337039,-0.08715621635494442,-0.05351606522615826,0.0,趋势结束
跌幅≥5%,2025-01-03,综合,-0.06325493901321055,-0.032790217299255575,0.13806719139733992,0.847533063514924,0.512,44.0,4.0,-0.017479988168739857,0.12659687537785813,0.0338588158359312,1.0,机会
跌幅≥5%,2025-02-28,计算机,-0.05578371694491402,-0.03661719352368531,0.10777646888583092,0.8924188752534397,0.92,4.0,1.0,-0.0007787833813032163,-0.04907932635898182,-0.0694298652184866,1.0,趋势结束
跌幅≥5%,2025-02-28,机械设备,-0.05000210844309472,-0.03661719352368531,0.12026011722238161,1.1453657576718346,0.9973333333333333,1.0,0.0,-0.0037916249524465595,0.005886839692659018,0.00039538972135877426,1.0,机会
跌幅≥5%,2025-09-02,通信,-0.056324180626163844,-0.02099263386954775,0.3257870664466751,1.484110536953803,0.9706666666666667,0.0,0.0,-0.008707951446913498,-0.031757741001725015,0.028928498692903704,0.0,中性
跌幅≥5%,2025-10-17,电力设备,-0.05313739778550397,-0.028765554340381416,0.1598153937757676,0.8760194010543303,0.9333333333333333,5.0,0.0,0.016381370720802257,0.06751189060768126,-0.010495579355960682,1.0,机会
跌幅≥5%,2025-11-21,有色金属,-0.057035689371277676,-0.03528630085660456,0.16938067108176513,0.8585626948296498,0.9733333333333334,28.0,0.0,0.0019668422793870377,0.040898090455183,0.2538126026139955,1.0,机会
跌幅≥5%,2025-11-21,电力设备,-0.05221261755733064,-0.03528630085660456,0.1381772521043776,0.7602653334474522,0.876,9.0,1.0,0.008974924051711408,-0.014567217394459098,0.008628423091459059,0.0,中性
跌幅≥5%,2026-01-13,国防军工,-0.05477480299814941,-0.017688783043836254,0.24057598498608512,1.7594254221832646,0.9533333333333334,0.0,0.0,-0.0031483515575343457,-0.016188598561595158,-0.07297414499852883,0.0,中性
跌幅≥5%,2026-01-30,有色金属,-0.06932757965790137,-0.006917072006549896,0.35833699564404475,1.3465785120741562,1.0,0.0,1.0,-0.06730745594434251,-0.014431665533826576,-0.05187265109541839,1.0,趋势结束
跌幅≥5%,2026-02-02,石油石化,-0.059603675388380184,-0.026330039525422677,0.16345723495303632,1.076999803110235,0.9866666666666667,1.0,0.0,0.0027032204866734855,0.14057642633033596,-0.10334509578120055,1.0,机会
跌幅≥5%,2026-03-03,有色金属,-0.06255561562364309,-0.038594024394654314,0.33826626222883127,1.2591192910161475,0.996,16.0,2.0,-0.003871575800617255,-0.08468875791969577,-0.1405250015874807,0.0,趋势结束
跌幅≥5%,2026-03-03,国防军工,-0.06800770334141049,-0.038594024394654314,0.2355537545569435,1.2689661047406438,0.9706666666666667,0.0,1.0,0.028065797602522924,-0.05868544613955562,-0.20300102477982085,0.0,中性
跌幅≥5%,2026-03-10,石油石化,-0.05567127885614631,0.018904904461811922,0.3506329426933359,1.3099820344027955,0.9973333333333333,4.0,1.0,0.009893251071450448,-0.06263818682426703,-0.1947221992002106,0.0,趋势结束
跌幅≥5%,2026-05-21,通信,-0.05260657641800348,-0.028776915279106863,0.27768541659326984,0.9935225945069286,0.9146666666666666,4.0,0.0,0.037773106369591636,0.17641452480627318,0.018860397398844708,1.0,机会
跌幅≥5%,2026-06-26,通信,-0.05545161843109203,-0.03113869292970972,0.3997711582908776,1.1194054905044837,0.96,0.0,1.0,-0.027524728255173936,-0.10299459436528424,-0.06863446171975252,0.0,趋势结束
跌幅≥5%,2026-07-02,电子,-0.0628219895818094,-0.025477885855005766,0.5935977965315988,1.1254300713769048,0.9973333333333333,1.0,0.0,-0.0021413096730567016,-0.1443889412915541,-0.10468067869196873,0.0,趋势结束
跌幅≥7%,2015-01-19,钢铁,-0.08398834029949143,-0.04941177145547471,0.1817879151655093,0.8676357797258103,0.6186666666666667,17.0,1.0,0.02963095256064796,0.011374296790093608,0.10746964532317893,1.0,机会
跌幅≥7%,2015-01-19,房地产,-0.0762033631250727,-0.04941177145547471,0.19457929100593652,1.0152701704987248,0.4186666666666667,9.0,1.0,0.036364265665825624,-0.008774197907558179,-0.004503619826867755,1.0,趋势结束
跌幅≥7%,2015-01-19,建筑装饰,-0.07556390574028504,-0.04941177145547471,0.29036418825856414,0.7040631244093628,0.9133333333333333,12.0,0.0,0.025521126052094667,-0.04819749967924403,0.21165966073490083,1.0,中性
跌幅≥7%,2015-01-19,银行,-0.09968497673167209,-0.04941177145547471,0.45501135203495036,1.0564701252546636,0.988,9.0,1.0,0.0018625534649667763,-0.13939721618844259,-0.32465048343173586,0.0,趋势结束
跌幅≥7%,2015-01-19,非银金融,-0.09599725539517623,-0.04941177145547471,0.8530419424195386,0.5613897091698362,0.9826666666666667,10.0,3.0,-0.043321008397401384,-0.05255058196551188,-0.1997244013233883,0.0,趋势结束
跌幅≥7%,2015-05-07,建筑装饰,-0.07342847194827373,-0.02369813037347035,0.3486233168611024,0.6841436368834378,0.9533333333333334,2.0,1.0,0.05037631017437594,-0.13421422353084678,-0.09199059498170847,1.0,趋势结束
跌幅≥7%,2015-06-16,国防军工,-0.07458370506326006,-0.0409509260522527,0.21975369849877335,0.5532949758870068,0.424,14.0,2.0,0.009127725160507971,-0.04626576398586124,-0.020566416570598434,0.0,中性
跌幅≥7%,2015-06-19,基础化工,-0.08625149918133024,-0.07318183273453294,0.1642750623871525,0.6554659394304636,0.47333333333333333,0.0,1.0,-0.001056284389200468,-0.04075292822275145,-0.03198870898108219,0.0,趋势结束
跌幅≥7%,2015-06-19,纺织服饰,-0.07623729218210185,-0.07318183273453294,0.3536127896831145,0.6221855948868742,0.832,0.0,1.0,-0.012179536949331604,-0.040164303155127645,-0.007457612847714512,0.0,中性
跌幅≥7%,2015-06-19,轻工制造,-0.08149989775793343,-0.07318183273453294,0.39833916783101375,0.6899495300532107,0.744,0.0,1.0,-0.0155788780766275,-0.05120368674174547,-0.007611736781582001,0.0,中性
跌幅≥7%,2015-06-19,综合,-0.08660589789191142,-0.07318183273453294,0.2387391408134505,0.6868730168072981,0.708,0.0,1.0,-0.014968250823420681,-0.1136548448002771,-0.08650164563388574,0.0,趋势结束
跌幅≥7%,2015-06-19,电力设备,-0.080247537053862,-0.07318183273453294,0.17351954758952148,0.6042275936879417,0.716,9.0,2.0,0.012214641914009228,-0.020326843770326453,-0.03389596995424393,0.0,趋势结束
跌幅≥7%,2015-06-26,电子,-0.09607676433949353,-0.09106012449170042,0.15440910394532859,0.6968718313452521,0.5946666666666667,16.0,3.0,-0.07986634687866978,0.04604428796707538,-0.018520750576528577,0.0,中性
跌幅≥7%,2015-06-26,公用事业,-0.09256368349540012,-0.09106012449170042,0.1688394298116911,0.9810818716356803,0.9933333333333333,0.0,3.0,-0.05712770473968509,-0.06169966664259785,-0.0022998779738260255,0.0,中性
跌幅≥7%,2015-07-01,交通运输,-0.07185635863316364,-0.06638981817949141,0.1295421399798442,0.9197445193716466,0.9253333333333333,1.0,4.0,-0.09402854460953891,-0.042926874589150454,0.0022776489880799167,0.0,中性
跌幅≥7%,2015-07-02,食品饮料,-0.07082240040794963,-0.06691201029645255,0.11536603644350629,0.7848205234415689,0.4013333333333333,2.0,4.0,-0.07528521810226962,0.0019407673438719408,0.004713263695386605,1.0,机会
跌幅≥7%,2015-07-03,石油石化,-0.07289047225057943,-0.0748325227433676,0.10805178117531733,0.839108622345029,0.9293333333333333,0.0,4.0,-0.013108230810334631,-0.1360692922447141,-0.10470873674458059,0.0,中性
跌幅≥7%,2015-07-07,家用电器,-0.08553150135223575,-0.06558349137539154,0.10134236085611548,0.6355692621310637,0.672,2.0,7.0,-0.07601515097061484,0.02694835582386612,-0.043719100216135565,1.0,机会
跌幅≥7%,2015-07-15,电子,-0.0732239096581726,-0.05819362704428033,0.16455688353642206,1.0393103846559144,0.24133333333333334,0.0,9.0,0.017497631244702827,0.00342472386738657,-0.02353123889415132,1.0,机会
跌幅≥7%,2015-07-27,纺织服饰,-0.09280079597613866,-0.09230250610935797,0.19873762612806067,1.4361682287056965,0.992,25.0,11.0,-0.037740435481035006,0.0292845370236956,0.0022976139558472664,1.0,机会
跌幅≥7%,2015-07-27,轻工制造,-0.08021464867223327,-0.09230250610935797,0.2299248240488463,1.751315431813252,0.492,25.0,11.0,-0.04574498156534901,0.023891259817664712,0.029722726618428452,1.0,机会
跌幅≥7%,2015-07-27,传媒,-0.08489733714696912,-0.09230250610935797,0.16341008005647817,1.501091025492004,0.5306666666666666,1.0,13.0,-0.031244274332701716,-0.041079972376796725,-0.03289933643768983,1.0,中性
跌幅≥7%,2015-07-27,通信,-0.08821819960429877,-0.09230250610935797,0.17138065441455264,1.4248632150437095,0.556,0.0,9.0,-0.0464271379818707,-0.013110131796478353,0.0011001045931022801,1.0,中性
跌幅≥7%,2015-07-31,国防军工,-0.07707185664736227,-0.013159361008527992,0.15436399491893293,1.1704936605529945,0.9986666666666667,0.0,13.0,-0.09703045718107428,-0.045105435349080736,-0.1231173899709116,1.0,趋势结束
跌幅≥7%,2015-08-18,食品饮料,-0.08077993715763887,-0.08278548696045196,0.11307265195052374,1.0741574493121735,0.22,10.0,10.0,0.02552227657388606,0.007438818595439378,-0.08996862534225791,0.0,中性
跌幅≥7%,2015-08-18,纺织服饰,-0.09523014953305453,-0.08278548696045196,0.16234651877250716,1.1528011606372086,0.988,0.0,12.0,0.024841109169846387,-0.05016150877231784,-0.053686414032526164,0.0,趋势结束
跌幅≥7%,2015-08-18,公用事业,-0.09571405188802784,-0.08278548696045196,0.11158686177605104,1.408411622133165,0.984,0.0,11.0,0.026460883478893527,0.022052989765880993,-0.11585540492845936,0.0,中性
跌幅≥7%,2015-08-18,房地产,-0.08484115919271784,-0.08278548696045196,0.1289789291591591,1.5108754193825866,0.9386666666666666,0.0,10.0,0.02930972371444529,0.00562451575480305,-0.0240750042981005,0.0,中性
跌幅≥7%,2015-08-18,国防军工,-0.09985670628903387,-0.08278548696045196,0.11812030883225944,0.8141749152475914,0.856,12.0,14.0,0.00879514255812408,-0.12289066491292922,-0.18707104469130353,0.0,趋势结束
跌幅≥7%,2015-08-24,银行,-0.09115476739815909,-0.09760380264851942,0.12782180253798348,1.6690942392065322,0.208,32.0,3.0,-0.06503649978232628,0.16237417144574562,-0.034015613009620305,1.0,机会
跌幅≥7%,2015-10-21,轻工制造,-0.0779588541913151,-0.06371416579637235,0.12024079914109731,1.5986310142445055,0.8506666666666667,32.0,10.0,0.0458592326698668,0.021441088249176232,0.007927513414813792,1.0,机会
跌幅≥7%,2015-10-21,商贸零售,-0.0715024252041897,-0.06371416579637235,0.10930259958846233,2.3562352892728535,0.9466666666666667,38.0,11.0,0.06365566646781384,-0.07323552999646199,-0.0653301353675253,1.0,趋势结束
跌幅≥7%,2015-10-21,社会服务,-0.07302705897717954,-0.06371416579637235,0.14886489491013777,1.4742249297719197,0.7226666666666667,10.0,9.0,0.044144166389483264,0.06795825464951055,0.03939984536271457,1.0,机会
跌幅≥7%,2015-10-21,环保,-0.08333900675614114,-0.06371416579637235,0.11313635287889212,1.6870568650646065,0.5773333333333334,2.0,8.0,0.05833203851600621,0.07704530534030063,-0.03873644099699747,1.0,机会
跌幅≥7%,2015-11-27,计算机,-0.07437668494707994,-0.0695157893511561,0.22572471195417854,1.0131260243841562,0.9266666666666666,1.0,7.0,0.0067471365308451325,0.0064497236545773,-0.07882358110490995,1.0,机会
跌幅≥7%,2015-11-27,非银金融,-0.08170047015302362,-0.0695157893511561,0.103583028357215,0.8995388420230644,0.43466666666666665,14.0,2.0,-0.00787556149977986,0.012232863369933344,0.002389652882059945,1.0,机会
跌幅≥7%,2016-01-04,电子,-0.09287199725921358,-0.08829201408428622,0.14792913864321555,0.808485183654033,0.864,1.0,2.0,-0.02139825173408605,-0.010142670972643542,0.010760493327122034,0.0,中性
跌幅≥7%,2016-01-04,社会服务,-0.09301272306085673,-0.08829201408428622,0.1423301698550432,0.7151481820858401,0.448,9.0,2.0,-0.033358720192305125,-0.033374601922078306,-0.02095100906719638,0.0,趋势结束
跌幅≥7%,2016-01-04,综合,-0.0951024135541505,-0.08829201408428622,0.19912940885390862,0.7567954780912433,0.6626666666666666,23.0,2.0,-0.03425916614614566,-0.0664437814481752,-0.02469465427153439,0.0,趋势结束
跌幅≥7%,2016-01-04,计算机,-0.09772306615518833,-0.08829201408428622,0.19568705882904802,0.7039277816563867,0.932,10.0,2.0,-0.04706780314275283,-0.052421752816528944,-0.041326515178032985,0.0,趋势结束
跌幅≥7%,2016-01-04,美容护理,-0.0890338632575367,-0.08829201408428622,0.3784606437607496,0.7302681193342954,0.6386666666666667,3.0,2.0,-0.0018182607227065217,0.06723841479508708,0.034089310751455826,0.0,中性
跌幅≥7%,2016-02-25,美容护理,-0.0811082599691183,-0.08528393942743628,0.2109438867809601,1.1086236775569644,0.6386666666666667,5.0,6.0,0.00786387788511722,-0.047033746982743985,-0.01130765543333645,0.0,趋势结束
跌幅≥7%,2018-02-09,煤炭,-0.08123376677431404,-0.04195178270793509,0.20277313602237856,1.1422469823013257,0.98,2.0,0.0,0.004078203094514121,-0.11839329253646058,-0.16729562203278525,1.0,趋势结束
跌幅≥7%,2019-03-08,非银金融,-0.07619134263159355,-0.04292450740373477,0.1976732117283604,1.860297505058172,0.992,0.0,0.0,0.0046316630420837335,-0.03797796282028809,-0.01048775165175686,1.0,趋势结束
跌幅≥7%,2020-02-03,电子,-0.10268968801247425,-0.0900369157681159,0.20061653377497235,0.3829750066601911,0.9733333333333334,1.0,0.0,0.01278594985080872,0.055403092805713205,-0.0600957491246602,1.0,机会
跌幅≥7%,2020-02-28,电子,-0.07027057592709185,-0.056863376365160034,0.2886987320012657,1.2190902557901089,0.9666666666666667,2.0,2.0,0.037852394495269115,-0.0946566244827145,-0.06141560075542429,0.0,趋势结束
跌幅≥7%,2020-02-28,计算机,-0.07625639272037532,-0.056863376365160034,0.17887441504077084,1.1601973894566253,0.9693333333333334,3.0,1.0,0.04568547734346362,-0.027605159000537727,-0.06503327544809467,0.0,趋势结束
跌幅≥7%,2020-03-16,通信,-0.07936196536851337,-0.049010811348099925,0.1731590230695894,1.1573192992945942,0.9586666666666667,0.0,3.0,-0.01581823374442437,-0.06194639553435888,-0.13203294188972592,0.0,趋势结束
跌幅≥7%,2020-07-16,食品饮料,-0.08093170046563425,-0.05412547361447706,0.22402510824506328,1.8083165035885904,0.492,0.0,0.0,0.010356278625103466,0.002073746315834901,0.0816791026519954,0.0,中性
跌幅≥7%,2021-01-26,国防军工,-0.0726239939171176,-0.016230745491415788,0.155020398194611,0.9368135869620177,0.932,12.0,1.0,-0.00987331695121152,-0.006500106238480963,-0.14484671855425924,0.0,趋势结束
跌幅≥7%,2021-10-20,煤炭,-0.07190348523860468,0.0012431377841966018,0.3723215707137708,0.7704760545491819,0.9986666666666667,21.0,4.0,0.030991695128911312,-0.19152312270514904,-0.05644682176074822,0.0,趋势结束
跌幅≥7%,2022-03-15,煤炭,-0.08429528433115918,-0.04820773953549151,0.2648679417577806,1.0798224402889538,0.9146666666666666,5.0,2.0,0.023275741212739565,0.2935930321768052,0.3122169184188781,1.0,机会
跌幅≥7%,2022-03-15,石油石化,-0.07263794009391311,-0.04820773953549151,0.1641494880150869,0.8769172290755,0.848,7.0,0.0,0.027851335676306377,0.07906260557272882,0.16688665051756235,1.0,机会
跌幅≥7%,2022-04-25,煤炭,-0.07807795978131038,-0.07242121281302982,0.33871891709213797,0.9429953055001613,0.9506666666666667,6.0,4.0,-0.05619144779026064,0.03362091326377592,-0.14490421509787632,1.0,机会
跌幅≥7%,2023-12-22,传媒,-0.08920092034606253,-0.014672037024324736,0.16337390416251707,1.268604360243756,0.9346666666666666,4.0,0.0,-0.020552102547058748,-0.03695950514571045,0.03564194428628642,0.0,中性
跌幅≥7%,2024-11-01,综合,-0.07046768123973446,-0.029976169325628077,1.4926644693158044,2.094911097555984,0.9693333333333334,0.0,0.0,0.05230123473621795,-0.14746169526596353,-0.28551844976663987,0.0,趋势结束
跌幅≥7%,2024-11-01,计算机,-0.07357044301243054,-0.029976169325628077,0.24337676383240892,1.079141129533565,0.892,8.0,1.0,0.02736621513275983,0.08504521984457725,0.04632482074449307,1.0,机会
跌幅≥7%,2026-07-17,电子,-0.0858228779307284,-0.05770363736113604,0.27472252145114784,0.7731301515705555,0.9693333333333334,12.0,2.0,-0.054467215754063436,-0.04282024804535789,,0.0,未知(数据不足)
