入场,行业,入场信号日,事后最大可得,持有满窗口,固定持有60日,固定持有120日,相对强弱回撤10%,相对强弱回撤15%,相对强弱回撤20%,连续2日跌破20日线,连续2日跌破60日线,相对强弱跌破60日均线,成交占比回落,大跌5%且次日续跌,持有满250日
E1 强势确认,房地产,2015-01-26,0.0972745890519473,0.06757760584664507,-0.06040554038313195,-0.029998786397232302,-0.10048743371083335,0.06757760584664507,0.06757760584664507,-0.03835031515725973,-0.021967308880101788,-0.05247909785909155,0.04982295451522667,-0.08368855555684429,0.06757760584664507
E1 强势确认,计算机,2015-02-05,0.33634862043842384,0.21543329084974028,0.22240975002630647,0.08336877698033462,0.05164676123013945,0.13397898072090864,0.03997684735507123,0.21794928035354744,0.09734998761994129,0.13397898072090864,0.0073715741754238895,0.1883992911111454,0.21543329084974028
E1 强势确认,社会服务,2015-03-20,0.348231060127685,0.2868269782745956,0.07865575590666252,0.11682647256055212,-0.05868231876892027,-0.037949110083811854,0.2868269782745956,0.06673421762330456,0.05577349070405102,0.019818853431520456,0.10747357730848006,0.06673421762330456,0.2868269782745956
E1 强势确认,通信,2015-03-25,0.2254018585184152,0.16070143492346967,0.08946115928467036,0.08505942948301048,0.037098490901321224,-0.019297643686659538,0.16070143492346967,0.08946115928467036,0.04278833887590827,0.037098490901321224,0.16070143492346967,0.04278833887590827,0.16070143492346967
E1 强势确认,轻工制造,2015-03-31,0.3952416515937023,0.2815210275537454,0.23502290688471117,0.26806202735664963,0.10261835615919135,0.06686142173047238,0.2815210275537454,0.2230137120545963,0.15797910262787696,0.06686142173047238,0.2952682149381938,0.2230137120545963,0.2815210275537454
E1 强势确认,纺织服饰,2015-04-15,0.2560378196222701,0.20451050365684886,0.04065689332309219,0.16739187806184375,0.05369706426677423,0.20451050365684886,0.20451050365684886,-0.041308091210506714,0.0967406600022287,0.01691594838430932,0.059873813220519434,0.15521119721392718,0.20451050365684886
E1 强势确认,综合,2015-06-17,0.03992889520154019,-0.05206222134590355,-0.13512436224290425,0.010021230486064514,-0.11083871319801297,-0.1710519532361443,-0.19911535855022477,-0.032751946698291734,-0.06957522153920848,-0.12735238345094968,-0.08957432408329857,-0.032751946698291734,-0.05206222134590355
E1 强势确认,国防军工,2015-06-23,0.11660387072724854,-0.2867330018715759,-0.12375469757262325,-0.22359092292613736,-0.10258836361726342,-0.13717878663564242,-0.18498776352964186,0.007331391532072518,-0.023862984039740853,-0.10258836361726342,0.05067070935136453,-0.015238863618276643,-0.2867330018715759
E1 强势确认,公用事业,2015-06-29,0.02933593345758201,-0.2277202573010838,-0.021623750583950607,-0.16854935249712277,-0.07697566392924104,-0.12864517739450199,-0.17753759766134558,-0.01141632999508968,-0.05131449275570055,-0.08649227236832968,-0.09839896701622486,-0.05131449275570055,-0.2277202573010838
E1 强势确认,电子,2015-07-14,0.19501822673552804,0.14546235620100156,-0.03052741429492145,0.030828184417446947,0.14546235620100156,0.14546235620100156,0.14546235620100156,-0.015958994380895875,-0.015958994380895875,-0.02105090454660752,0.04973200099583286,-0.007870430641952919,0.14546235620100156
E1 强势确认,传媒,2015-07-29,0.02999949848741701,-0.15651387697108765,-0.030679475471767637,-0.054540400214151075,-0.1095793777293339,-0.12601725475193326,-0.15651387697108765,-0.05455217418782121,-0.00632707026731083,-0.08066261147742049,-0.15651387697108765,-0.05657808651445251,-0.15651387697108765
E1 强势确认,农林牧渔,2015-07-30,0.006132478477974379,-0.03730829895613974,-0.10610258890487789,-0.07338864788465427,-0.10136548895681541,-0.03730829895613974,-0.03730829895613974,-0.013642719851645446,-0.03277850334012211,-0.10136548895681541,-0.027917896716930568,-0.013642719851645446,-0.03730829895613974
E1 强势确认,环保,2015-09-30,0.0814125092393636,0.05039994300571804,-0.009725469494613947,-0.0681410052255963,-0.027369236179603296,-0.08090331509434556,0.05039994300571804,0.06427608622994296,0.008185476297983163,0.012893084877608985,0.05039994300571804,-0.02142761670379656,0.05039994300571804
E1 强势确认,美容护理,2015-10-29,0.48750233976409896,0.48750233976409896,0.2116638551983201,0.2453100692320913,0.48750233976409896,0.48750233976409896,0.48750233976409896,0.03103019294778875,0.2391240872289604,0.26841006661045563,0.03963277840708468,0.03103019294778875,0.48750233976409896
E1 强势确认,煤炭,2016-03-01,0.012518540871401695,-0.05705014200433467,-0.18252967338534576,-0.10085584836198669,-0.09215647649240566,-0.14963932753328824,-0.19022125686338343,-0.04497959745462676,-0.04833401266879611,-0.11087374848209564,-0.08712985128078476,-0.04833401266879611,-0.05705014200433467
E1 强势确认,有色金属,2016-03-07,0.10210554496094781,0.0184009129832734,-0.008306198864066694,-0.015170612682543938,-0.00958366281251688,-0.0661362040610205,0.0184009129832734,-0.04672569541941096,-0.04937404291102987,0.010291300085767396,-0.07261166514457418,-0.04937404291102987,0.0184009129832734
E1 强势确认,综合,2016-08-19,0.003940875334502714,-0.08473907008597836,-0.0556567289236235,-0.04516811597399528,-0.10846684765384773,-0.08473907008597836,-0.08473907008597836,-0.01924601584746466,-0.04141808030778138,-0.04441030517844091,-0.04141808030778138,-0.08473907008597836,-0.08473907008597836
E1 强势确认,煤炭,2016-09-05,0.47993058429584057,0.4428378240556643,0.05364295039785194,0.040145505339817644,0.32127531994324454,0.4428378240556643,0.4428378240556643,-0.016116364713255837,0.04738596406524498,0.028147508226040285,0.06710027786856321,0.04738596406524498,0.4428378240556643
E1 强势确认,环保,2016-09-08,0.17115356325179532,0.05921606338820706,-0.08000264843532046,-0.027336584256281715,0.0494137374264092,0.05921606338820706,0.05921606338820706,-0.023563798978469386,-0.06990497003834151,-0.058869329841919726,-0.02273214017948566,0.05921606338820706,0.05921606338820706
E1 强势确认,美容护理,2016-11-07,0.18918669218513418,-0.09201135011934014,0.025752383614956242,0.16340874546521045,0.06503392931184604,0.004094918044127427,-0.052952613649807634,-0.0460975550355861,0.0024346982422474017,0.08248004997592329,0.008726443326947386,-0.09201135011934014,-0.09201135011934014
E1 强势确认,钢铁,2017-01-11,0.3987468840753856,0.301635194978948,0.13866079380694707,0.16604209738632925,0.24699322388259692,0.18864080153195206,0.301635194978948,0.008353347529980404,0.008353347529980404,-0.003898020010625447,-0.01306261561281219,0.301635194978948,0.301635194978948
E1 强势确认,国防军工,2017-02-03,0.04820693414141486,-0.20001658406520084,-0.007820323580453037,-0.10139637549065195,-0.07803369333426058,-0.10942305669680785,-0.1673652834308671,-0.03708514315297984,0.02539099909066267,-0.046185640617385615,0.03591804180495428,-0.20001658406520084,-0.20001658406520084
E1 强势确认,银行,2017-02-20,0.39935289809311025,0.221155193227226,0.03753145419540971,0.06314024885462799,0.056189525281196806,-0.0035946549019549856,0.221155193227226,-0.03599281194437143,-0.017883158038918934,-0.05700353199969743,0.221155193227226,0.221155193227226,0.221155193227226
E1 强势确认,环保,2017-04-10,0.07711454945264484,-0.1282756403448887,0.005076093235398149,-0.0426747324222011,-0.03485004832415606,-0.085637975020186,-0.1480373251036179,0.02267050731751885,0.040249203191663696,0.01648850574569871,-0.019559703496301983,-0.1480373251036179,-0.1282756403448887
E1 强势确认,家用电器,2017-06-01,0.2761903191411512,0.21834693042929687,0.007658300443224464,0.1186074133259376,-0.047693898385600786,0.21834693042929687,0.21834693042929687,-0.009501741882217196,-0.009501741882217196,-0.006408899009411773,0.01805707306954396,0.21834693042929687,0.21834693042929687
E1 强势确认,煤炭,2017-07-17,0.3029732915529495,0.03609391789856642,0.030762441529911255,0.13423275991440886,0.02836588368488102,-0.024071326433773743,0.02705143112967212,0.06902582464763873,0.014000611641282745,0.056636739741890096,0.07791704794197862,0.0010765153938749883,0.03609391789856642
E1 强势确认,有色金属,2017-07-19,0.09311480170132747,-0.05168165647014955,-0.014823868824364705,0.015495330061397805,-0.022972357542083044,-0.07090973275135914,-0.05168165647014955,-0.0062306148042471365,-0.014823868824364705,0.004979019308469335,0.03626160237083731,-0.060906535753321056,-0.05168165647014955
E1 强势确认,电子,2017-11-06,0.026774243225287764,-0.10203958292266713,-0.10739047474407803,-0.04479295112397941,-0.08276415546282156,-0.13051499625910934,-0.10203958292266713,0.01466334155282234,-0.014176640118626849,-0.029036727005860685,-0.07988245845503639,-0.11393227108636206,-0.10203958292266713
E1 强势确认,食品饮料,2017-12-20,0.23840745472175695,0.13039748140839724,-0.03258713698060611,0.2309537637007868,0.11404314638655366,0.0457809057209877,0.13039748140839724,-0.0007926301160475768,-0.02359720968551171,-0.011451054232599511,-0.02359720968551171,0.0457809057209877,0.13039748140839724
E1 强势确认,房地产,2018-01-16,0.009319115673055434,-0.05321877675507347,-0.1475805173878989,-0.21201919821095383,-0.09483019173004392,-0.14564646789404845,-0.1939713381454078,0.0017998508702410376,-0.032638459699430244,-0.0911822228479755,-0.03571283411158732,-0.032638459699430244,-0.05321877675507347
E1 强势确认,银行,2018-01-18,0.3277077545432159,0.261481295189685,-0.052440705847861424,-0.03267054856641982,0.040381655919091264,-0.010127341971045145,-0.07224255417564196,0.09318855579665253,0.059406172056997386,-0.03202952739874143,0.00835700935328254,0.261481295189685,0.261481295189685
E1 强势确认,计算机,2018-04-02,0.09953946204628128,0.02966521858642146,-0.016340737287453666,-0.02361875024463944,-0.08649758049963319,0.02966521858642146,0.02966521858642146,-0.0008104821180756616,-0.039408423582873664,-0.039408423582873664,-0.021778308550702175,-0.05614178528374281,0.02966521858642146
E1 强势确认,医药生物,2018-05-02,0.06371276199363773,-0.08086597980915544,-0.010710935030039948,-0.05958371639167992,-0.04591552920086861,-0.10447517375336235,-0.08086597980915544,0.026890149079671133,0.010237758978028255,-0.020544497918291493,-0.05803233887223058,-0.08086597980915544,-0.08086597980915544
E1 强势确认,社会服务,2018-05-31,0.039405426518606346,0.026410549517007942,-0.05764372642118332,0.006527004005939974,0.026410549517007942,0.026410549517007942,0.026410549517007942,0.024082390144201993,0.01959897681349565,-0.02819542387877272,0.03365234729651756,0.026410549517007942,0.026410549517007942
E1 强势确认,美容护理,2018-06-01,0.0006864817327774109,-0.2170160770984113,-0.07567731355348184,-0.15071693804979958,-0.10046367354149288,-0.15071693804979958,-0.20426459770431438,-0.03953152771189916,-0.06994246334357901,-0.09044620636553113,-0.09044620636553113,-0.1437832968964715,-0.2170160770984113
E1 强势确认,银行,2018-08-31,0.19657083566194178,-0.009069651938680146,0.07842837632660271,0.008223192671100055,0.07097092804808791,0.008223192671100055,-0.05157903674662978,0.00771056055003605,0.08917976729390809,0.05225853102112388,0.12739236979601576,-0.009069651938680146,-0.009069651938680146
E1 强势确认,国防军工,2018-09-11,0.14382039047478834,0.054516791554414246,-0.03959704646964324,-0.020826914469550428,-0.05088902127501771,0.054516791554414246,0.054516791554414246,-0.01673465288911824,-0.02752164328184925,-0.03543321061097404,0.023188710933632395,-0.012934714715900908,0.054516791554414246
E1 强势确认,石油石化,2018-09-12,0.10098120375893593,-0.24341136628942084,-0.05537931471482471,-0.16467720071320913,-0.018130397372720375,-0.06872418328035079,-0.12374571205203211,0.09209425302517937,0.09209425302517937,-0.018130397372720375,0.014129680607036121,-0.24341136628942084,-0.24341136628942084
E1 强势确认,煤炭,2018-10-09,0.06944356654725614,-0.17251762670172222,-0.07217954285615003,-0.09755764970349468,-0.04224693081969777,-0.09948290172039898,-0.1454013481002039,0.04015807830054885,0.04015807830054885,-0.04224693081969777,-0.17251762670172222,-0.17251762670172222,-0.17251762670172222
E1 强势确认,非银金融,2018-10-24,0.16068197206702628,0.08494611174297328,-0.00276391195946446,0.04872656667887432,0.027157294227261985,0.08494611174297328,0.08494611174297328,-0.010620570813521746,-0.02198133650355083,-0.050619333842419345,-0.014568132329399797,0.08494611174297328,0.08494611174297328
E1 强势确认,电力设备,2019-01-07,0.012655219875465695,-0.08351193935432333,-0.06204164245772892,-0.11044254273720988,-0.08865915337569186,-0.08351193935432333,-0.08351193935432333,-0.002512947930189857,-0.012641152893165586,-0.02498438670444436,-0.012255646468033565,-0.08351193935432333,-0.08351193935432333
E1 强势确认,通信,2019-01-07,0.04689299877794584,-0.06467349518223287,-0.053807398063942746,-0.032844176508130984,-0.061857509576119574,-0.06467349518223287,-0.06467349518223287,-0.03516774363872255,-0.05026703804062016,-0.020224095658099905,-0.03516774363872255,-0.005514645959552089,-0.06467349518223287
E1 强势确认,综合,2019-01-14,0.05973922791136821,-0.1983865299756864,-0.004621525690764683,-0.10641278433683554,-0.046430368182096005,-0.10736091740800591,-0.1523259954373417,-0.04880846376564418,-0.024995920878196576,-0.02727777489181904,-0.1983865299756864,-0.1983865299756864,-0.1983865299756864
E1 强势确认,食品饮料,2019-02-13,0.31984049154354643,0.09020040773071303,0.13709757853616367,0.23360986697071984,-0.10777871248513182,0.12101323153137433,0.09020040773071303,0.06549093551802132,0.1382510242463022,-0.07459360777730917,0.14156000145540815,0.09020040773071303,0.09020040773071303
E1 强势确认,农林牧渔,2019-02-26,0.15432364824101197,0.0033791006626155973,0.07930689266857072,0.07166225480123511,0.0371623442731579,-0.03251252350268319,-0.07983266582638082,-0.007094856675396222,0.08149233859692262,0.0371623442731579,-0.004816203531504137,-0.12945892036996365,0.0033791006626155973
E1 强势确认,计算机,2019-03-08,0.1678449985233441,0.12216108753322397,-0.05918283458593121,-0.023189565613661145,0.12216108753322397,0.12216108753322397,0.12216108753322397,-0.04286550000383749,-0.07672048900119022,-0.07672048900119022,-0.052598394337847076,-0.03709480058123338,0.12216108753322397
E1 强势确认,电子,2019-08-19,0.40337856291899543,0.20367673996689173,0.08925633712754588,0.3252387725711159,0.2538672237272217,0.18514266245881905,0.20367673996689173,0.0629096136591567,0.05958986294918578,0.22014131813232862,0.23290326790663007,0.3148339872653496,0.20367673996689173
E1 强势确认,国防军工,2019-09-02,0.0,-0.14843200105493437,-0.18871542344230552,-0.2450303140787875,-0.1128562700860023,-0.15359474435200238,-0.2065584806071219,-0.07807484432350864,-0.1186593861448152,-0.09020061242387489,-0.03783189731530512,-0.23733764689948555,-0.14843200105493437
E1 强势确认,美容护理,2019-10-23,0.19306614110532583,0.09023022122996771,-0.11530912939770233,-0.037515331017191955,-0.10005319083772457,-0.1524909578263819,0.09023022122996771,-0.03635537736227823,-0.06609823507018131,-0.08862059926703791,-0.04780987395680636,0.10231644738428414,0.09023022122996771
E1 强势确认,传媒,2020-01-06,0.02832372396895666,-0.29980717017723035,-0.08566722739858545,-0.041164220291988185,-0.07593123276110736,-0.12650747308665,-0.1820419616072172,-0.032061699168446256,-0.028221953310727743,-0.03684720608537295,-0.027004944950043575,-0.05697640394423176,-0.29980717017723035
E1 强势确认,计算机,2020-02-24,0.0,-0.26604276718179554,-0.08883034790770539,-0.14080827189256673,-0.10070387891617472,-0.15162080249520127,-0.20709436358146682,-0.05621111542623547,-0.041017820344260825,-0.08740093005202221,-0.042070334035963275,-0.11293063508162682,-0.26604276718179554
E1 强势确认,通信,2020-03-10,0.017925556091916706,-0.33748064123205046,-0.12662675936633006,-0.20248997912367805,-0.08762072058846004,-0.13784397371504276,-0.19057738425502602,-0.027580443982025526,-0.05267649933941998,-0.07533645061904182,-0.03530552454113134,-0.027580443982025526,-0.33748064123205046
E1 强势确认,农林牧渔,2020-03-30,0.07203139542644021,-0.13501246981186799,-0.07103559666526515,-0.09902377993166378,-0.037749557143370804,-0.09811662591029557,-0.14538566086686422,0.010498542273847056,-0.03235218054093403,-0.04478986109077887,0.010498542273847056,-0.13501246981186799,-0.13501246981186799
E1 强势确认,医药生物,2020-04-10,0.12798860516283495,0.04599240681480654,0.04615367643478807,0.056058026244900194,0.014471868915266084,0.04599240681480654,0.04599240681480654,-0.0172653722919468,0.04097300964473649,0.0223444459779778,-0.02016764345181654,0.04599240681480654,0.04599240681480654
E1 强势确认,美容护理,2020-04-27,0.20580205103947224,0.15682497668993256,0.059323482836073804,0.0613085564225786,0.01782782162676666,-0.03293070859744074,0.15682497668993256,0.059323482836073804,0.01782782162676666,0.059323482836073804,-0.04600088113411016,0.059323482836073804,0.15682497668993256
E1 强势确认,食品饮料,2020-04-28,0.4554401930391503,0.31128582433696117,0.10452743879113702,0.18087947523928616,0.2837571137964019,0.23553384977940306,0.31128582433696117,0.078621078715289,0.12068387392713409,0.32362825497791237,-0.04861699463082625,0.31128582433696117,0.31128582433696117
E1 强势确认,社会服务,2020-07-01,0.21574458020134424,-0.03548802774776305,0.08259241731375999,0.03641456559669831,-0.004803023836382092,0.028408518297062146,-0.03548802774776305,0.036058568791484946,0.09374601317118869,0.04155766900767888,0.045978193036547044,0.040857967764179604,-0.03548802774776305
E1 强势确认,非银金融,2020-07-08,0.0,-0.2513900288902162,-0.043503902880238754,-0.04712172217288746,-0.1017512669585765,-0.15419646488654548,-0.20386984160707577,-0.06463930819367314,-0.06804301684611724,-0.07897518060027042,-0.06463930819367314,-0.05529488439096042,-0.2513900288902162
E1 强势确认,国防军工,2020-07-24,0.22622760869849712,0.02568884787044401,-0.015992747125298856,0.10779822254394023,-0.039727651531864416,0.040396742794495344,-0.021943232074792207,-0.027965923420218752,-0.040507573259938257,-0.016309753253965664,0.008677815197643435,-0.03342642503076765,0.02568884787044401
E1 强势确认,有色金属,2020-08-06,0.651857549956014,0.5788694282716556,-0.016723119251968788,0.22302995974834006,-0.09745739126141961,0.5788694282716556,0.5788694282716556,-0.05135446162075641,-0.08119046132640928,-0.07972228221160305,0.04922098840024436,0.5788694282716556,0.5788694282716556
E1 强势确认,电力设备,2020-10-09,0.6813581794853301,0.6813581794853301,0.22494857025518256,0.1496534340325164,0.1123477357081406,0.6813581794853301,0.6813581794853301,0.005941554961526041,0.1984233642697042,0.15014055743887944,0.030084851302865978,0.4578911005417434,0.6813581794853301
E1 强势确认,家用电器,2020-11-02,0.031123638344072058,-0.16549596786880072,0.0022221500905146296,0.0023149704978999708,-0.0773796020089228,-0.12856561063565752,-0.17729645498948576,-0.00869897681605103,-0.002131248679155928,-0.013028012786750587,0.006098917880770882,-0.16549596786880072,-0.16549596786880072
E1 强势确认,汽车,2020-11-02,0.12820971619367438,0.11352462300496136,-0.025324940846581434,-0.056582643784230724,-0.06673572516300152,0.11352462300496136,0.11352462300496136,-0.011416484015118855,-0.01084286366656173,-0.01815786291139454,-0.025324940846581434,0.11352462300496136,0.11352462300496136
E1 强势确认,钢铁,2020-11-24,0.48898477447630806,0.08046986400993839,-0.013009305811910177,0.07830478829317888,0.15281314270006718,0.08981001734327054,0.189955204436991,-0.06695212653838112,-0.06950508886360052,-0.09951918248890779,0.05988239207488166,0.1653977988399009,0.08046986400993839
E1 强势确认,银行,2020-11-27,0.1559363242770544,-0.14189579826524024,0.04958832574715544,0.06600808451674745,0.03348308092256347,-0.018597945245607428,-0.079728796473446,-0.031337013642729006,-0.058093746192020124,-0.09364940656575205,-0.03658267679836491,-0.14189579826524024,-0.14189579826524024
E1 强势确认,煤炭,2020-12-02,0.6436066219546837,0.24048346564476986,0.030964182955820263,0.11175054152578157,-0.0345727540759726,0.057757327703161776,0.29457520577975593,-0.052780277703864065,-0.05939789559865882,-0.05939789559865882,0.007650068356134243,-0.058727093502640826,0.24048346564476986
E1 强势确认,公用事业,2021-03-23,0.15898885302075483,0.009615981636635462,-0.10356746301752817,-0.03693574231704677,-0.07645141960348212,-0.1271972182034249,0.009615981636635462,-0.02170622070131656,-0.09596319590867186,-0.09596319590867186,-0.08459493762813908,0.009615981636635462,0.009615981636635462
E1 强势确认,环保,2021-03-24,0.0,-0.16540556985068344,-0.19153067966777004,-0.16722270282526053,-0.10163686164526908,-0.15018227725444167,-0.20076656111754776,-0.10163686164526908,-0.15018227725444167,-0.14553713193758744,-0.1013214479561354,-0.16540556985068344,-0.16540556985068344
E1 强势确认,美容护理,2021-04-21,0.03826760169439192,-0.2967845973132771,-0.09840829749725954,-0.2539073799067668,-0.06802220841599738,-0.12148532577511872,-0.20570070339583812,-0.02113271041652809,-0.08309456028291284,-0.03337619464147168,-0.07849641577785438,-0.2038173338166922,-0.2967845973132771
E1 强势确认,纺织服饰,2021-04-27,0.01492031515353931,-0.1537815981378775,-0.15679870042429156,-0.21860016255824444,-0.09371764143817951,-0.146756428213479,-0.19138199374524234,0.00026298350988418484,-0.07196279994385524,-0.02215040907008703,-0.05806668318938779,-0.11498004118478089,-0.1537815981378775
E1 强势确认,综合,2021-06-10,0.09302877997770387,-0.09368382182976576,-0.0013313894101147916,-0.11774364432425799,-0.018119476699776316,-0.07265627062880631,-0.12937244366154765,0.03354973145739559,-0.03433256724170963,-0.011195591056493148,-0.09368382182976576,-0.07265627062880631,-0.09368382182976576
E1 强势确认,国防军工,2021-07-27,0.07296457081561836,-0.033120834695324786,-0.04491536116021411,-0.09265686276620921,-0.04517705688356666,-0.09265686276620921,-0.14257168914830176,0.02593977546866033,-0.02459709884481609,-0.02706058495469721,0.0034617005711612414,-0.14257168914830176,-0.033120834695324786
E1 强势确认,电子,2021-07-30,0.0,-0.14638866082329094,-0.09312802674373888,-0.1108464941232905,-0.10916699235240657,-0.15060641755576198,-0.20280464787132702,-0.06677292913458854,-0.11121249015955703,-0.08229386372389647,-0.14638866082329094,-0.2220233844598709,-0.14638866082329094
E1 强势确认,基础化工,2021-08-12,0.1667208845931889,0.04519498843717318,-0.024940335324144636,-0.0037231345380431824,0.03199654101866356,-0.023515772889635245,0.04519498843717318,0.05881061420672795,0.022760066005589774,0.011896394156029277,-0.027945333400270278,0.05418941338583361,0.04519498843717318
E1 强势确认,石油石化,2021-09-29,0.2543245439265227,0.1982138200781174,-0.12052825833974867,-0.009705846308847854,-0.09187221186622085,-0.1446252254665611,0.1982138200781174,-0.008112718742550706,-0.09871591038025662,-0.09915442761317672,-0.04902601043335442,0.06871447897553518,0.1982138200781174
E1 强势确认,农林牧渔,2021-11-03,0.23356251170317432,0.004969553233931112,-0.021946499126294983,0.12124797484199412,-0.10156447820577663,0.030585143389377345,-0.014178096423927755,-0.08577187259103858,-0.028846299193170277,-0.09073292600872318,0.17056029962308017,0.17056029962308017,0.004969553233931112
E1 强势确认,传媒,2021-11-11,0.18681715256671505,-0.056711596868587066,0.063397554030032,-0.031139714768688376,0.06690947238847245,0.007044303815001429,-0.053599332863082605,-0.05498457198711837,0.05615746217983619,0.039854334082119136,0.053836190929593464,0.05615746217983619,-0.056711596868587066
E1 强势确认,食品饮料,2021-12-10,0.08252603934189584,0.029490867004407173,-0.0746264572884201,-0.028579289294290877,-0.08106209333973968,-0.08295806152251983,-0.14526615071679105,-0.019592906651213826,-0.03571848016429746,-0.042224771436011,0.029490867004407173,0.029490867004407173,0.029490867004407173
E1 强势确认,计算机,2022-01-19,0.0,-0.052647403420459926,-0.15912153418124908,-0.21373745761040963,-0.10503371366134617,-0.15912153418124908,-0.20312076115887767,-0.032240990162214156,-0.032240990162214156,-0.08168130257337136,-0.052647403420459926,-0.032240990162214156,-0.052647403420459926
E1 强势确认,房地产,2022-01-24,0.19553745742957696,-0.07136600349414846,0.10503150458663812,-0.0688963922284207,0.06275503442663632,0.010007504633457343,-0.046865723102486934,-0.006172642496882763,-0.04423649581494815,-0.06108800124090885,-0.04336492990262386,0.1606474593751379,-0.07136600349414846
E1 强势确认,建筑装饰,2022-02-07,0.1458794697109529,-0.07529859080704426,0.11489604203130699,-0.09952200716933735,0.01579826436193721,-0.026029896780788597,-0.08407497571810274,-0.037732591287187645,-0.037732591287187645,0.034637338372089044,-0.024047093854581814,-0.10463223343090233,-0.07529859080704426
E1 强势确认,交通运输,2022-03-03,0.08692047327896812,0.02225393875765569,0.032747733809102675,-0.02275793574720264,-0.023615487594969342,-0.07908696069768695,0.02225393875765569,-0.01967035097494807,-0.01967035097494807,-0.0523428639725686,-0.01967035097494807,0.08692047327896812,0.02225393875765569
E1 强势确认,银行,2022-03-31,0.18608289027208325,-0.12390812156985087,-0.07176747574836673,-0.04896233602300715,0.05994362470026782,0.0073659911986552196,-0.06030608844472163,0.10033936729125537,0.0579341533226736,0.009278606378695375,0.10329249045784916,-0.12390812156985087,-0.12390812156985087
E1 强势确认,美容护理,2022-04-26,0.0,-0.19863294567384238,-0.11035622226854314,-0.19164868609315666,-0.10330928363259062,-0.15664424216310968,-0.19863294567384238,-0.03406034454708118,-0.03406034454708118,-0.1428558280789527,-0.07446237389338561,-0.19863294567384238,-0.19863294567384238
E1 强势确认,汽车,2022-06-06,0.13398625042116152,-0.06072374281144133,0.04229691067051777,-0.052832938605476,0.009917642605706378,-0.041323025108098266,-0.09587586533609427,0.016393595239410752,0.03766718548404957,0.03766718548404957,0.059326190909857024,0.028987538934183155,-0.06072374281144133
E1 强势确认,食品饮料,2022-06-30,0.04743943940387352,-0.09926146921269074,-0.06896036000744843,0.04743943940387352,-0.10175604643991876,-0.16278691321745908,-0.09926146921269074,-0.03755281683259415,-0.07816292774025657,-0.0474327966261221,-0.09926146921269074,-0.09926146921269074,-0.09926146921269074
E1 强势确认,电力设备,2022-07-05,0.08710187819126824,-0.15531775143307103,-0.001773132897463614,-0.06064772503309113,-0.03767187370635139,-0.08859973809642341,-0.13269837874682577,0.04296811501395292,0.002776405590037445,0.002776405590037445,0.022074165371087417,0.002776405590037445,-0.15531775143307103
E1 强势确认,机械设备,2022-07-22,0.06895747958607612,0.006920212859796271,0.03496386463168433,-0.02168339314956136,-0.04720097922391642,0.006920212859796271,0.006920212859796271,0.014222444182221627,-0.013963602475005832,-0.012732544246484068,-0.012732544246484068,0.006920212859796271,0.006920212859796271
E1 强势确认,计算机,2022-10-31,0.2951202567001605,0.11882008669443556,-0.042252435730025906,0.13843095673623762,0.10753182709571707,0.09993598884008015,0.11882008669443556,-0.06399488418913102,-0.095217007894289,-0.08836165527561857,0.09993598884008015,0.17785127588336946,0.11882008669443556
E1 强势确认,医药生物,2022-11-17,0.033479157808529614,-0.036918898045002146,-0.04001893917084476,-0.07539147352822306,-0.07525900736592228,-0.1257682497554521,-0.036918898045002146,-0.009013511430254417,-0.031724772944747515,-0.031724772944747515,-0.020131927890575163,-0.036918898045002146,-0.036918898045002146
E1 强势确认,社会服务,2022-11-18,0.14468586315504672,-0.08012595262933031,0.04963549022782332,-0.036743425115357,0.02930086679441768,-0.03248442580350297,-0.09278036595520178,-0.05088551133252883,0.038153049231628655,0.036400024087767324,0.03965982884195207,-0.08012595262933031,-0.08012595262933031
E1 强势确认,房地产,2022-11-29,0.0,-0.24097338208525276,-0.13156415353342166,-0.2492254079644709,-0.10596507004891265,-0.1506990174133872,-0.2007583516220236,-0.04878135078080248,-0.13984348254334078,-0.09993243453407896,-0.05890030490340892,-0.137161449687077,-0.24097338208525276
E1 强势确认,商贸零售,2022-12-30,0.0,-0.06736914423002816,-0.09557027256770745,-0.14778498317754685,-0.1023853722158874,-0.15373207831025182,-0.06736914423002816,-0.06506123310585676,-0.09722509433985582,-0.1023853722158874,-0.06506123310585676,-0.06736914423002816,-0.06736914423002816
E1 强势确认,轻工制造,2023-01-04,0.09929033022508049,0.02753328453081938,-0.0794078612916117,0.007098323754633595,-0.10021682884774374,0.02753328453081938,0.02753328453081938,-0.07563036616541485,-0.0378444288537616,-0.07563036616541485,-0.05113342843559554,0.02753328453081938,0.02753328453081938
E1 强势确认,传媒,2023-01-04,0.45856048775382185,0.20636158838479335,0.18296938973807308,0.2575516555881847,0.27097073681838024,0.21990719748295273,0.16625357840500699,-0.013914018141054196,0.24883662738446066,0.26349043666210714,0.1928717421457482,0.3330954069363634,0.20636158838479335
E1 强势确认,食品饮料,2023-01-13,0.0032675779222357537,-0.10745873306140663,-0.1001891481263858,-0.11989876711602576,-0.10840049059567247,-0.1482150716263455,-0.10745873306140663,-0.06676915456424382,-0.04607716319757926,-0.04041185987853835,-0.10745873306140663,-0.10745873306140663,-0.10745873306140663
E1 强势确认,美容护理,2023-01-17,0.0,-0.21730564642907924,-0.13561377773003436,-0.18817473599960322,-0.10188669473235734,-0.15209090677696901,-0.21666383587299698,-0.06844255214084649,-0.07525307879603371,-0.06828709478841721,-0.21730564642907924,-0.22232070436421225,-0.21730564642907924
E1 强势确认,非银金融,2023-01-19,0.1369984041038279,0.11175416132618499,-0.06754366022896452,-0.05623874205965651,-0.06761409785240102,0.11175416132618499,0.11175416132618499,-0.08052462793860837,-0.08356001109689182,-0.07432799176826932,0.0013285999630370249,0.11175416132618499,0.11175416132618499
E1 强势确认,通信,2023-03-13,0.2556326947575498,0.2531061568420727,0.13551383562622932,0.07392318013700594,0.08611655804210594,0.2531061568420727,0.2531061568420727,0.08373785967112779,0.016849312945678374,-0.001026042908476077,0.0762085005782911,0.09765145140542297,0.2531061568420727
E1 强势确认,建筑装饰,2023-05-04,0.01983199287526527,-0.07432879023323224,-0.0270476416895713,-0.09910840995387427,-0.08671695290738901,-0.13526104130409655,-0.07432879023323224,-0.03527810904369344,-0.04571383914524274,-0.08671695290738901,-0.04571383914524274,-0.07432879023323224,-0.07432879023323224
E1 强势确认,汽车,2023-07-06,0.14294397611529686,0.12517095751402718,0.021698206551930888,0.06632675899686924,0.024681450799294735,0.12517095751402718,0.12517095751402718,-0.018589894029706344,-0.033231825943388804,0.07574058031716002,-0.024177996390600365,0.12517095751402718,0.12517095751402718
E1 强势确认,房地产,2023-08-16,0.03203338433373126,-0.20524068821583397,-0.13126648485640924,-0.1414514935957496,-0.07464729356364652,-0.12414699776957505,-0.1756974152634554,-0.019357731629723096,-0.06072681991142537,-0.07617827518218745,-0.16362028958134056,-0.031856259820221,-0.20524068821583397
E1 强势确认,非银金融,2023-08-18,0.10042741730610283,0.003737439559993616,-0.08574626114679085,0.02777449344552685,-0.07466204384993314,-0.07625190629512957,0.003737439559993616,-0.011263100978151974,-0.04511483684600459,-0.07273846994651911,-0.050500762709073777,0.003737439559993616,0.003737439559993616
E1 强势确认,煤炭,2023-09-07,0.4953162209258519,0.25915510825028854,0.05689909584285058,0.24683027920534095,-0.04772407366567977,0.24683027920534095,0.1867363302767724,-0.0011554016772273856,-0.037950186009821696,-0.037950186009821696,0.0409965123758631,0.25915510825028854,0.25915510825028854
E1 强势确认,石油石化,2023-09-13,0.33586837326383945,0.19638877802260613,-0.03638794990667804,0.08914780178989101,-0.051520624721097974,0.19638877802260613,0.19638877802260613,-0.008484480339495337,-0.0016999345497763496,-0.039190710353135705,0.04989174628158599,0.19638877802260613,0.19638877802260613
E1 强势确认,银行,2024-01-29,0.3254523072374118,0.06511866310045322,0.00033669538240999053,0.16293685535557856,0.05713207650957641,0.0013877193772449115,-0.0654018722408497,-0.07514080362826325,0.05709672863577042,-0.06952624209981995,-0.02897531343263171,0.06511866310045322,0.06511866310045322
E1 强势确认,有色金属,2024-04-09,0.021920200576284188,-0.11102474521520245,-0.022686406529702774,-0.13586694804411992,-0.080654062283396,-0.13586694804411992,-0.1845362263911814,-0.036403743831432855,-0.037212915396958146,-0.0560783803933842,0.019062370799293626,-0.12167232459021471,-0.11102474521520245
E1 强势确认,公用事业,2024-05-28,0.05461224436834611,-0.22172829345828704,-0.0019566240965848136,-0.21406231921304442,-0.06451224731781191,-0.1312674826826169,-0.18884922663141968,0.004176221047458739,-0.020470362934854935,-0.017869759610041003,-0.03059529937631733,-0.22172829345828704,-0.22172829345828704
E1 强势确认,交通运输,2024-06-07,0.026888993333089584,-0.1409681735845174,-0.008828995647487514,-0.1360955341132537,-0.08722225432409458,-0.13766176802460506,-0.18520742332589613,-0.028671376922588032,-0.033078153186428705,-0.016053238052607943,-0.049670367322598885,-0.1409681735845174,-0.1409681735845174
E1 强势确认,电子,2024-07-19,0.06795851960535448,0.025264580354570354,0.014864534529138718,0.020205622642408105,0.025264580354570354,0.025264580354570354,0.025264580354570354,-0.012635490096623014,-0.012635490096623014,-0.06336279595380645,-0.06336279595380645,-0.016088035389517086,0.025264580354570354
E1 强势确认,国防军工,2024-07-29,0.0,-0.1311887328761694,-0.11920456265701596,-0.2078846796148176,-0.10777982481512471,-0.15038656824525498,-0.20653508700151524,-0.03628634105364126,-0.03817393173879946,-0.07328975893297318,-0.03628634105364126,-0.1311887328761694,-0.1311887328761694
E1 强势确认,综合,2024-09-18,0.7604310562996954,0.18958716887855975,0.37033765455917567,0.342055139990056,0.519620769130575,0.4911044657425432,0.40286147563469443,0.4388059639937394,0.31322854657853605,0.37033765455917567,0.11806214286509809,0.4388059639937394,0.18958716887855975
E1 强势确认,非银金融,2024-09-25,0.07519175184341198,-0.16693485571373923,-0.002459812603686773,-0.0920314388437603,-0.032348932555675614,-0.08910555428732303,-0.14630505107692948,0.010652879922103509,-0.012300148048959403,-0.02684985511655258,-0.0167536216079196,0.03202192533295345,-0.16693485571373923
E1 强势确认,计算机,2024-10-08,0.1698046521440193,-0.01571167096996262,0.028630001796938087,0.05587874069931975,0.025522135171632154,-0.006965289526304819,-0.01571167096996262,0.029444863594147108,0.017074859502066664,0.017074859502066664,0.01786181349721483,-0.014247315876334432,-0.01571167096996262
E1 强势确认,环保,2024-10-28,0.010466158562007388,-0.13275021813108567,-0.07369705016972894,-0.057089164020799665,-0.09108048395305501,-0.14335503554800566,-0.13275021813108567,-0.008478917340198455,-0.05937106844195139,-0.043673089726871894,-0.018493237791403883,-0.13275021813108567,-0.13275021813108567
E1 强势确认,房地产,2024-11-01,0.017601045857809305,-0.2390800867359283,-0.160793144015267,-0.16761471154971153,-0.08669237879198477,-0.1350708544801642,-0.19075197446672976,-0.03984921821757914,-0.10329792635194546,-0.06886816928816342,-0.2390800867359283,-0.2390800867359283,-0.2390800867359283
E1 强势确认,轻工制造,2024-11-26,0.02422017781526198,-0.10926918671761232,-0.09201678399638691,-0.008759631259881329,-0.08068222151149873,-0.13051175698270723,-0.10926918671761232,-0.01739505975930311,-0.05017450894062825,-0.07040695024933363,-0.006968792107025945,-0.10924474245692917,-0.10926918671761232
E1 强势确认,传媒,2024-11-27,0.06102383798040334,-0.15632687450037197,-0.04893052053156555,-0.06855193928080638,-0.047064009589605105,-0.10342007839210754,-0.15832416535394767,-0.028341512444678862,-0.05804641944052624,-0.04931244841507121,-0.15632687450037197,-0.15632687450037197,-0.15632687450037197
E1 强势确认,商贸零售,2024-12-02,0.08120443713274472,-0.15355137585991208,-0.058783296581589206,-0.017833043152102324,-0.0355656522108827,-0.08191603878479992,-0.1359455664879614,-0.011200990942884181,0.002508792291139983,-0.0355656522108827,-0.0355656522108827,0.010832695279361815,-0.15355137585991208
E1 强势确认,美容护理,2025-05-13,0.10499435814618874,-0.4115745669847717,-0.08446673979113095,-0.2092458628503585,-0.006972339821431861,-0.06349103004685963,-0.11710409118800502,0.029936800081859838,-0.05595723750019799,-0.008858304138578799,-0.008858304138578799,-0.4115745669847717,-0.4115745669847717
E1 强势确认,纺织服饰,2025-05-22,0.04476921747205731,-0.272647651574875,-0.08884525815681366,-0.09948713572042389,-0.06519492977279573,-0.11649365780581933,-0.16929074335563887,-0.013896672982632419,-0.15478529859348766,-0.04122819891825291,-0.025027742432920497,-0.272647651574875,-0.272647651574875
E1 强势确认,银行,2025-05-23,0.049970674612453525,-0.28858450563797977,-0.1247151861372161,-0.16160178963438054,-0.06888607399392566,-0.10934253335948385,-0.1651545359856923,-0.03200282173284763,-0.1247151861372161,-0.003792145100937061,0.0025612720971408542,-0.28858450563797977,-0.28858450563797977
E1 强势确认,石油石化,2025-06-17,0.2553195840728941,-0.29559171102025483,-0.17462475464310268,-0.1401933317850611,-0.07825175091324021,-0.1333515760068954,-0.17818704462353907,-0.07138860806524727,-0.17857888215911422,-0.07150550164590375,-0.06548103571264485,-0.29559171102025483,-0.29559171102025483
E1 强势确认,通信,2025-07-07,0.8447702207264947,0.5958293009595148,0.17728663618092888,0.3115061642640098,0.6568314274153353,0.5958293009595148,0.5958293009595148,0.15359768308309363,0.13826080667816587,0.1465603984283217,0.04953539865086465,0.2069940047359875,0.5958293009595148
E1 强势确认,电子,2025-08-28,0.643599626075015,0.3169920527645316,0.014629880857621291,0.0455104313821062,0.4507425984969311,0.36083337027405915,0.27412081991215764,0.024922999250607925,-0.0067413335512345185,-0.006441284586823692,-0.04630661508785727,0.5309019236544554,0.3169920527645316
E2 拥挤确认,房地产,2015-01-05,0.045916244342480095,0.014884942921017386,-0.10370787103097856,-0.06774449226595114,-0.10891653990168038,0.014884942921017386,0.014884942921017386,-0.08146559784305507,-0.06774449226595114,-0.09682816562855778,-0.04166159049638185,-0.12657685306640531,0.014884942921017386
E2 拥挤确认,计算机,2015-02-10,0.33694858189543364,0.18544939024648355,0.21098139642705482,0.11413718845983745,0.05211890413766951,0.13448808715547722,0.04044375098714226,0.21849608574072654,0.09784264925579955,0.13448808715547722,0.007823839481160055,0.18893282985941817,0.18544939024648355
E2 拥挤确认,电力设备,2015-04-02,0.10596472572469606,0.09513990178596954,0.006059183788882372,0.022160896433836452,-0.056303843488170524,0.09513990178596954,0.09513990178596954,-0.02550382972808085,0.004045715090075674,0.006059183788882372,-0.009046285076770522,0.004045715090075674,0.09513990178596954
E2 拥挤确认,机械设备,2015-04-20,0.08136757404170769,-0.0853321356422555,-0.04612255333176951,-0.02638803242161636,-0.02727014839330988,-0.0823303425094607,-0.0853321356422555,0.019468074034402205,-0.02155353230074375,0.001346217941502026,-0.026884241258860575,0.0027275319381745433,-0.0853321356422555
E2 拥挤确认,纺织服饰,2015-05-18,0.2085390698566596,0.1589759587233499,0.1774127457476562,0.13886059692340091,0.013850100741888083,0.1589759587233499,0.1589759587233499,0.1115253410034851,0.05526594534524265,-0.021540088058519258,0.019793267674188098,0.1115253410034851,0.1589759587233499
E2 拥挤确认,石油石化,2015-07-06,0.020492693853972233,-0.2389384031153473,-0.1316531536980351,-0.27608524713439553,-0.10660678809042912,-0.13414351157071625,-0.1875543777498916,0.020492693853972233,0.020492693853972233,-0.11814774465736089,-0.10660678809042912,-0.11900152521849383,-0.2389384031153473
E2 拥挤确认,社会服务,2015-09-28,0.12900702110946383,0.009678634612153791,0.10826116756458948,0.06877754894888333,0.008696733807495471,0.009678634612153791,0.009678634612153791,0.08065155147503145,0.013906122524317999,0.036844733463401225,-0.015147203547104637,0.08065155147503145,0.009678634612153791
E2 拥挤确认,轻工制造,2015-09-29,0.0707558263813226,-0.03122665455013096,0.0232495079985664,-0.01436739440595225,-0.0383974835051345,-0.03122665455013096,-0.03122665455013096,0.04486712086954525,-0.0035813118124331522,0.014577640216794308,-0.005967184044847085,0.0264692718007995,-0.03122665455013096
E2 拥挤确认,电力设备,2015-10-09,0.11953011860604601,0.0527956980141191,0.034297508777609176,0.043744700961712235,0.0527956980141191,0.0527956980141191,0.0527956980141191,0.032956660393768544,0.0051504070096626275,0.029773968268001605,0.0023762339464683535,0.030413309202039107,0.0527956980141191
E2 拥挤确认,美容护理,2015-11-03,0.4130995957688497,0.40847824732999705,0.22634593871590192,0.17480194051859566,0.40847824732999705,0.40847824732999705,0.40847824732999705,-0.0315712088596215,0.1638877795005904,0.19139559236948056,-0.02349094943170993,-0.0315712088596215,0.40847824732999705
E2 拥挤确认,计算机,2015-11-25,0.008833964829059626,-0.1528867207614667,-0.07866341835333623,-0.09261198070177401,-0.09207734019724179,-0.15911146743277582,-0.1528867207614667,-0.016001666893190825,-0.049556000456335125,-0.04875972763563097,-0.055730308682799934,-0.049556000456335125,-0.1528867207614667
E2 拥挤确认,综合,2015-11-30,0.039874220165397656,-0.0034078723969411806,-0.12855087814288813,-0.10471751969357024,-0.10426918813506181,-0.0034078723969411806,-0.0034078723969411806,-0.019849209281152858,-0.043463481607022736,-0.08498333349166243,-0.03019619590660727,-0.043463481607022736,-0.0034078723969411806
E2 拥挤确认,基础化工,2015-12-04,0.053354960018819675,0.040760084308927524,-0.007583137515247418,0.015971976249690822,0.040760084308927524,0.040760084308927524,0.040760084308927524,-0.009951429303124093,-0.006833799987675748,-0.026094073613354807,-0.005982751992739566,-0.006833799987675748,0.040760084308927524
E2 拥挤确认,有色金属,2016-03-03,0.13537845320636577,0.046191721846946976,0.004670189935140012,0.02031731360727762,0.02031731360727762,-0.03794256640257243,0.046191721846946976,-0.017946048484462906,0.012882816209020431,0.04079230780013199,-0.0446135236647498,-0.020674350408298903,0.046191721846946976
E2 拥挤确认,钢铁,2016-03-07,0.13880005704185971,0.08170442222767416,-0.1372923791273596,-0.11008137869450874,-0.1019728458002962,-0.15710596909344698,0.08170442222767416,-0.0408776750652482,-0.00023762588833409204,-0.07692725696617342,-0.0408776750652482,-0.03648698728191557,0.08170442222767416
E2 拥挤确认,食品饮料,2016-05-10,0.053204184380570174,0.04644069651052196,-0.021202890249161,-0.0029385371997775467,0.04644069651052196,0.04644069651052196,0.04644069651052196,-0.009305497965749199,-0.040049006503250606,-0.04440468612250659,-0.009305497965749199,0.04644069651052196,0.04644069651052196
E2 拥挤确认,电子,2016-05-31,0.06080942192981009,-0.011570645125464574,7.295920365857356e-06,-0.04333102248349496,-0.04763341488671724,-0.011570645125464574,-0.011570645125464574,-0.0013867198165778971,-0.009432491222807093,-0.0045085293170366025,0.024655665861132103,-0.0013867198165778971,-0.011570645125464574
E2 拥挤确认,汽车,2016-06-15,0.007528940060355094,-0.030227667237420985,-0.03785138596295634,-0.045543230922092004,-0.030227667237420985,-0.030227667237420985,-0.030227667237420985,-0.021297155402867474,-0.028690389172183917,-0.024414933684651863,-0.009407568939798217,-0.030227667237420985,-0.030227667237420985
E2 拥挤确认,煤炭,2016-08-08,0.46611844827671267,0.3542965884365412,0.05841554666147286,0.055778605527228464,0.3542965884365412,0.3542965884365412,0.3542965884365412,-0.023498836529739275,0.037610750583135566,0.018551846522689264,-0.002432673676993291,0.037610750583135566,0.3542965884365412
E2 拥挤确认,环保,2016-09-06,0.19798778234232262,0.08530232504572433,-0.05118108676463706,-0.013623355782030333,0.07345857580654469,0.08530232504572433,0.08530232504572433,-0.0011910685626711492,-0.048594038157040775,-0.037305542318005536,-0.00034035426565481863,0.08530232504572433,0.08530232504572433
E2 拥挤确认,建筑材料,2016-09-08,0.1627010584527322,0.09647384697806949,0.0472065201170051,0.08098037212501663,0.09647384697806949,0.09647384697806949,0.09647384697806949,0.016421275379639777,0.05304488221107673,0.030566530208621545,0.030566530208621545,0.09647384697806949,0.09647384697806949
E2 拥挤确认,建筑装饰,2016-10-21,0.11277907403545173,0.042104721797716405,0.03553395192934583,0.11133770594367576,0.042104721797716405,0.042104721797716405,0.042104721797716405,0.030779222774523385,0.021692817548902843,0.03022588062356757,0.007540297794599304,0.021692817548902843,0.042104721797716405
E2 拥挤确认,美容护理,2016-10-27,0.24540416274703447,0.05112587990596418,0.0849542311130651,0.17794438885390984,0.11538221689526651,0.05156238204069852,-0.008182007896528787,-0.0010028840548894635,0.04982367720492786,0.13365308339723225,-0.012719974911249321,0.05112587990596418,0.05112587990596418
E2 拥挤确认,钢铁,2016-12-07,0.47508499959951056,0.3604331623488377,0.07434688346617602,0.16568066425643546,0.3150492201935209,0.25351215163616736,0.3604331623488377,0.033711807470231836,0.06338531593630514,0.050465316836057594,0.0009406569340653093,0.3604331623488377,0.3604331623488377
E2 拥挤确认,石油石化,2016-12-14,0.018682123516959637,-0.14356035936591582,-0.05537078150111818,-0.09462754875988422,-0.08351162365893616,-0.13413686451734896,-0.14356035936591582,-0.01396744688040108,0.002132756413042891,-0.019690045322677818,-0.01877613831789471,-0.14356035936591582,-0.14356035936591582
E2 拥挤确认,国防军工,2017-01-09,0.08405592128649264,-0.1781397840169796,0.08126775786892337,-0.060724428372529116,-0.04650217298334103,-0.07896506185599927,-0.1388889298802375,0.0164587078188152,0.06045967450940459,-0.01356490744478378,-0.016740827400871905,-0.1781397840169796,-0.1781397840169796
E2 拥挤确认,环保,2017-04-07,0.11218628850487788,-0.09546364723071132,0.037788910635309536,-0.01023193109734677,-0.003423969019358153,-0.05586559254177692,-0.12029671698408939,0.05596950340598594,0.07412057613168299,0.04958621075880387,0.012364242060598496,-0.12029671698408939,-0.09546364723071132
E2 拥挤确认,建筑材料,2017-04-18,0.003644626177762289,-0.0539077550309871,-0.03730017101526628,-0.06496026131073895,-0.0539077550309871,-0.0539077550309871,-0.0539077550309871,-0.00994044098540725,-0.014254054120970805,-0.046160946747968556,-0.03933158672208481,-0.02056934341243255,-0.0539077550309871
E2 拥挤确认,家用电器,2017-04-20,0.3872681339573236,0.22671540932869227,0.13992536063396255,0.12115592281712328,0.03519348856356763,0.22671540932869227,0.22671540932869227,0.00037632353136629604,0.020931033189693027,0.08007187636044333,0.02052989368201308,0.22671540932869227,0.22671540932869227
E2 拥挤确认,有色金属,2017-07-18,0.1272603087576729,-0.021347316010470685,0.026450721699671664,0.04531684149967852,0.00754694766526387,-0.04188784207076046,-0.021347316010470685,0.024811650383058437,0.015949969830499677,0.036371438605936834,0.06863119228115755,-0.0315721763062663,-0.021347316010470685
E2 拥挤确认,煤炭,2017-07-18,0.24520500137964052,-0.008586073044538955,-0.026911054380166277,0.07132131438339728,-0.017227482777938286,-0.06733985017752031,-0.018483658101280387,0.021629769454978298,-0.03095585979904225,0.009789963844865968,0.030126793750311354,-0.043306956624982074,-0.008586073044538955
E2 拥挤确认,电子,2017-10-25,0.07792008320381583,-0.06235795641347386,-0.03404941886351853,0.011640352498767381,-0.037074659415563205,-0.0872040725984502,-0.06235795641347386,0.06520591139380794,0.03492934802264824,0.01932904815187264,-0.03404941886351853,-0.06979532611314143,-0.06235795641347386
E2 拥挤确认,食品饮料,2017-11-06,0.2991318856945895,0.09651134118309357,0.04820279439364761,0.05861185727321794,0.16866946172854824,0.09706003051956102,0.09651134118309357,0.004248318502626969,-0.019202342455646115,0.03702174201199848,-0.01025781108804591,0.09706003051956102,0.09651134118309357
E2 拥挤确认,通信,2017-11-09,0.045530295915994445,-0.08865758774058896,-0.1173818339419036,-0.07317836686195878,-0.06264995216620561,-0.11369700061902965,-0.1694791576527861,0.030008563264487087,0.030008563264487087,-0.008878977805514499,-0.03755281649272235,-0.1173818339419036,-0.08865758774058896
E2 拥挤确认,房地产,2018-01-05,0.11636654788508016,0.040373107178258705,-0.0343910543915652,-0.11717439499979643,0.0011712632969278491,-0.055034539126377124,-0.108484699478814,0.10804979695843797,0.06995899169312692,0.005206132313503531,0.06655855203424133,0.06995899169312692,0.040373107178258705
E2 拥挤确认,银行,2018-01-17,0.3595020848417987,0.2657325413683562,-0.03945321472274532,-0.016843309376928683,0.0652954503077201,0.01357692437462843,-0.05002574737567156,0.11936690558989249,0.08477554241691188,-0.008849747948144082,0.03250391646033579,0.2657325413683562,0.2657325413683562
E2 拥挤确认,计算机,2018-03-27,0.13346801868578373,0.06851130622251556,-0.020165224740593457,0.01881621719607951,-0.05830958029574751,0.06851130622251556,0.06851130622251556,0.030021570137659825,-0.009767390374985307,-0.009767390374985307,0.008406738198379893,-0.0270170944444863,0.06851130622251556
E2 拥挤确认,美容护理,2018-03-27,0.09064370063019522,-0.15450600402390224,0.038364841548801154,-0.038980280977217174,-0.019599399163280795,-0.07437020637672698,-0.13273156005921005,0.009472877385997558,0.013665530707985152,-0.008681406693937133,-0.008681406693937133,-0.06681326203466598,-0.15450600402390224
E2 拥挤确认,医药生物,2018-04-04,0.11035892547113879,-0.0731729163181093,0.07899030300368759,0.008262622329983316,-0.00407680940133337,-0.06520442422792672,-0.0731729163181093,-0.009918414376119178,0.05453892498840229,0.022406797865179406,-0.01401831545539367,-0.0731729163181093,-0.0731729163181093
E2 拥挤确认,社会服务,2018-05-31,0.039405426518606346,0.026410549517007942,-0.05764372642118332,0.006527004005939974,0.026410549517007942,0.026410549517007942,0.026410549517007942,0.024082390144201993,0.01959897681349565,-0.02819542387877272,0.03365234729651756,0.026410549517007942,0.026410549517007942
E2 拥挤确认,石油石化,2018-08-08,0.11531704002863452,-0.21086285227502055,0.00850715290043369,-0.09548293551859954,-0.0053455089355689545,-0.056598074692083,-0.11233603679167792,-0.03164838247995427,-0.03812332979161981,-0.0053455089355689545,-0.035508381640049325,-0.21086285227502055,-0.21086285227502055
E2 拥挤确认,银行,2018-08-24,0.2100222242090677,0.013528522902472417,0.11105129728339924,0.06349490405396407,0.0830103708010792,0.019557249546504618,-0.04091725350510267,0.019038854612545064,0.10142390680566016,0.06408761621269377,-0.016312660754163932,0.013528522902472417,0.013528522902472417
E2 拥挤确认,通信,2018-09-13,0.1281623388251203,0.09407107073633725,-0.010593221294614152,0.050768268983448994,0.09407107073633725,0.09407107073633725,0.09407107073633725,-0.003310260063269954,-0.003310260063269954,-0.07823114398680897,-0.031255568702554526,-0.06142154970904257,0.09407107073633725
E2 拥挤确认,非银金融,2018-10-22,0.18848037086083624,0.1079281206866407,0.015950296307023493,0.0735132159735421,0.05175776944447463,0.1079281206866407,0.1079281206866407,0.013075122402026684,0.0014422657319921317,-0.027881613260801186,0.009033016564859553,0.1079281206866407,0.1079281206866407
E2 拥挤确认,电力设备,2018-12-26,0.023903225889592816,-0.07389125373048044,-0.040869775803231256,-0.09395612903438721,-0.0785364905754048,-0.07389125373048044,-0.07389125373048044,0.001205080460580099,-0.001674124794771803,-0.014154460321835094,-0.001284336380564799,-0.07389125373048044,-0.07389125373048044
E2 拥挤确认,农林牧渔,2019-01-23,0.22003110363551182,-0.012978823201813872,0.16614701231546047,0.13718535203667526,0.0962006378895377,0.0225596742328098,-0.027454068058049286,-0.01669955216330221,-0.01669955216330221,0.0962006378895377,-0.0008051584669258594,-0.07990519317565825,-0.012978823201813872
E2 拥挤确认,计算机,2019-03-11,0.1672421178858603,0.13623476213414265,-0.056364129747009994,-0.004996125544227015,0.13623476213414265,0.13623476213414265,0.13623476213414265,-0.04335960483645229,-0.07719711675647489,-0.07719711675647489,-0.053087474724967776,-0.037591884441845025,0.13623476213414265
E2 拥挤确认,国防军工,2019-03-25,0.09423442943305771,-0.17681921874673612,-0.05178920322892189,0.01488234505042274,-0.029256786872442042,-0.073834228016872,-0.13178897173863557,-0.09203410000175771,-0.09773890097920168,-0.05142925361290318,-0.05572515733200578,-0.05572515733200578,-0.17681921874673612
E2 拥挤确认,家用电器,2019-04-10,0.12319692634792201,0.004874841781147277,0.052220812344338396,0.04593553172914877,0.007816474769760662,0.004874841781147277,0.004874841781147277,0.001074289130242656,0.04157010939488681,0.02620725455639339,-0.017781402030525473,0.004874841781147277,0.004874841781147277
E2 拥挤确认,食品饮料,2019-05-06,0.228133875243822,0.21475787366301202,0.09150295045824208,0.12920323496271768,0.0582586326580905,-1.83952722953018e-05,0.21475787366301202,0.017119428134840575,0.015358297112940456,0.0930254688487917,0.018310016367002246,0.21475787366301202,0.21475787366301202
E2 拥挤确认,电子,2019-07-31,0.49225828223348045,0.2853646917083721,0.11303198605144327,0.310986330658799,0.33327798989334334,0.2602009182781657,0.2853646917083721,-0.0031998254301141005,0.12669652404247844,0.29741613245900766,0.310986330658799,0.39810594169097424,0.2853646917083721
E2 拥挤确认,计算机,2019-09-09,0.12325753195368372,-0.03489238054664634,-0.008181700651238244,0.057222457337040344,0.010141141464138803,-0.03489238054664634,-0.03489238054664634,-0.0269983281733287,-0.021760092207103843,-0.0388719241325759,-0.0388719241325759,-0.003592654490066405,-0.03489238054664634
E2 拥挤确认,美容护理,2019-10-22,0.2138876581120266,0.12168916575930555,-0.10922153095468012,-0.029062843751229694,-0.0843472235434568,-0.13770014001086495,0.12168916575930555,-0.01953774906207517,-0.04979968228160003,-0.07271510917045587,-0.031192150747720082,0.12155419109790078,0.12168916575930555
E2 拥挤确认,传媒,2020-01-02,0.057533838011188054,-0.2901677722588065,-0.07045137694789139,-0.02011218930354841,-0.04968253943160561,-0.1016954263240819,-0.15880740324168974,-0.0045668670507861275,-0.0006180510512602266,-0.009488308984609839,0.000633527116749466,-0.0301892880358412,-0.2901677722588065
E2 拥挤确认,医药生物,2020-02-05,0.09523558791210718,0.02600814684071806,-0.04580069974728307,0.08917580087597332,-0.09652140001862586,0.02600814684071806,0.02600814684071806,-0.12551499156821955,-0.10208385828067934,-0.13553123813096224,-0.12072945354214515,0.02600814684071806,0.02600814684071806
E2 拥挤确认,通信,2020-03-10,0.017925556091916706,-0.33748064123205046,-0.12662675936633006,-0.20248997912367805,-0.08762072058846004,-0.13784397371504276,-0.19057738425502602,-0.027580443982025526,-0.05267649933941998,-0.07533645061904182,-0.03530552454113134,-0.027580443982025526,-0.33748064123205046
E2 拥挤确认,农林牧渔,2020-03-26,0.10131002090709429,-0.10643215335595047,-0.0651544113946323,-0.07449423828447554,-0.011469197766595496,-0.0734849727237793,-0.12204498887476978,0.03809662241795886,-0.005924411518513084,-0.018701781924662986,0.03809662241795886,-0.10643215335595047,-0.10643215335595047
E2 拥挤确认,美容护理,2020-04-23,0.25297686552122856,0.18589755436796707,0.12103337280401916,0.09392848507015383,0.05764848590430738,0.0049041204058695165,0.18589755436796707,0.10076758946690889,0.05764848590430738,0.10076758946690889,-0.00867739888471386,0.10076758946690889,0.18589755436796707
E2 拥挤确认,食品饮料,2020-04-29,0.48564259695681744,0.34963291220348824,0.10427023996374518,0.22431212984963556,0.3103968555518466,0.2611728918805196,0.34963291220348824,0.10100396304765313,0.14393961963639978,0.3510953782474733,-0.028874476905956015,0.34963291220348824,0.34963291220348824
E2 拥挤确认,社会服务,2020-06-15,0.2545458500720199,0.06847088590474337,0.10428983075054288,0.05499205365083726,0.026959327462942495,0.06847088590474337,0.06847088590474337,0.06912504408915532,0.12865362034308525,0.07479965162408142,0.0013579327126200802,0.07407761896556297,0.06847088590474337
E2 拥挤确认,非银金融,2020-07-06,0.0012653988388084958,-0.2598885930322641,-0.026064649204717627,-0.0771212542770694,-0.10061462405482469,-0.15312618607535278,-0.202862419429105,-0.06345570386039423,-0.0668637195618148,-0.07780971686328819,-0.06345570386039423,-0.05409945563465235,-0.2598885930322641
E2 拥挤确认,国防军工,2020-07-20,0.2955261489175267,0.0536574792347706,0.0687766733444195,0.27576751648769204,0.014540798704851143,0.0991933112397414,0.03333027978202985,0.026967224449145233,0.013716800789895345,0.03928212678823151,0.06568183276230055,0.021198130218604394,0.0536574792347706
E2 拥挤确认,电力设备,2020-09-11,0.759425980422239,0.6738247483672941,0.16910308914456063,0.23320476516896527,0.1975579345411742,0.6738247483672941,0.6738247483672941,0.01766411298792514,0.029404936594176645,0.23824583462804205,0.10899339058130919,0.5695712762333736,0.6738247483672941
E2 拥挤确认,汽车,2020-10-28,0.17109778433840317,0.17109778433840317,0.00764551590548157,-0.01488684154778186,-0.03125836555357664,0.17109778433840317,0.17109778433840317,0.026163796132935513,0.026759222239983282,0.019166148642848935,0.011726619475882272,0.17109778433840317,0.17109778433840317
E2 拥挤确认,家用电器,2020-11-04,0.019015521216254827,-0.16721484760772998,-0.014109970857486442,-0.003115566776301315,-0.08821360428369329,-0.13879855386696238,-0.18695716929573059,-0.020339471177049484,-0.013848865529240917,-0.024617672822325187,-0.005715342879882623,-0.16721484760772998,-0.16721484760772998
E2 拥挤确认,有色金属,2020-11-23,0.7875754684491547,0.5464212111676419,0.2692940151410488,0.21948443601762047,0.14009126637620906,0.5131198567424073,0.4141515930578934,-0.018704407109175536,0.1669152247585557,0.10957394844596746,-0.010885124083758524,0.6434529201884196,0.5464212111676419
E2 拥挤确认,银行,2020-11-30,0.16389930257511054,-0.132137117575314,0.057180429374796615,0.05342228845192887,0.04060250711581981,-0.011837293210068545,-0.07338926074980556,-0.024664118106448196,-0.05160517160503575,-0.08740576670915268,-0.02994591742373076,-0.132137117575314,-0.132137117575314
E2 拥挤确认,煤炭,2020-12-18,0.6092783042334633,0.2650802862925512,0.039489642718946616,0.07956261769875272,-0.054736638056549936,0.03566504045369823,0.2675367475596435,-0.07082869589803353,-0.0790432824313897,-0.0790432824313897,-0.013395680204553062,0.10954561418849962,0.2650802862925512
E2 拥挤确认,美容护理,2021-02-10,0.0481757417593458,-0.3827135129174075,0.03756463016754563,-0.22172216452186044,-0.10460242138637088,-0.11310170056411117,-0.19812074166785498,-0.10460242138637088,-0.13111872116349232,-0.13111872116349232,-0.06970254937199738,-0.19621939917926468,-0.3827135129174075
E2 拥挤确认,钢铁,2021-03-03,0.4188246286752231,0.11606070154201964,0.01495522607766131,0.18921959150233936,0.09849321978366898,0.03845876713375862,0.1338851679455686,0.008690504648676711,0.0018705623913906066,0.02749565816539401,0.0099413151514256,0.1104848938294194,0.11606070154201964
E2 拥挤确认,公用事业,2021-03-12,0.22432847467262906,0.08419966272047641,-0.05344878078641635,0.034976889802571964,-0.024385073440657212,-0.077991737589307,0.08419966272047641,0.03344646280996599,-0.044996853493263766,-0.044996853493263766,-0.03298769371229393,0.08419966272047641,0.08419966272047641
E2 拥挤确认,基础化工,2021-03-18,0.3081513676124734,0.15891741788523261,-0.015374939217365324,0.2247632226033094,0.15709567243722233,0.09485412836492735,0.15891741788523261,-0.015741370316782022,-0.04836268480846517,-0.04459786852384129,-0.04177769565802869,0.18197877577558885,0.15891741788523261
E2 拥挤确认,环保,2021-03-22,0.015510920819060692,-0.15740830921556015,-0.1914782999441469,-0.14808309245867246,-0.08770242213948587,-0.1370008218463008,-0.1883697145310963,-0.08770242213948587,-0.1370008218463008,-0.13228362604824373,-0.08738211609359481,-0.15740830921556015,-0.15740830921556015
E2 拥挤确认,建筑装饰,2021-03-31,0.1408850733246494,0.09068041920407222,-0.1384804543029049,-0.04388716052475816,-0.10838411160896466,0.09068041920407222,0.09068041920407222,-0.026470304743957507,-0.08273573341566376,-0.07683060804743358,-0.025225889527839107,0.09068041920407222,0.09068041920407222
E2 拥挤确认,纺织服饰,2021-04-07,0.002077016116241559,-0.20876161443225028,-0.09041909801427139,-0.24996581213110736,-0.10314903961848765,-0.15209836706283775,-0.20442815846414897,-0.048631384425231516,-0.09583698361217874,-0.047306039396590616,-0.08229835085043546,-0.20876161443225028,-0.20876161443225028
E2 拥挤确认,医药生物,2021-04-30,0.009996340137241377,-0.22729796239607292,-0.13260430758619768,-0.2449899231874294,-0.1003949828274926,-0.15603032552773533,-0.200207466388729,-0.0505198714021573,-0.11617114368038961,-0.06875544138546474,-0.036473198625957326,-0.1798370937424879,-0.22729796239607292
E2 拥挤确认,综合,2021-06-09,0.11630171101151965,-0.06983359576545134,0.04055295797973346,-0.08843812689721853,0.002786869153879268,-0.05291113028699623,-0.1108349124949688,0.055556225760974076,-0.013771432918563975,0.009858179198069195,0.02744062733385877,-0.05291113028699623,-0.06983359576545134
E2 拥挤确认,电子,2021-07-27,0.009798640081030818,-0.1476334851359824,-0.12121291183453908,-0.10908357288208037,-0.10043804033816572,-0.14228351555425345,-0.19499321754154753,-0.057628572953303814,-0.1025035812421149,-0.07330159159437355,-0.005286732352513979,-0.21440027161273467,-0.1476334851359824
E2 拥挤确认,汽车,2021-08-12,0.17578917567867958,0.08075019357589097,0.01030366715531228,-0.07551926835442002,-0.0722475849707187,-0.12103045231868559,0.08075019357589097,-0.03167144912568609,-0.07844742329091625,-0.06609175419285396,-0.03181057870575421,-0.10555228487270063,0.08075019357589097
E2 拥挤确认,机械设备,2021-08-23,0.05817380721429455,-0.007332184842466005,-0.013294468213431165,-0.04234691800310586,-0.11023441704670367,-0.007332184842466005,-0.007332184842466005,-0.04728502736371343,-0.06446355343173527,-0.07002733247126602,-0.0456134167742297,-0.12096276538799045,-0.007332184842466005
E2 拥挤确认,石油石化,2021-09-14,0.26410127156369034,0.18095852670700885,-0.12187087285549048,-0.004407577977314947,-0.04736671788713731,-0.10055262253123731,-0.15269557366989095,0.01932248218770316,-0.07378675707705917,-0.07423740351923913,-0.022722454599741204,0.09827468911412574,0.18095852670700885
E2 拥挤确认,传媒,2021-12-14,0.13901884097340544,-0.06309436248603428,-0.052781033442433234,-0.07148028203904844,0.023940366917770017,-0.033513769783712566,-0.0917150222783345,0.08495776276139089,0.01362138713264538,-0.0020251427729448546,0.011393603616610015,0.01362138713264538,-0.06309436248603428
E2 拥挤确认,建筑装饰,2022-01-07,0.20275409632762642,-0.04222847979327471,0.14229441978525603,0.007912658407013717,0.06621643532194543,0.02231217358579962,-0.03861391707984907,-0.04302428866251762,0.0023251192869637727,0.08599056867162935,-0.021872154404806055,-0.060191514529578605,-0.04222847979327471
E2 拥挤确认,计算机,2022-01-18,0.01580267750040787,-0.05699007927141431,-0.130777157948057,-0.20617045774703902,-0.09089085006459874,-0.1458334029688776,-0.1905279355407009,-0.016947806631633644,-0.016947806631633644,-0.06716940835534368,-0.048505270192039984,-0.016947806631633644,-0.05699007927141431
E2 拥挤确认,交通运输,2022-03-03,0.08692047327896812,0.02225393875765569,0.032747733809102675,-0.02275793574720264,-0.023615487594969342,-0.07908696069768695,0.02225393875765569,-0.01967035097494807,-0.01967035097494807,-0.0523428639725686,-0.01967035097494807,0.08692047327896812,0.02225393875765569
E2 拥挤确认,房地产,2022-03-22,0.16329324269620615,-0.16028179849661484,-0.07189455997868144,0.00794787868335689,0.03409202489392005,-0.017232878893911674,-0.07257220858567381,0.11162970995634791,0.0769426585034132,0.026594298922769655,-0.06916583344604965,0.12934424450950277,-0.16028179849661484
E2 拥挤确认,钢铁,2022-04-07,0.05603396432551966,-0.17794401588066822,-0.06141984137726131,-0.1367875729196386,-0.05096500493432832,-0.1024443222187923,-0.15785508870919263,0.006913399433179368,0.010136107592801258,-0.03149716503705946,0.006913399433179368,0.004367725908072995,-0.17794401588066822
E2 拥挤确认,农林牧渔,2022-04-19,0.013325454596065045,-0.19934305640752392,-0.14326440918639005,-0.10395573083433962,-0.09189080196808108,-0.1534128598938158,-0.1901841867642977,-0.03842850565396971,-0.02080730673751674,-0.12561402332818794,-0.03842850565396971,-0.03842850565396971,-0.19934305640752392
E2 拥挤确认,银行,2022-04-25,0.016351664499969276,-0.12627949834352947,-0.24331041617019655,-0.2450179144571759,-0.09173677820011006,-0.13679042981511202,-0.1947784771512835,0.016351664499969276,0.016351664499969276,-0.13515151432469819,-0.05459123615726258,-0.12627949834352947,-0.12627949834352947
E2 拥挤确认,家用电器,2022-06-24,0.09825035005685079,0.08431879349331828,0.030297141318477383,-0.021715182444932646,-0.056993033871342025,0.08431879349331828,0.08431879349331828,-0.005856341762584316,-0.018099987895610514,-0.010506957997712618,-0.009624563916147078,0.08431879349331828,0.08431879349331828
E2 拥挤确认,电力设备,2022-07-07,0.04836641163720223,-0.18677619417876667,-0.045436183273782405,-0.09852621425488062,-0.07196141887032914,-0.12107462850970407,-0.16360195238266184,0.005805216718442807,-0.03295438717114041,-0.03295438717114041,-0.014344242547016717,-0.03295438717114041,-0.18677619417876667
E2 拥挤确认,机械设备,2022-07-20,0.08128644269989671,0.010380037226034533,0.02218839283871854,-0.012906492825749405,-0.036211745127737505,0.010380037226034533,0.010380037226034533,0.025920113493047348,-0.002591020678134326,-0.0013457638759739599,-0.0013457638759739599,0.010380037226034533,0.010380037226034533
E2 拥挤确认,国防军工,2022-08-03,0.07802155359011653,-0.013194043728806282,0.02709528930074634,-0.06442460966439201,-0.037514047582526966,-0.08387673981662813,-0.013194043728806282,-0.08202049685595636,-0.0860652574785038,-0.0860652574785038,-0.0525495427122874,-0.013194043728806282,-0.013194043728806282
E2 拥挤确认,医药生物,2022-11-02,0.058540771672406455,-0.046853320138289134,-0.038801892223024215,-0.03284398914377984,-0.05283426710252248,-0.10456834612253407,-0.046853320138289134,0.015017665718511486,-0.008244338268277529,-0.008244338268277529,-0.01640325067721693,-0.046853320138289134,-0.046853320138289134
E2 拥挤确认,社会服务,2022-11-11,0.14493370970088204,-0.08377689618609663,0.05975362731073153,0.00844466534574817,0.029523730265236914,-0.03227494003904563,-0.0925839354236041,-0.0506800097576513,0.03837782937051437,0.03662442466293103,-0.04351287467659892,-0.08377689618609663,-0.08377689618609663
E2 拥挤确认,房地产,2022-11-28,0.0582370860798298,-0.17838064160292932,-0.08002354954421487,-0.21331243990013116,-0.053899080874976635,-0.10123820298280672,-0.15421284694685045,0.006614851574515246,-0.08975047339409081,-0.04751512224637733,-0.004093400950367254,-0.08691224675950782,-0.17838064160292932
E2 拥挤确认,商贸零售,2022-12-08,0.04485946445098965,-0.04391533815509818,-0.056727095552149165,-0.059511123446584935,-0.06211886073011785,-0.11576895256119768,-0.04391533815509818,0.0149813040961706,-0.056727095552149165,-0.06211886073011785,-0.023120380728516965,-0.04391533815509818,-0.04391533815509818
E2 拥挤确认,美容护理,2022-12-22,0.02750269693002383,-0.251136200527864,-0.11439716870532801,-0.17487972347399927,-0.07822630397875197,-0.13668178312868984,-0.17876127713253576,-0.06959355195763961,-0.07639566376417695,-0.06943828668288043,-0.011148373021362068,-0.2232815777154561,-0.251136200527864
E2 拥挤确认,轻工制造,2022-12-23,0.13881264300535778,0.07070389148472533,-0.0044078551948049105,0.03987162629623242,-0.06786731121173573,0.07070389148472533,0.07070389148472533,-0.000500731000826593,-0.003252463127708105,-0.04239690200356716,0.014267570993561574,0.07070389148472533,0.07070389148472533
E2 拥挤确认,计算机,2023-02-28,0.27223650843638914,0.08426303076574171,0.12706662070826935,0.13411894693432957,0.08796261767732028,0.0805009918622619,0.010654889606784401,0.1476825886441524,0.09522395343075196,0.0999432337732804,0.0805009918622619,0.15703957754876674,0.08426303076574171
E2 拥挤确认,通信,2023-03-09,0.28237376813599346,0.27288555276947823,0.14020188514153564,0.09840564787809614,0.10924746463398516,0.27288555276947823,0.27288555276947823,0.10681810738167274,0.038505042527927635,0.020248997157995552,0.09912839634448556,0.12102801537077523,0.27288555276947823
E2 拥挤确认,传媒,2023-03-17,0.3312772080309736,0.1859188147980868,0.3092242839445296,0.09495821155210549,0.16005773377718402,0.11345032417750645,0.06447886169339401,0.2064371932233069,0.13985518773480554,0.15323021226478328,0.08877415489872198,0.2167610094239001,0.1859188147980868
E2 拥挤确认,电子,2023-04-03,0.04409437332651356,-0.0587353786319591,-0.0042086316044388505,-0.05057221306261639,-0.06132113038179521,-0.0587353786319591,-0.0587353786319591,-0.00935545590064546,-0.019313971091637683,-0.04234832672052791,-0.0473064218886583,-0.00935545590064546,-0.0587353786319591
E2 拥挤确认,建筑装饰,2023-05-05,0.002083553243215075,-0.08872441615606608,-0.04676229890118311,-0.11633500489581006,-0.1026110895314013,-0.15031035071301746,-0.08872441615606608,-0.05206745117354916,-0.062321565158897196,-0.1026110895314013,-0.062321565158897196,-0.08872441615606608,-0.08872441615606608
E2 拥挤确认,银行,2023-05-08,0.38397373214290376,0.22488623866329438,-0.03486058278186399,0.013046710715054033,-0.09939259878394169,0.1729741786943675,0.09474027901933746,-0.048293109138662804,-0.07721921421745459,-0.09939259878394169,-0.04277314559937295,0.22488623866329438,0.22488623866329438
E2 拥挤确认,非银金融,2023-05-09,0.17231135912207152,0.013788881156370447,0.03932894515552321,0.004755194348016634,-0.10039426226008508,-0.015909303797047802,0.013788881156370447,-0.06644046822548288,-0.06644046822548288,-0.09409383495397217,-0.033875403076155663,0.013788881156370447,0.013788881156370447
E2 拥挤确认,国防军工,2023-05-17,0.0856720744349535,0.034045077859315764,-0.045801939474349185,-0.05374268690743356,0.034045077859315764,0.034045077859315764,0.034045077859315764,-0.03283069469856137,-0.03283069469856137,-0.06498945911865162,-0.01971588629762866,0.034045077859315764,0.034045077859315764
E2 拥挤确认,汽车,2023-07-04,0.1457546513338741,0.13789382611466094,0.023084492393450562,0.08130447632281768,0.027201300259008354,0.13789382611466094,0.13789382611466094,-0.016176455469500306,-0.030854394148205344,0.07838599203803187,-0.02177829983451085,0.13789382611466094,0.13789382611466094
E2 拥挤确认,房地产,2023-07-31,0.04620911408121686,-0.14506051203308157,-0.09910306185657636,-0.12006124598561863,-0.061936900579591225,-0.11211651925345811,-0.16437501925499387,-0.021893986373321628,-0.04782521908909054,-0.0634889113450593,-0.02058799040369874,-0.018558100840248892,-0.14506051203308157
E2 拥挤确认,轻工制造,2023-08-15,0.03713274876296291,-0.2747388583256689,-0.005946783315214477,-0.16160757658206593,-0.07490606887304363,-0.14641796348367886,-0.17228288652112078,0.023169538654236543,0.009172264157104815,-0.016057697715375685,0.006236077747603375,-0.08544900372584507,-0.2747388583256689
E2 拥挤确认,环保,2023-08-28,0.0,-0.1892365801134751,-0.07637836007256982,-0.1787055771681192,-0.10247456860528814,-0.17176236942471657,-0.20786810779789955,-0.06939995158691536,-0.06939995158691536,-0.08183984372135644,-0.06939995158691536,-0.14830426562786037,-0.1892365801134751
E2 拥挤确认,煤炭,2023-09-14,0.4300810616839805,0.19601272006683557,0.041832214028492354,0.15482495386952322,-0.08926837769132323,0.19243564971273375,0.13496337924452506,-0.04473132596508422,-0.07992088888590188,-0.07992088888590188,-0.004418345234003973,0.19601272006683557,0.19601272006683557
E2 拥挤确认,石油石化,2023-10-16,0.27836880897670224,-0.021154202701747837,0.02265694457625944,0.21129170543949316,-0.09234586761581964,0.06702431859002322,0.02064903180742439,0.0047014272590923945,-0.04466960127746611,-0.08054666773892905,0.0047014272590923945,-0.021154202701747837,-0.021154202701747837
E2 拥挤确认,综合,2024-01-17,0.663076387559248,0.19489555267574166,-0.17920809579953256,-0.26790568583924756,-0.11791038358568462,-0.14786440426019964,-0.19955642537093954,-0.03895200776623675,-0.03895200776623675,-0.09610737673030112,-0.03895200776623675,-0.06065043503038259,0.19489555267574166
E2 拥挤确认,银行,2024-01-26,0.3801883259771399,0.0702477695334518,0.044318787302466855,0.25689343686134314,0.10078751460738156,0.04274113260401635,-0.0268066090572483,-0.036947720385815286,0.10075070700403832,-0.031101299330357546,0.011124224778191305,0.0702477695334518,0.0702477695334518
E2 拥挤确认,建筑装饰,2024-01-30,0.0071216245507739195,-0.15023556929366644,-0.10869679963094825,-0.08046079828954733,-0.10028264162962042,-0.1443002146268404,-0.15023556929366644,-0.016500420043389696,0.0071216245507739195,-0.10752470452647123,-0.025994503027311544,-0.15023556929366644,-0.15023556929366644
E2 拥挤确认,通信,2024-02-27,0.11952124320673896,0.02549670114800251,-0.014286593231179867,0.03924895855395105,0.02549670114800251,0.02549670114800251,0.02549670114800251,-0.00803332097353604,-0.007485652419598088,-0.01140977568906254,0.0031267774140117943,0.051008835089380256,0.02549670114800251
E2 拥挤确认,有色金属,2024-04-03,0.04224477200768484,-0.10728194103502775,-0.024152218388171498,-0.0752904511239898,-0.0623695502728181,-0.11868054353738122,-0.16831778613813075,-0.017239154533282175,-0.018064419395793285,-0.03730509225159062,0.039330103971299435,-0.10420360876585255,-0.10728194103502775
E2 拥挤确认,家用电器,2024-04-18,0.06953073088938955,0.03089527000669956,-0.01990274219645527,0.0016542408603501535,0.03089527000669956,0.03089527000669956,0.03089527000669956,0.013251100501270763,0.032429495145707365,-0.014614606036385425,0.012019219278794457,0.01839431249342449,0.03089527000669956
E2 拥挤确认,国防军工,2024-04-22,0.09267606851563404,-0.1223463562196403,0.03423988432645575,-0.033630878463503544,-0.02509236672866011,-0.07164773563214921,-0.13299987835971605,-0.04512947042621185,-0.047553029861717055,0.012594102862294232,-0.03883541132745616,-0.1223463562196403,-0.1223463562196403
E2 拥挤确认,公用事业,2024-05-24,0.09068879537002705,-0.19687022302939206,0.033311925035771406,-0.1963733206540612,-0.032510749325248,-0.10154957154022282,-0.16110109227990577,0.03852743861272789,0.013037735513598214,0.015727301202526522,0.002566441642787076,-0.19687022302939206,-0.19687022302939206
E2 拥挤确认,交通运输,2024-06-11,0.05720038402620986,-0.11555505310674408,0.010194256837265492,-0.11781902400931177,-0.060279164034106936,-0.1122075356501987,-0.16115662885271798,-0.004536854118309508,-0.004536854118309508,0.012990597178123675,-0.02161883208329729,-0.11555505310674408,-0.11555505310674408
E2 拥挤确认,电子,2024-07-09,0.07374431756354372,0.002960740707411036,-0.010757570084568013,0.012793876039180585,0.002960740707411036,0.002960740707411036,0.002960740707411036,-0.007286320198621299,-0.007286320198621299,-0.058288447537412025,-0.058288447537412025,-0.010757570084568013,0.002960740707411036
E2 拥挤确认,综合,2024-09-12,0.8151772543299944,0.24078180525600135,0.4596007510806406,0.43021369088812267,0.5668782060293791,0.5374750975677907,0.4464879112621174,0.4835502077118341,0.3540675614395594,0.4129526586153758,0.15283183819876922,0.4835502077118341,0.24078180525600135
E2 拥挤确认,非银金融,2024-09-24,0.09104187447942169,-0.14757836940245705,0.005060746629370394,-0.09009981997079741,-0.01808413926502539,-0.07567744841853019,-0.13372016134821485,0.025551591767444037,0.0022601978187912763,-0.0125039962376986,-0.002258927380394793,0.047235652606747225,-0.14757836940245705
E2 拥挤确认,计算机,2024-10-15,0.15266451294473038,-0.034654309634228664,-0.018172781843371566,0.03441513307675126,0.010496043322383963,-0.021515371145529927,-0.034654309634228664,0.014361295386705608,0.0021725383016750754,0.0021725383016750754,0.002947961738284599,-0.03062339980893114,-0.034654309634228664
E2 拥挤确认,环保,2024-11-01,0.00946243868565122,-0.12095225107886787,-0.08065375252081586,-0.06790081902288769,-0.09198333515349788,-0.14420596120297724,-0.12095225107886787,-0.009463818625668807,-0.06030541735297701,-0.044623031810535174,-0.019468191616090924,-0.12095225107886787,-0.12095225107886787
E2 拥挤确认,轻工制造,2024-11-26,0.02422017781526198,-0.10926918671761232,-0.09201678399638691,-0.008759631259881329,-0.08068222151149873,-0.13051175698270723,-0.10926918671761232,-0.01739505975930311,-0.05017450894062825,-0.07040695024933363,-0.006968792107025945,-0.10924474245692917,-0.10926918671761232
E2 拥挤确认,商贸零售,2024-11-28,0.11439895197611705,-0.1385404014963254,-0.024274461049717533,0.008272834270747209,-0.005956145281700964,-0.05372955468301632,-0.10941786577415491,0.019156545759703825,0.03328723884891516,-0.005956145281700964,-0.005956145281700964,0.04186669750432426,-0.1385404014963254
E2 拥挤确认,机械设备,2024-12-04,0.09004864428851356,0.04580987605326503,0.08038071845726846,0.039715052286000585,0.04580987605326503,0.04580987605326503,0.04580987605326503,-0.029713859302946344,-0.02330071654482957,0.01281091374152532,-0.02786165494792603,0.053347793124813414,0.04580987605326503
E2 拥挤确认,农林牧渔,2025-04-08,0.0,-0.31447425442648214,-0.17197216650018765,-0.2807269461318319,-0.10111467095846649,-0.1574529869060588,-0.20121854825032015,-0.13267999481650705,-0.13267999481650705,-0.1798478650158002,-0.13267999481650705,-0.31447425442648214,-0.31447425442648214
E2 拥挤确认,美容护理,2025-04-15,0.0998121300700967,-0.32500668398470756,-0.05071055767892019,-0.15582313444510432,-0.011629463889962666,-0.06788309145588367,-0.12124471682394788,0.025106578676079128,-0.060384631063605365,-0.013506583368072311,-0.019761164905081063,-0.32500668398470756,-0.32500668398470756
E2 拥挤确认,纺织服饰,2025-05-16,0.06397076697918225,-0.26051911652072013,-0.03437433967360204,-0.10251671133418727,-0.04801438354756293,-0.10025591794347122,-0.15402334779044535,0.004226670944631472,-0.1392513111235315,-0.023607174201376813,-0.0071089736190333985,-0.26051911652072013,-0.26051911652072013
E2 拥挤确认,银行,2025-06-03,0.038026313765118225,-0.23259625578759158,-0.16304015938293392,-0.1481540089843777,-0.07947833241704827,-0.11947456316770144,-0.17465165406246952,-0.04301466032604706,-0.13467233819275193,-0.015124905515656373,-0.00884376415295407,-0.23259625578759158,-0.23259625578759158
E2 拥挤确认,石油石化,2025-06-13,0.276681766739439,-0.2924368862225628,-0.16460049116760123,-0.11458242237912297,-0.06256606041706148,-0.11860353719995931,-0.16420198560492227,-0.05558612522945594,-0.16460049116760123,-0.055705008026288305,-0.04957802179193038,-0.2924368862225628,-0.2924368862225628
E2 拥挤确认,国防军工,2025-06-30,0.04175895191847734,-0.13494017513506829,-0.17496759774563364,-0.1199555990917075,-0.09213009712955278,-0.15177769502864313,-0.16932182074822222,-0.1348291369269844,-0.13967650262628362,-0.05484121116948715,-0.014298247853965607,-0.13967650262628362,-0.13494017513506829
E2 拥挤确认,通信,2025-07-16,0.767870542803083,0.4349334278092507,0.0902889582139792,0.24527245882390925,0.5877660220276386,0.4349334278092507,0.4349334278092507,0.10550969397442933,0.09081213884791306,0.09876576017567573,0.005785270196553949,0.15668017747617102,0.4349334278092507
E2 拥挤确认,电子,2025-08-22,0.7127330291158909,0.3777371763620705,0.029482380151864884,0.11934862368283672,0.5117640122155287,0.41807300477269593,0.3277131344687796,0.06803350722891865,0.035037303181256085,0.035349972862816825,-0.006192180823840765,0.5952950142983109,0.3777371763620705
E2 拥挤确认,有色金属,2025-09-01,0.3977447467724242,0.1810981203062494,0.08330994428591376,0.2933728077999809,0.2547752113808748,0.1641120438905177,0.10572446480463227,-0.025585186253285874,0.06707963380772686,0.1641120438905177,-0.0030346627945641025,0.2547752113808748,0.1810981203062494
E2 拥挤确认,电力设备,2025-09-05,0.13744271231754768,-0.13284205966800056,0.028800075800070157,0.11285344587129242,0.019479736257698832,-0.03466721790830285,-0.09394889725931899,0.028845434044574958,0.030769409226971467,0.022231128600705974,0.00019445751009405932,-0.13284205966800056,-0.13284205966800056
