,bias_5,bias_10,bias_20,bias_60,bias_120,bias_250,ma_align,macross_5_20,macross_10_60,macross_20_120,ret_1,ret_5,ret_20,ret_60,ret_120,ret_250,mom_12_1,macd_dif_12_26,macd_dea_12_26_9,macd_hist_12_26_9,macd_dif_6_13,macd_dea_6_13_5,macd_hist_6_13_5,rsi_6,rsi_14,rsi_24,kdj_k,kdj_d,kdj_j,wr_14,cci_14,boll_pos_20,boll_width_20,dist_high_20,dist_high_60,dist_high_250,dist_low_20,dist_low_60,dist_low_250,new_high_250,vol_20,vol_60,atr_14,amplitude_20,max_ret_20,min_ret_20,skew_20,amt_ratio_5_20,amt_ratio_20_60,pv_corr_20,obv_chg_20,log_amount_20,amihud_20,vol_chg_1,abnormal_amt_1,streak,gap_1,upper_shadow_5,lower_shadow_5,limit_up_20,limit_down_20,close_pos_1,intraday_ret_1,overnight_ret_5,ev_macd_golden,ev_macd_dead,ev_kdj_golden_low,ev_rsi6_oversold,ev_rsi6_overbought,ev_break_high_20,ev_break_low_20,ev_ma_golden_5_20,ev_limit_up,ev_limit_down
bias_5,1.000,0.838,0.624,0.373,0.264,0.182,0.191,0.267,0.077,0.027,0.684,0.795,0.379,0.219,0.154,0.104,-0.001,0.203,0.069,0.460,0.439,0.236,0.762,0.783,0.578,0.458,0.537,0.304,0.709,-0.711,0.732,0.695,-0.005,0.563,0.372,0.189,0.561,0.378,0.214,0.189,-0.004,-0.007,-0.095,-0.004,0.124,0.137,0.081,0.023,0.009,0.158,0.293,0.004,-0.006,-0.010,0.049,0.665,0.427,-0.006,0.011,0.051,-0.050,0.465,0.624,0.500,0.189,-0.189,0.057,-0.266,0.279,0.330,-0.338,0.137,0.081,-0.069
bias_10,0.838,1.000,0.849,0.532,0.381,0.263,0.430,0.603,0.205,0.071,0.486,0.908,0.559,0.320,0.224,0.151,-0.002,0.412,0.206,0.738,0.733,0.525,0.806,0.918,0.764,0.630,0.822,0.629,0.885,-0.865,0.883,0.860,-0.009,0.718,0.501,0.265,0.712,0.507,0.297,0.199,-0.002,-0.007,-0.123,-0.003,0.191,0.207,0.141,0.054,0.017,0.240,0.412,0.009,-0.011,-0.008,0.068,0.515,0.311,-0.008,0.012,0.083,-0.084,0.333,0.445,0.566,0.142,-0.147,-0.058,-0.295,0.310,0.335,-0.343,0.151,0.069,-0.061
bias_20,0.624,0.849,1.000,0.734,0.539,0.376,0.609,0.892,0.479,0.198,0.345,0.729,0.830,0.464,0.324,0.218,-0.003,0.712,0.498,0.784,0.951,0.847,0.472,0.903,0.915,0.813,0.865,0.835,0.714,-0.875,0.837,0.918,-0.022,0.839,0.651,0.366,0.820,0.650,0.402,0.206,-0.002,-0.011,-0.149,-0.006,0.280,0.305,0.216,0.079,0.044,0.353,0.584,0.023,-0.025,-0.004,0.083,0.381,0.223,-0.011,0.004,0.128,-0.132,0.237,0.317,0.462,0.051,-0.057,-0.134,-0.302,0.316,0.334,-0.340,0.098,0.054,-0.050
bias_60,0.373,0.532,0.734,1.000,0.859,0.635,0.703,0.719,0.908,0.657,0.202,0.447,0.807,0.839,0.577,0.386,0.173,0.947,0.903,0.266,0.801,0.825,0.091,0.639,0.871,0.949,0.601,0.649,0.409,-0.586,0.538,0.644,-0.026,0.644,0.857,0.575,0.620,0.829,0.604,0.214,-0.011,-0.020,-0.154,-0.015,0.264,0.302,0.213,0.066,0.124,0.343,0.567,0.073,-0.075,-0.002,0.065,0.227,0.131,-0.017,-0.005,0.127,-0.138,0.139,0.187,0.289,0.006,0.001,-0.114,-0.252,0.261,0.256,-0.261,0.020,0.034,-0.034
bias_120,0.264,0.381,0.539,0.859,1.000,0.845,0.597,0.536,0.827,0.904,0.144,0.319,0.613,0.897,0.842,0.558,0.396,0.799,0.814,0.087,0.604,0.635,0.026,0.467,0.691,0.839,0.439,0.482,0.286,-0.423,0.384,0.465,-0.028,0.479,0.759,0.735,0.452,0.725,0.736,0.217,-0.021,-0.027,-0.135,-0.021,0.195,0.242,0.164,0.050,0.122,0.265,0.437,0.122,-0.124,-0.001,0.049,0.161,0.093,-0.019,-0.008,0.096,-0.112,0.099,0.134,0.208,0.005,0.003,-0.085,-0.197,0.202,0.192,-0.197,0.009,0.023,-0.025
bias_250,0.182,0.263,0.376,0.635,0.845,1.000,0.439,0.376,0.623,0.813,0.099,0.219,0.434,0.705,0.886,0.840,0.728,0.588,0.613,0.021,0.426,0.452,0.003,0.326,0.498,0.636,0.305,0.338,0.196,-0.293,0.264,0.322,-0.031,0.340,0.570,0.886,0.309,0.534,0.822,0.217,-0.030,-0.037,-0.111,-0.027,0.127,0.184,0.116,0.036,0.098,0.189,0.312,0.194,-0.195,-0.000,0.036,0.111,0.063,-0.021,-0.012,0.064,-0.088,0.068,0.092,0.142,0.003,0.003,-0.060,-0.141,0.145,0.135,-0.138,0.005,0.013,-0.017
ma_align,0.191,0.430,0.609,0.703,0.597,0.439,1.000,0.674,0.661,0.439,0.051,0.349,0.629,0.577,0.396,0.266,0.099,0.713,0.656,0.364,0.682,0.700,0.076,0.520,0.685,0.715,0.595,0.667,0.388,-0.518,0.503,0.572,-0.006,0.531,0.635,0.405,0.533,0.639,0.442,0.196,0.012,0.005,-0.096,0.010,0.228,0.226,0.167,0.058,0.082,0.277,0.465,0.046,-0.045,0.000,0.052,0.094,0.034,0.003,0.010,0.092,-0.086,0.035,0.047,0.222,-0.046,0.042,-0.145,-0.196,0.205,0.210,-0.215,0.017,0.007,-0.008
macross_5_20,0.267,0.603,0.892,0.719,0.536,0.376,0.674,1.000,0.572,0.236,0.070,0.484,0.838,0.467,0.326,0.219,-0.004,0.798,0.599,0.733,0.956,0.957,0.189,0.702,0.827,0.771,0.800,0.898,0.507,-0.704,0.647,0.763,-0.019,0.740,0.616,0.358,0.725,0.616,0.393,0.178,0.003,-0.007,-0.133,-0.002,0.285,0.302,0.216,0.088,0.051,0.357,0.583,0.026,-0.027,-0.001,0.078,0.130,0.046,-0.008,0.002,0.131,-0.132,0.046,0.064,0.312,-0.057,0.053,-0.181,-0.271,0.281,0.263,-0.267,0.032,0.012,-0.012
macross_10_60,0.077,0.205,0.479,0.908,0.827,0.623,0.661,0.572,1.000,0.750,0.022,0.136,0.681,0.835,0.574,0.384,0.204,0.915,0.976,-0.006,0.598,0.720,-0.241,0.345,0.664,0.811,0.347,0.483,0.097,-0.315,0.250,0.371,-0.023,0.430,0.770,0.553,0.409,0.740,0.575,0.183,-0.009,-0.018,-0.121,-0.013,0.225,0.258,0.180,0.054,0.139,0.295,0.480,0.082,-0.083,0.001,0.047,0.039,0.013,-0.013,-0.008,0.109,-0.117,0.014,0.021,0.090,-0.052,0.061,-0.113,-0.158,0.162,0.142,-0.144,-0.048,0.002,-0.004
macross_20_120,0.027,0.071,0.198,0.657,0.904,0.813,0.439,0.236,0.750,1.000,0.010,0.047,0.344,0.830,0.838,0.556,0.474,0.601,0.720,-0.251,0.283,0.360,-0.191,0.146,0.393,0.600,0.128,0.192,0.017,-0.114,0.087,0.145,-0.022,0.192,0.582,0.693,0.171,0.549,0.682,0.180,-0.021,-0.024,-0.086,-0.019,0.105,0.145,0.092,0.023,0.126,0.152,0.247,0.135,-0.136,0.002,0.021,0.012,0.005,-0.014,-0.009,0.053,-0.065,0.007,0.010,0.031,-0.017,0.025,-0.044,-0.072,0.072,0.060,-0.062,-0.029,-0.002,-0.000
ret_1,0.684,0.486,0.345,0.202,0.144,0.099,0.051,0.070,0.022,0.010,1.000,0.411,0.201,0.120,0.084,0.056,-0.001,0.064,0.014,0.168,0.161,0.057,0.370,0.480,0.328,0.254,0.216,0.079,0.335,-0.450,0.374,0.412,-0.005,0.341,0.216,0.104,0.337,0.216,0.119,0.156,-0.009,-0.011,-0.057,-0.003,0.049,0.065,0.014,0.004,0.002,0.068,0.175,0.002,-0.004,-0.011,0.022,0.661,0.595,0.001,0.008,0.017,-0.020,0.667,0.902,0.262,0.158,-0.158,0.137,-0.177,0.195,0.291,-0.294,0.075,0.085,-0.071
ret_5,0.795,0.908,0.729,0.447,0.319,0.219,0.349,0.484,0.136,0.047,0.411,1.000,0.464,0.267,0.187,0.126,-0.002,0.320,0.136,0.646,0.622,0.408,0.826,0.829,0.664,0.540,0.715,0.503,0.827,-0.754,0.803,0.761,-0.002,0.620,0.425,0.223,0.621,0.435,0.252,0.183,0.004,-0.001,-0.102,0.002,0.162,0.166,0.111,0.045,0.011,0.199,0.349,0.005,-0.007,-0.008,0.060,0.466,0.265,-0.005,0.015,0.069,-0.066,0.283,0.377,0.614,0.143,-0.148,-0.043,-0.282,0.294,0.311,-0.320,0.171,0.063,-0.056
ret_20,0.379,0.559,0.830,0.807,0.613,0.434,0.629,0.838,0.681,0.344,0.201,0.464,1.000,0.544,0.380,0.255,-0.004,0.864,0.733,0.516,0.874,0.901,0.099,0.688,0.858,0.834,0.657,0.733,0.418,-0.637,0.581,0.723,-0.018,0.729,0.681,0.407,0.717,0.683,0.445,0.193,0.007,-0.005,-0.137,0.000,0.331,0.348,0.255,0.076,0.076,0.412,0.685,0.036,-0.037,-0.001,0.075,0.230,0.130,-0.007,0.001,0.158,-0.157,0.137,0.186,0.300,-0.017,0.017,-0.133,-0.267,0.276,0.281,-0.288,0.004,0.033,-0.032
ret_60,0.219,0.320,0.464,0.839,0.897,0.705,0.577,0.467,0.835,0.830,0.120,0.267,0.544,1.000,0.670,0.447,0.304,0.755,0.796,0.008,0.531,0.569,-0.009,0.402,0.629,0.781,0.375,0.420,0.236,-0.360,0.323,0.397,-0.019,0.412,0.748,0.612,0.395,0.724,0.634,0.197,-0.011,-0.012,-0.114,-0.011,0.180,0.210,0.147,0.044,0.127,0.237,0.389,0.097,-0.098,0.000,0.043,0.133,0.076,-0.011,-0.001,0.089,-0.096,0.083,0.112,0.173,0.003,0.003,-0.077,-0.174,0.177,0.165,-0.170,0.003,0.020,-0.020
ret_120,0.154,0.224,0.324,0.577,0.842,0.886,0.396,0.326,0.574,0.838,0.084,0.187,0.380,0.670,1.000,0.651,0.557,0.532,0.565,-0.011,0.371,0.397,-0.007,0.279,0.442,0.585,0.261,0.291,0.164,-0.250,0.224,0.276,-0.023,0.290,0.516,0.751,0.270,0.491,0.738,0.195,-0.018,-0.023,-0.090,-0.015,0.120,0.157,0.104,0.030,0.092,0.167,0.273,0.152,-0.151,-0.000,0.029,0.092,0.052,-0.011,-0.005,0.061,-0.074,0.057,0.078,0.121,0.004,0.005,-0.052,-0.123,0.125,0.115,-0.119,0.004,0.012,-0.014
ret_250,0.104,0.151,0.218,0.386,0.558,0.840,0.266,0.219,0.384,0.556,0.056,0.126,0.255,0.447,0.651,1.000,0.947,0.356,0.378,-0.009,0.249,0.266,-0.005,0.188,0.296,0.394,0.177,0.197,0.111,-0.168,0.151,0.185,-0.022,0.199,0.350,0.779,0.177,0.323,0.705,0.182,-0.022,-0.029,-0.067,-0.016,0.070,0.110,0.068,0.021,0.066,0.111,0.183,0.231,-0.230,0.000,0.021,0.061,0.035,-0.010,-0.005,0.037,-0.057,0.038,0.052,0.081,0.000,0.003,-0.035,-0.081,0.084,0.077,-0.079,0.003,0.006,-0.009
mom_12_1,-0.001,-0.002,-0.003,0.173,0.396,0.728,0.099,-0.004,0.204,0.474,-0.001,-0.002,-0.004,0.304,0.557,0.947,1.000,0.129,0.184,-0.157,0.017,0.029,-0.034,0.003,0.069,0.175,-0.002,-0.001,-0.003,0.003,-0.004,-0.004,-0.019,0.007,0.171,0.679,-0.014,0.143,0.592,0.136,-0.025,-0.029,-0.030,-0.017,-0.021,0.015,-0.003,-0.001,0.047,-0.002,-0.002,0.230,-0.228,0.001,-0.000,-0.003,-0.002,-0.008,-0.006,-0.010,-0.009,-0.000,-0.000,-0.003,0.006,-0.001,-0.000,0.001,0.000,-0.002,0.002,0.002,-0.005,0.001
macd_dif_12_26,0.203,0.412,0.712,0.947,0.799,0.588,0.713,0.798,0.915,0.601,0.064,0.320,0.864,0.755,0.532,0.356,0.129,1.000,0.947,0.296,0.830,0.917,-0.073,0.556,0.837,0.910,0.579,0.703,0.297,-0.516,0.453,0.591,-0.024,0.620,0.797,0.534,0.601,0.777,0.564,0.196,-0.006,-0.018,-0.146,-0.012,0.284,0.316,0.224,0.073,0.117,0.365,0.604,0.066,-0.068,0.001,0.066,0.106,0.041,-0.015,-0.007,0.135,-0.143,0.043,0.060,0.208,-0.050,0.057,-0.147,-0.237,0.238,0.217,-0.228,-0.022,0.010,-0.011
macd_dea_12_26_9,0.069,0.206,0.498,0.903,0.814,0.613,0.656,0.599,0.976,0.720,0.014,0.136,0.733,0.796,0.565,0.378,0.184,0.947,1.000,0.021,0.629,0.762,-0.263,0.358,0.686,0.823,0.365,0.511,0.099,-0.317,0.251,0.384,-0.026,0.448,0.756,0.545,0.429,0.735,0.570,0.177,-0.007,-0.018,-0.125,-0.013,0.243,0.273,0.191,0.056,0.135,0.314,0.517,0.079,-0.080,0.002,0.048,0.032,0.008,-0.013,-0.009,0.116,-0.124,0.009,0.014,0.089,-0.060,0.069,-0.119,-0.170,0.164,0.142,-0.153,-0.052,0.001,-0.003
macd_hist_12_26_9,0.460,0.738,0.784,0.266,0.087,0.021,0.364,0.733,-0.006,-0.251,0.168,0.646,0.516,0.008,-0.011,-0.009,-0.157,0.296,0.021,1.000,0.735,0.588,0.601,0.725,0.582,0.395,0.786,0.728,0.692,-0.723,0.716,0.731,0.011,0.618,0.239,0.046,0.634,0.279,0.085,0.127,0.023,0.020,-0.069,0.022,0.195,0.176,0.135,0.065,-0.039,0.222,0.371,-0.031,0.032,-0.003,0.065,0.249,0.111,0.009,0.023,0.090,-0.074,0.116,0.154,0.413,0.036,-0.049,-0.133,-0.268,0.278,0.261,-0.271,0.104,0.031,-0.026
macd_dif_6_13,0.439,0.733,0.951,0.801,0.604,0.426,0.682,0.956,0.598,0.283,0.161,0.622,0.874,0.531,0.371,0.249,0.017,0.830,0.629,0.735,1.000,0.950,0.326,0.818,0.921,0.858,0.855,0.887,0.632,-0.788,0.752,0.845,-0.021,0.796,0.693,0.405,0.780,0.690,0.442,0.200,-0.001,-0.011,-0.150,-0.006,0.291,0.315,0.225,0.085,0.061,0.367,0.614,0.031,-0.033,-0.002,0.082,0.237,0.105,-0.012,0.001,0.135,-0.139,0.110,0.147,0.398,-0.007,0.004,-0.165,-0.297,0.307,0.297,-0.306,0.066,0.027,-0.026
macd_dea_6_13_5,0.236,0.525,0.847,0.825,0.635,0.452,0.700,0.957,0.720,0.360,0.057,0.408,0.901,0.569,0.397,0.266,0.029,0.917,0.762,0.588,0.950,1.000,0.061,0.661,0.862,0.848,0.732,0.857,0.419,-0.641,0.577,0.714,-0.021,0.716,0.697,0.423,0.701,0.692,0.458,0.184,0.001,-0.011,-0.142,-0.006,0.300,0.323,0.231,0.085,0.077,0.378,0.627,0.038,-0.040,0.000,0.076,0.115,0.037,-0.010,-0.002,0.141,-0.144,0.037,0.053,0.264,-0.063,0.065,-0.174,-0.268,0.271,0.248,-0.261,-0.002,0.009,-0.010
macd_hist_6_13_5,0.762,0.806,0.472,0.091,0.026,0.003,0.076,0.189,-0.241,-0.191,0.370,0.826,0.099,-0.009,-0.007,-0.005,-0.034,-0.073,-0.263,0.601,0.326,0.061,1.000,0.646,0.351,0.198,0.550,0.268,0.792,-0.591,0.681,0.576,0.033,0.384,0.125,0.024,0.408,0.149,0.047,0.127,0.013,0.014,-0.039,0.015,0.040,0.024,0.015,0.016,-0.039,0.039,0.086,-0.019,0.021,-0.009,0.035,0.450,0.240,0.006,0.025,0.015,-0.001,0.257,0.340,0.518,0.174,-0.182,0.022,-0.223,0.245,0.261,-0.266,0.170,0.059,-0.052
rsi_6,0.783,0.918,0.903,0.639,0.467,0.326,0.520,0.702,0.345,0.146,0.480,0.829,0.688,0.402,0.279,0.188,0.003,0.556,0.358,0.725,0.818,0.661,0.646,1.000,0.897,0.765,0.872,0.738,0.841,-0.915,0.895,0.923,-0.013,0.788,0.591,0.322,0.782,0.599,0.360,0.218,0.008,-0.001,-0.131,0.004,0.242,0.247,0.173,0.062,0.032,0.291,0.532,0.017,-0.018,-0.006,0.073,0.544,0.303,-0.003,0.011,0.093,-0.089,0.345,0.440,0.522,0.114,-0.117,-0.077,-0.342,0.354,0.358,-0.366,0.128,0.056,-0.049
rsi_14,0.578,0.764,0.915,0.871,0.691,0.498,0.685,0.827,0.664,0.393,0.328,0.664,0.858,0.629,0.442,0.296,0.069,0.837,0.686,0.582,0.921,0.862,0.351,0.897,1.000,0.957,0.828,0.815,0.660,-0.828,0.784,0.878,-0.017,0.803,0.772,0.469,0.790,0.767,0.511,0.226,0.008,-0.002,-0.149,0.002,0.306,0.315,0.238,0.073,0.079,0.366,0.637,0.044,-0.044,-0.003,0.077,0.377,0.210,-0.006,0.006,0.122,-0.120,0.234,0.302,0.424,0.043,-0.043,-0.124,-0.323,0.334,0.334,-0.340,0.072,0.045,-0.041
rsi_24,0.458,0.630,0.813,0.949,0.839,0.636,0.715,0.771,0.811,0.600,0.254,0.540,0.834,0.781,0.585,0.394,0.175,0.910,0.823,0.395,0.858,0.848,0.198,0.765,0.957,1.000,0.715,0.741,0.523,-0.703,0.654,0.759,-0.017,0.719,0.838,0.582,0.705,0.822,0.616,0.228,0.005,-0.004,-0.147,-0.001,0.296,0.309,0.234,0.068,0.106,0.358,0.613,0.072,-0.072,-0.002,0.070,0.293,0.163,-0.008,0.003,0.122,-0.122,0.181,0.234,0.347,0.021,-0.016,-0.121,-0.292,0.301,0.297,-0.302,0.041,0.037,-0.034
kdj_k,0.537,0.822,0.865,0.601,0.439,0.305,0.595,0.800,0.347,0.128,0.216,0.715,0.657,0.375,0.261,0.177,-0.002,0.579,0.365,0.786,0.855,0.732,0.550,0.872,0.828,0.715,1.000,0.924,0.865,-0.889,0.838,0.854,-0.014,0.759,0.559,0.304,0.751,0.565,0.337,0.195,0.000,-0.007,-0.130,-0.003,0.220,0.234,0.150,0.070,0.028,0.268,0.507,0.014,-0.016,-0.002,0.073,0.324,0.132,-0.035,0.031,0.086,-0.087,0.177,0.200,0.436,0.042,-0.046,-0.158,-0.304,0.315,0.319,-0.327,0.103,0.027,-0.024
kdj_d,0.304,0.629,0.835,0.649,0.482,0.338,0.667,0.898,0.483,0.192,0.079,0.503,0.733,0.420,0.291,0.197,-0.001,0.703,0.511,0.728,0.887,0.857,0.268,0.738,0.815,0.741,0.924,1.000,0.628,-0.772,0.699,0.770,-0.016,0.726,0.582,0.329,0.716,0.585,0.362,0.179,0.003,-0.007,-0.128,-0.002,0.246,0.258,0.165,0.079,0.041,0.299,0.558,0.020,-0.022,0.001,0.072,0.162,0.048,-0.026,0.019,0.096,-0.096,0.063,0.073,0.310,-0.035,0.030,-0.203,-0.279,0.287,0.274,-0.280,0.043,0.010,-0.009
kdj_j,0.709,0.885,0.714,0.409,0.286,0.196,0.388,0.507,0.097,0.017,0.335,0.827,0.418,0.236,0.164,0.111,-0.003,0.297,0.099,0.692,0.632,0.419,0.792,0.841,0.660,0.523,0.865,0.628,1.000,-0.846,0.845,0.779,-0.007,0.637,0.407,0.205,0.633,0.415,0.231,0.172,-0.002,-0.006,-0.103,-0.003,0.141,0.153,0.099,0.044,0.004,0.170,0.329,0.003,-0.005,-0.004,0.058,0.453,0.204,-0.037,0.039,0.055,-0.056,0.278,0.310,0.502,0.129,-0.134,-0.068,-0.261,0.278,0.309,-0.315,0.169,0.042,-0.036
wr_14,-0.711,-0.865,-0.875,-0.586,-0.423,-0.293,-0.518,-0.704,-0.315,-0.114,-0.450,-0.754,-0.637,-0.360,-0.250,-0.168,0.003,-0.516,-0.317,-0.723,-0.788,-0.641,-0.591,-0.915,-0.828,-0.703,-0.889,-0.772,-0.846,1.000,-0.900,-0.905,0.017,-0.799,-0.560,-0.295,-0.791,-0.567,-0.331,-0.206,0.001,0.008,0.129,0.003,-0.222,-0.238,-0.168,-0.060,-0.025,-0.267,-0.482,-0.014,0.016,0.005,-0.070,-0.484,-0.275,0.031,-0.031,-0.088,0.090,-0.375,-0.417,-0.465,-0.100,0.099,0.087,0.286,-0.299,-0.354,0.365,-0.141,-0.062,0.054
cci_14,0.732,0.883,0.837,0.538,0.384,0.264,0.503,0.647,0.250,0.087,0.374,0.803,0.581,0.323,0.224,0.151,-0.004,0.453,0.251,0.716,0.752,0.577,0.681,0.895,0.784,0.654,0.838,0.699,0.845,-0.900,1.000,0.921,0.003,0.721,0.503,0.264,0.726,0.516,0.300,0.194,0.011,0.004,-0.109,0.007,0.207,0.201,0.144,0.055,0.021,0.247,0.437,0.011,-0.011,-0.006,0.065,0.457,0.280,0.005,0.007,0.078,-0.070,0.215,0.323,0.512,0.107,-0.110,-0.090,-0.267,0.287,0.347,-0.353,0.160,0.049,-0.041
boll_pos_20,0.695,0.860,0.918,0.644,0.465,0.322,0.572,0.763,0.371,0.145,0.412,0.761,0.723,0.397,0.276,0.185,-0.004,0.591,0.384,0.731,0.845,0.714,0.576,0.923,0.878,0.759,0.854,0.770,0.779,-0.905,0.921,1.000,0.001,0.800,0.588,0.316,0.804,0.604,0.358,0.207,0.013,0.005,-0.123,0.009,0.256,0.252,0.187,0.065,0.034,0.304,0.528,0.017,-0.017,-0.005,0.073,0.451,0.265,-0.001,0.012,0.100,-0.091,0.294,0.378,0.481,0.082,-0.084,-0.099,-0.293,0.312,0.370,-0.378,0.118,0.055,-0.048
boll_width_20,-0.005,-0.009,-0.022,-0.026,-0.028,-0.031,-0.006,-0.019,-0.023,-0.022,-0.005,-0.002,-0.018,-0.019,-0.023,-0.022,-0.019,-0.024,-0.026,0.011,-0.021,-0.021,0.033,-0.013,-0.017,-0.017,-0.014,-0.016,-0.007,0.017,0.003,0.001,1.000,-0.388,-0.229,-0.153,0.368,0.205,0.137,0.077,0.620,0.550,0.566,0.574,0.459,-0.462,0.010,-0.003,0.019,-0.002,-0.008,-0.010,0.146,-0.003,-0.011,-0.002,-0.003,0.360,0.359,0.246,0.227,0.001,-0.004,-0.003,-0.034,-0.037,0.080,0.148,0.154,0.055,0.055,-0.086,0.045,0.039
dist_high_20,0.563,0.718,0.839,0.644,0.479,0.340,0.531,0.740,0.430,0.192,0.341,0.620,0.729,0.412,0.290,0.199,0.007,0.620,0.448,0.618,0.796,0.716,0.384,0.788,0.803,0.719,0.759,0.726,0.637,-0.799,0.721,0.800,-0.388,1.000,0.727,0.410,0.528,0.444,0.265,0.202,-0.332,-0.313,-0.459,-0.339,0.001,0.524,0.192,0.067,0.033,0.302,0.522,0.029,-0.102,0.003,0.078,0.362,0.212,-0.255,-0.218,-0.018,-0.216,0.255,0.316,0.388,0.043,-0.051,-0.131,-0.267,0.286,0.356,-0.281,0.091,0.039,-0.059
dist_high_60,0.372,0.501,0.651,0.857,0.759,0.570,0.635,0.616,0.770,0.582,0.216,0.425,0.681,0.748,0.516,0.350,0.171,0.797,0.756,0.239,0.693,0.697,0.125,0.591,0.772,0.838,0.559,0.582,0.407,-0.560,0.503,0.588,-0.229,0.727,1.000,0.620,0.430,0.562,0.433,0.227,-0.262,-0.321,-0.418,-0.287,0.034,0.454,0.181,0.058,0.104,0.288,0.489,0.075,-0.131,0.002,0.063,0.234,0.136,-0.215,-0.194,0.006,-0.192,0.155,0.200,0.272,0.027,-0.008,-0.103,-0.219,0.250,0.268,-0.219,0.020,0.020,-0.047
dist_high_250,0.189,0.265,0.366,0.575,0.735,0.886,0.405,0.358,0.553,0.693,0.104,0.223,0.407,0.612,0.751,0.779,0.679,0.534,0.545,0.046,0.405,0.423,0.024,0.322,0.469,0.582,0.304,0.329,0.205,-0.295,0.264,0.316,-0.153,0.410,0.620,1.000,0.225,0.396,0.595,0.251,-0.197,-0.240,-0.303,-0.218,-0.011,0.300,0.103,0.036,0.087,0.174,0.293,0.192,-0.229,0.000,0.038,0.116,0.065,-0.163,-0.152,-0.006,-0.134,0.072,0.097,0.144,0.009,0.002,-0.060,-0.134,0.141,0.138,-0.128,0.006,0.001,-0.029
dist_low_20,0.561,0.712,0.820,0.620,0.452,0.309,0.533,0.725,0.409,0.171,0.337,0.621,0.717,0.395,0.270,0.177,-0.014,0.601,0.429,0.634,0.780,0.701,0.408,0.782,0.790,0.705,0.751,0.716,0.633,-0.791,0.726,0.804,0.368,0.528,0.430,0.225,1.000,0.735,0.450,0.183,0.351,0.313,0.218,0.350,0.519,0.004,0.204,0.061,0.048,0.304,0.521,0.013,0.061,-0.009,0.061,0.363,0.211,0.227,0.264,0.235,0.013,0.260,0.312,0.388,0.050,-0.045,-0.065,-0.269,0.277,0.274,-0.367,0.066,0.067,-0.036
dist_low_60,0.378,0.507,0.650,0.829,0.725,0.534,0.639,0.616,0.740,0.549,0.216,0.435,0.683,0.724,0.491,0.323,0.143,0.777,0.735,0.279,0.690,0.692,0.149,0.599,0.767,0.822,0.565,0.585,0.415,-0.567,0.516,0.604,0.205,0.444,0.562,0.396,0.735,1.000,0.667,0.190,0.269,0.316,0.174,0.288,0.443,0.049,0.192,0.051,0.098,0.294,0.495,0.050,0.006,-0.004,0.049,0.240,0.137,0.196,0.217,0.206,-0.017,0.162,0.200,0.277,0.013,-0.021,-0.082,-0.244,0.227,0.216,-0.282,0.031,0.052,-0.020
dist_low_250,0.214,0.297,0.402,0.604,0.736,0.822,0.442,0.393,0.575,0.682,0.119,0.252,0.445,0.634,0.738,0.705,0.592,0.564,0.570,0.085,0.442,0.458,0.047,0.360,0.511,0.616,0.337,0.362,0.231,-0.331,0.300,0.358,0.137,0.265,0.433,0.595,0.450,0.667,1.000,0.185,0.198,0.237,0.151,0.228,0.305,0.016,0.124,0.035,0.082,0.195,0.323,0.138,-0.093,-0.000,0.033,0.133,0.076,0.165,0.175,0.148,-0.012,0.087,0.110,0.162,0.003,-0.005,-0.056,-0.150,0.149,0.137,-0.162,0.013,0.034,-0.007
new_high_250,0.189,0.199,0.206,0.214,0.217,0.217,0.196,0.178,0.183,0.180,0.156,0.183,0.193,0.197,0.195,0.182,0.136,0.196,0.177,0.127,0.200,0.184,0.127,0.218,0.226,0.228,0.195,0.179,0.172,-0.206,0.194,0.207,0.077,0.202,0.227,0.251,0.183,0.190,0.185,1.000,0.020,0.018,-0.005,0.034,0.079,0.065,0.046,0.022,0.028,0.086,0.158,0.040,-0.032,0.016,0.033,0.174,0.098,0.025,0.026,0.048,-0.021,0.109,0.142,0.121,0.041,-0.027,-0.022,-0.028,0.309,0.333,-0.033,-0.003,0.044,-0.006
vol_20,-0.004,-0.002,-0.002,-0.011,-0.021,-0.030,0.012,0.003,-0.009,-0.021,-0.009,0.004,0.007,-0.011,-0.018,-0.022,-0.025,-0.006,-0.007,0.023,-0.001,0.001,0.013,0.008,0.008,0.005,0.000,0.003,-0.002,0.001,0.011,0.013,0.620,-0.332,-0.262,-0.197,0.351,0.269,0.198,0.020,1.000,0.816,0.830,0.848,0.781,-0.748,0.046,-0.005,0.027,0.018,0.005,-0.018,0.213,-0.000,-0.011,-0.003,-0.005,0.528,0.527,0.351,0.300,-0.001,-0.008,0.003,0.010,0.013,0.005,-0.011,0.003,0.004,-0.003,0.017,0.071,0.061
vol_60,-0.007,-0.007,-0.011,-0.020,-0.027,-0.037,0.005,-0.007,-0.018,-0.024,-0.011,-0.001,-0.005,-0.012,-0.023,-0.029,-0.029,-0.018,-0.018,0.020,-0.011,-0.011,0.014,-0.001,-0.002,-0.004,-0.007,-0.007,-0.006,0.008,0.004,0.005,0.550,-0.313,-0.321,-0.240,0.313,0.316,0.237,0.018,0.816,1.000,0.862,0.833,0.622,-0.614,0.023,-0.006,-0.005,0.008,-0.002,-0.032,0.199,0.000,-0.011,-0.004,-0.005,0.567,0.564,0.299,0.259,-0.002,-0.010,-0.000,0.001,0.005,0.008,0.008,0.014,0.002,0.001,0.010,0.060,0.054
atr_14,-0.095,-0.123,-0.149,-0.154,-0.135,-0.111,-0.096,-0.133,-0.121,-0.086,-0.057,-0.102,-0.137,-0.114,-0.090,-0.067,-0.030,-0.146,-0.125,-0.069,-0.150,-0.142,-0.039,-0.131,-0.149,-0.147,-0.130,-0.128,-0.103,0.129,-0.109,-0.123,0.566,-0.459,-0.418,-0.303,0.218,0.174,0.151,-0.005,0.830,0.862,1.000,0.964,0.569,-0.672,-0.027,-0.008,-0.003,-0.055,-0.091,-0.035,0.211,0.001,-0.015,-0.056,-0.034,0.723,0.715,0.261,0.264,-0.032,-0.052,-0.066,0.003,0.020,0.025,0.074,-0.033,-0.045,0.062,0.004,0.054,0.061
amplitude_20,-0.004,-0.003,-0.006,-0.015,-0.021,-0.027,0.010,-0.002,-0.013,-0.019,-0.003,0.002,0.000,-0.011,-0.015,-0.016,-0.017,-0.012,-0.013,0.022,-0.006,-0.006,0.015,0.004,0.002,-0.001,-0.003,-0.002,-0.003,0.003,0.007,0.009,0.574,-0.339,-0.287,-0.218,0.350,0.288,0.228,0.034,0.848,0.833,0.964,1.000,0.634,-0.628,0.017,-0.003,0.014,0.006,0.007,-0.026,0.206,-0.001,-0.009,0.001,0.000,0.721,0.717,0.285,0.249,0.005,-0.003,0.001,0.008,0.012,0.006,0.014,0.022,0.003,-0.002,0.012,0.058,0.053
max_ret_20,0.124,0.191,0.280,0.264,0.195,0.127,0.228,0.285,0.225,0.105,0.049,0.162,0.331,0.180,0.120,0.070,-0.021,0.284,0.243,0.195,0.291,0.300,0.040,0.242,0.306,0.296,0.220,0.246,0.141,-0.222,0.207,0.256,0.459,0.001,0.034,-0.011,0.519,0.443,0.305,0.079,0.781,0.622,0.569,0.634,1.000,-0.340,0.494,0.019,0.046,0.284,0.149,0.000,0.144,-0.001,0.014,0.039,0.039,0.391,0.398,0.405,0.153,0.038,0.048,0.108,0.003,0.019,-0.040,-0.120,0.102,0.094,-0.111,0.019,0.080,0.034
min_ret_20,0.137,0.207,0.305,0.302,0.242,0.184,0.226,0.302,0.258,0.145,0.065,0.166,0.348,0.210,0.157,0.110,0.015,0.316,0.273,0.176,0.315,0.323,0.024,0.247,0.315,0.309,0.234,0.258,0.153,-0.238,0.201,0.252,-0.462,0.524,0.454,0.300,0.004,0.049,0.016,0.065,-0.748,-0.614,-0.672,-0.628,-0.340,1.000,0.442,0.029,0.009,0.276,0.153,0.028,-0.171,-0.000,0.034,0.044,0.049,-0.402,-0.395,-0.168,-0.347,0.040,0.062,0.110,-0.017,-0.004,-0.046,-0.097,0.116,0.109,-0.098,-0.016,-0.034,-0.068
skew_20,0.081,0.141,0.216,0.213,0.164,0.116,0.167,0.216,0.180,0.092,0.014,0.111,0.255,0.147,0.104,0.068,-0.003,0.224,0.191,0.135,0.225,0.231,0.015,0.173,0.238,0.234,0.150,0.165,0.099,-0.168,0.144,0.187,0.010,0.192,0.181,0.103,0.204,0.192,0.124,0.046,0.046,0.023,-0.027,0.017,0.494,0.442,1.000,0.015,0.019,0.419,-0.064,0.014,-0.009,-0.001,0.015,-0.049,0.027,-0.003,0.011,0.228,-0.192,0.008,0.018,0.079,-0.004,0.006,-0.024,-0.079,0.077,0.068,-0.073,0.003,0.044,-0.035
amt_ratio_5_20,0.023,0.054,0.079,0.066,0.050,0.036,0.058,0.088,0.054,0.023,0.004,0.045,0.076,0.044,0.030,0.021,-0.001,0.073,0.056,0.065,0.085,0.085,0.016,0.062,0.073,0.068,0.070,0.079,0.044,-0.060,0.055,0.065,-0.003,0.067,0.058,0.036,0.061,0.051,0.035,0.022,-0.005,-0.006,-0.008,-0.003,0.019,0.029,0.015,1.000,0.022,0.027,0.054,-0.035,0.027,-0.030,0.807,0.012,0.001,-0.000,0.000,0.011,-0.020,0.002,0.005,0.027,-0.003,0.009,-0.018,-0.020,0.037,0.035,-0.007,0.005,0.015,0.008
amt_ratio_20_60,0.009,0.017,0.044,0.124,0.122,0.098,0.082,0.051,0.139,0.126,0.002,0.011,0.076,0.127,0.092,0.066,0.047,0.117,0.135,-0.039,0.061,0.077,-0.039,0.032,0.079,0.106,0.028,0.041,0.004,-0.025,0.021,0.034,0.019,0.033,0.104,0.087,0.048,0.098,0.082,0.028,0.027,-0.005,-0.003,0.014,0.046,0.009,0.019,0.022,1.000,0.039,0.056,0.273,-0.249,-0.076,-0.041,0.003,0.003,0.004,0.005,0.024,0.004,0.000,0.001,0.009,-0.002,0.006,-0.009,-0.015,0.017,0.017,-0.011,-0.005,0.005,0.002
pv_corr_20,0.158,0.240,0.353,0.343,0.265,0.189,0.277,0.357,0.295,0.152,0.068,0.199,0.412,0.237,0.167,0.111,-0.002,0.365,0.314,0.222,0.367,0.378,0.039,0.291,0.366,0.358,0.268,0.299,0.170,-0.267,0.247,0.304,-0.002,0.302,0.288,0.174,0.304,0.294,0.195,0.086,0.018,0.008,-0.055,0.006,0.284,0.276,0.419,0.027,0.039,1.000,0.277,0.023,-0.019,-0.005,0.026,0.050,0.049,-0.003,0.004,0.158,-0.148,0.049,0.066,0.129,-0.012,0.010,-0.052,-0.124,0.127,0.117,-0.122,-0.000,0.031,-0.030
obv_chg_20,0.293,0.412,0.584,0.567,0.437,0.312,0.465,0.583,0.480,0.247,0.175,0.349,0.685,0.389,0.273,0.183,-0.002,0.604,0.517,0.371,0.614,0.627,0.086,0.532,0.637,0.613,0.507,0.558,0.329,-0.482,0.437,0.528,-0.008,0.522,0.489,0.293,0.521,0.495,0.323,0.158,0.005,-0.002,-0.091,0.007,0.149,0.153,-0.064,0.054,0.056,0.277,1.000,0.023,-0.022,-0.003,0.053,0.301,0.103,0.003,0.007,0.066,-0.069,0.129,0.158,0.222,-0.011,0.007,-0.102,-0.227,0.234,0.219,-0.223,0.004,0.017,-0.016
log_amount_20,0.004,0.009,0.023,0.073,0.122,0.194,0.046,0.026,0.082,0.135,0.002,0.005,0.036,0.097,0.152,0.231,0.230,0.066,0.079,-0.031,0.031,0.038,-0.019,0.017,0.044,0.072,0.014,0.020,0.003,-0.014,0.011,0.017,-0.010,0.029,0.075,0.192,0.013,0.050,0.138,0.040,-0.018,-0.032,-0.035,-0.026,0.000,0.028,0.014,-0.035,0.273,0.023,0.023,1.000,-0.966,-0.033,-0.059,0.000,0.001,-0.021,-0.019,0.001,-0.010,0.001,0.002,0.003,-0.000,0.001,-0.004,-0.008,0.006,0.010,-0.007,-0.001,-0.001,-0.003
amihud_20,-0.006,-0.011,-0.025,-0.075,-0.124,-0.195,-0.045,-0.027,-0.083,-0.136,-0.004,-0.007,-0.037,-0.098,-0.151,-0.230,-0.228,-0.068,-0.080,0.032,-0.033,-0.040,0.021,-0.018,-0.044,-0.072,-0.016,-0.022,-0.005,0.016,-0.011,-0.017,0.146,-0.102,-0.131,-0.229,0.061,0.006,-0.093,-0.032,0.213,0.199,0.211,0.206,0.144,-0.171,-0.009,0.027,-0.249,-0.019,-0.022,-0.966,1.000,0.032,0.047,-0.001,-0.002,0.135,0.132,0.065,0.069,-0.002,-0.004,-0.004,0.001,0.001,0.006,0.010,-0.003,-0.006,0.012,0.003,0.014,0.016
vol_chg_1,-0.010,-0.008,-0.004,-0.002,-0.001,-0.000,0.000,-0.001,0.001,0.002,-0.011,-0.008,-0.001,0.000,-0.000,0.000,0.001,0.001,0.002,-0.003,-0.002,0.000,-0.009,-0.006,-0.003,-0.002,-0.002,0.001,-0.004,0.005,-0.006,-0.005,-0.003,0.003,0.002,0.000,-0.009,-0.004,-0.000,0.016,-0.000,0.000,0.001,-0.001,-0.001,-0.000,-0.001,-0.030,-0.076,-0.005,-0.003,-0.033,0.032,1.000,0.367,-0.002,-0.006,-0.002,-0.002,0.000,0.003,-0.009,-0.010,-0.004,0.017,0.020,0.029,0.011,0.011,0.048,0.054,0.000,0.060,0.055
abnormal_amt_1,0.049,0.068,0.083,0.065,0.049,0.036,0.052,0.078,0.047,0.021,0.022,0.060,0.075,0.043,0.029,0.021,-0.000,0.066,0.048,0.065,0.082,0.076,0.035,0.073,0.077,0.070,0.073,0.072,0.058,-0.070,0.065,0.073,-0.011,0.078,0.063,0.038,0.061,0.049,0.033,0.033,-0.011,-0.011,-0.015,-0.009,0.014,0.034,0.015,0.807,-0.041,0.026,0.053,-0.059,0.047,0.367,1.000,0.033,0.012,-0.005,-0.004,0.007,-0.023,0.013,0.020,0.039,0.017,0.014,-0.001,-0.020,0.048,0.069,0.012,0.010,0.047,0.031
streak,0.665,0.515,0.381,0.227,0.161,0.111,0.094,0.130,0.039,0.012,0.661,0.466,0.230,0.133,0.092,0.061,-0.003,0.106,0.032,0.249,0.237,0.115,0.450,0.544,0.377,0.293,0.324,0.162,0.453,-0.484,0.457,0.451,-0.002,0.362,0.234,0.116,0.363,0.240,0.133,0.174,-0.003,-0.004,-0.056,0.001,0.039,0.044,-0.049,0.012,0.003,0.050,0.301,0.000,-0.001,-0.002,0.033,1.000,0.383,0.003,0.009,0.013,-0.016,0.489,0.589,0.297,0.142,-0.143,0.078,-0.230,0.243,0.287,-0.290,0.084,0.040,-0.031
gap_1,0.427,0.311,0.223,0.131,0.093,0.063,0.034,0.046,0.013,0.005,0.595,0.265,0.130,0.076,0.052,0.035,-0.002,0.041,0.008,0.111,0.105,0.037,0.240,0.303,0.210,0.163,0.132,0.048,0.204,-0.275,0.280,0.265,-0.003,0.212,0.136,0.065,0.211,0.137,0.076,0.098,-0.005,-0.005,-0.034,0.000,0.039,0.049,0.027,0.001,0.003,0.049,0.103,0.001,-0.002,-0.006,0.012,0.383,1.000,0.005,0.005,0.018,-0.015,0.200,0.252,0.416,0.102,-0.106,0.080,-0.113,0.123,0.189,-0.193,0.050,0.075,-0.065
upper_shadow_5,-0.006,-0.008,-0.011,-0.017,-0.019,-0.021,0.003,-0.008,-0.013,-0.014,0.001,-0.005,-0.007,-0.011,-0.011,-0.010,-0.008,-0.015,-0.013,0.009,-0.012,-0.010,0.006,-0.003,-0.006,-0.008,-0.035,-0.026,-0.037,0.031,0.005,-0.001,0.360,-0.255,-0.215,-0.163,0.227,0.196,0.165,0.025,0.528,0.567,0.723,0.721,0.391,-0.402,-0.003,-0.000,0.004,-0.003,0.003,-0.021,0.135,-0.002,-0.005,0.003,0.005,1.000,0.560,0.177,0.177,-0.097,-0.001,-0.000,0.006,0.014,0.004,0.016,0.018,-0.021,0.002,0.010,0.024,0.041
lower_shadow_5,0.011,0.012,0.004,-0.005,-0.008,-0.012,0.010,0.002,-0.008,-0.009,0.008,0.015,0.001,-0.001,-0.005,-0.005,-0.006,-0.007,-0.009,0.023,0.001,-0.002,0.025,0.011,0.006,0.003,0.031,0.019,0.039,-0.031,0.007,0.012,0.359,-0.218,-0.194,-0.152,0.264,0.217,0.175,0.026,0.527,0.564,0.715,0.717,0.398,-0.395,0.011,0.000,0.005,0.004,0.007,-0.019,0.132,-0.002,-0.004,0.009,0.005,0.560,1.000,0.198,0.162,0.118,0.008,0.013,0.011,0.009,-0.002,0.010,0.022,0.004,-0.029,0.012,0.045,0.026
limit_up_20,0.051,0.083,0.128,0.127,0.096,0.064,0.092,0.131,0.109,0.053,0.017,0.069,0.158,0.089,0.061,0.037,-0.010,0.135,0.116,0.090,0.135,0.141,0.015,0.093,0.122,0.122,0.086,0.096,0.055,-0.088,0.078,0.100,0.246,-0.018,0.006,-0.006,0.235,0.206,0.148,0.048,0.351,0.299,0.261,0.285,0.405,-0.168,0.228,0.011,0.024,0.158,0.066,0.001,0.065,0.000,0.007,0.013,0.018,0.177,0.198,1.000,0.131,0.019,0.016,0.050,0.004,0.009,-0.012,-0.032,0.058,0.048,-0.036,0.004,0.200,0.034
limit_down_20,-0.050,-0.084,-0.132,-0.138,-0.112,-0.088,-0.086,-0.132,-0.117,-0.065,-0.020,-0.066,-0.157,-0.096,-0.074,-0.057,-0.009,-0.143,-0.124,-0.074,-0.139,-0.144,-0.001,-0.089,-0.120,-0.122,-0.087,-0.096,-0.056,0.090,-0.070,-0.091,0.227,-0.216,-0.192,-0.134,0.013,-0.017,-0.012,-0.021,0.300,0.259,0.264,0.249,0.153,-0.347,-0.192,-0.020,0.004,-0.148,-0.069,-0.010,0.069,0.003,-0.023,-0.016,-0.015,0.177,0.162,0.131,1.000,-0.019,-0.021,-0.046,0.006,0.002,0.025,0.054,-0.031,-0.034,0.056,0.006,0.031,0.199
close_pos_1,0.465,0.333,0.237,0.139,0.099,0.068,0.035,0.046,0.014,0.007,0.667,0.283,0.137,0.083,0.057,0.038,-0.000,0.043,0.009,0.116,0.110,0.037,0.257,0.345,0.234,0.181,0.177,0.063,0.278,-0.375,0.215,0.294,0.001,0.255,0.155,0.072,0.260,0.162,0.087,0.109,-0.001,-0.002,-0.032,0.005,0.038,0.040,0.008,0.002,0.000,0.049,0.129,0.001,-0.002,-0.009,0.013,0.489,0.200,-0.097,0.118,0.019,-0.019,1.000,0.731,0.093,0.117,-0.115,0.110,-0.126,0.142,0.216,-0.218,0.055,0.085,-0.071
intraday_ret_1,0.624,0.445,0.317,0.187,0.134,0.092,0.047,0.064,0.021,0.010,0.902,0.377,0.186,0.112,0.078,0.052,-0.000,0.060,0.014,0.154,0.147,0.053,0.340,0.440,0.302,0.234,0.200,0.073,0.310,-0.417,0.323,0.378,-0.004,0.316,0.200,0.097,0.312,0.200,0.110,0.142,-0.008,-0.010,-0.052,-0.003,0.048,0.062,0.018,0.005,0.001,0.066,0.158,0.002,-0.004,-0.010,0.020,0.589,0.252,-0.001,0.008,0.016,-0.021,0.731,1.000,0.117,0.146,-0.145,0.129,-0.163,0.179,0.270,-0.272,0.070,0.084,-0.071
overnight_ret_5,0.500,0.566,0.462,0.289,0.208,0.142,0.222,0.312,0.090,0.031,0.262,0.614,0.300,0.173,0.121,0.081,-0.003,0.208,0.089,0.413,0.398,0.264,0.518,0.522,0.424,0.347,0.436,0.310,0.502,-0.465,0.512,0.481,-0.003,0.388,0.272,0.144,0.388,0.277,0.162,0.121,0.003,-0.000,-0.066,0.001,0.108,0.110,0.079,0.027,0.009,0.129,0.222,0.003,-0.004,-0.004,0.039,0.297,0.416,-0.000,0.013,0.050,-0.046,0.093,0.117,1.000,0.089,-0.091,-0.021,-0.199,0.205,0.208,-0.213,0.107,0.041,-0.040
ev_macd_golden,0.189,0.142,0.051,0.006,0.005,0.003,-0.046,-0.057,-0.052,-0.017,0.158,0.143,-0.017,0.003,0.004,0.000,0.006,-0.050,-0.060,0.036,-0.007,-0.063,0.174,0.114,0.043,0.021,0.042,-0.035,0.129,-0.100,0.107,0.082,-0.034,0.043,0.027,0.009,0.050,0.013,0.003,0.041,0.010,0.001,0.003,0.008,0.003,-0.017,-0.004,-0.003,-0.002,-0.012,-0.011,-0.000,0.001,0.017,0.017,0.142,0.102,0.006,0.011,0.004,0.006,0.117,0.146,0.089,1.000,-0.034,0.006,-0.038,-0.021,0.036,-0.046,0.067,0.055,-0.007
ev_macd_dead,-0.189,-0.147,-0.057,0.001,0.003,0.003,0.042,0.053,0.061,0.025,-0.158,-0.148,0.017,0.003,0.005,0.003,-0.001,0.057,0.069,-0.049,0.004,0.065,-0.182,-0.117,-0.043,-0.016,-0.046,0.030,-0.134,0.099,-0.110,-0.084,-0.037,-0.051,-0.008,0.002,-0.045,-0.021,-0.005,-0.027,0.013,0.005,0.020,0.012,0.019,-0.004,0.006,0.009,0.006,0.010,0.007,0.001,0.001,0.020,0.014,-0.143,-0.106,0.014,0.009,0.009,0.002,-0.115,-0.145,-0.091,-0.034,1.000,-0.026,-0.012,-0.040,-0.045,0.042,-0.026,-0.009,0.042
ev_kdj_golden_low,0.057,-0.058,-0.134,-0.114,-0.085,-0.060,-0.145,-0.181,-0.113,-0.044,0.137,-0.043,-0.133,-0.077,-0.052,-0.035,-0.000,-0.147,-0.119,-0.133,-0.165,-0.174,0.022,-0.077,-0.124,-0.121,-0.158,-0.203,-0.068,0.087,-0.090,-0.099,0.080,-0.131,-0.103,-0.060,-0.065,-0.082,-0.056,-0.022,0.005,0.008,0.025,0.006,-0.040,-0.046,-0.024,-0.018,-0.009,-0.052,-0.102,-0.004,0.006,0.029,-0.001,0.078,0.080,0.004,-0.002,-0.012,0.025,0.110,0.129,-0.021,0.006,-0.026,1.000,-0.000,-0.030,-0.037,-0.033,-0.025,0.029,-0.006
ev_rsi6_oversold,-0.266,-0.295,-0.302,-0.252,-0.197,-0.141,-0.196,-0.271,-0.158,-0.072,-0.177,-0.282,-0.267,-0.174,-0.123,-0.081,0.001,-0.237,-0.170,-0.268,-0.297,-0.268,-0.223,-0.342,-0.323,-0.292,-0.304,-0.279,-0.261,0.286,-0.267,-0.293,0.148,-0.267,-0.219,-0.134,-0.269,-0.244,-0.150,-0.028,-0.011,0.008,0.074,0.014,-0.120,-0.097,-0.079,-0.020,-0.015,-0.124,-0.227,-0.008,0.010,0.011,-0.020,-0.230,-0.113,0.016,0.010,-0.032,0.054,-0.126,-0.163,-0.199,-0.038,-0.012,-0.000,1.000,-0.038,-0.043,0.452,-0.032,-0.010,0.042
ev_rsi6_overbought,0.279,0.310,0.316,0.261,0.202,0.145,0.205,0.281,0.162,0.072,0.195,0.294,0.276,0.177,0.125,0.084,0.000,0.238,0.164,0.278,0.307,0.271,0.245,0.354,0.334,0.301,0.315,0.287,0.278,-0.299,0.287,0.312,0.154,0.286,0.250,0.141,0.277,0.227,0.149,0.309,0.003,0.014,-0.033,0.022,0.102,0.116,0.077,0.037,0.017,0.127,0.234,0.006,-0.003,0.011,0.048,0.243,0.123,0.018,0.022,0.058,-0.031,0.142,0.179,0.205,-0.021,-0.040,-0.030,-0.038,1.000,0.483,-0.046,-0.010,0.055,-0.009
ev_break_high_20,0.330,0.335,0.334,0.256,0.192,0.135,0.210,0.263,0.142,0.060,0.291,0.311,0.281,0.165,0.115,0.077,-0.002,0.217,0.142,0.261,0.297,0.248,0.261,0.358,0.334,0.297,0.319,0.274,0.309,-0.354,0.347,0.370,0.055,0.356,0.268,0.138,0.274,0.216,0.137,0.333,0.004,0.002,-0.045,0.003,0.094,0.109,0.068,0.035,0.017,0.117,0.219,0.010,-0.006,0.048,0.069,0.287,0.189,-0.021,0.004,0.048,-0.034,0.216,0.270,0.208,0.036,-0.045,-0.037,-0.043,0.483,1.000,-0.054,0.023,0.087,-0.009
ev_break_low_20,-0.338,-0.343,-0.340,-0.261,-0.197,-0.138,-0.215,-0.267,-0.144,-0.062,-0.294,-0.320,-0.288,-0.170,-0.119,-0.079,0.002,-0.228,-0.153,-0.271,-0.306,-0.261,-0.266,-0.366,-0.340,-0.302,-0.327,-0.280,-0.315,0.365,-0.353,-0.378,0.055,-0.281,-0.219,-0.128,-0.367,-0.282,-0.162,-0.033,-0.003,0.001,0.062,-0.002,-0.111,-0.098,-0.073,-0.007,-0.011,-0.122,-0.223,-0.007,0.012,0.054,0.012,-0.290,-0.193,0.002,-0.029,-0.036,0.056,-0.218,-0.272,-0.213,-0.046,0.042,-0.033,0.452,-0.046,-0.054,1.000,-0.040,-0.012,0.079
ev_ma_golden_5_20,0.137,0.151,0.098,0.020,0.009,0.005,0.017,0.032,-0.048,-0.029,0.075,0.171,0.004,0.003,0.004,0.003,0.002,-0.022,-0.052,0.104,0.066,-0.002,0.170,0.128,0.072,0.041,0.103,0.043,0.169,-0.141,0.160,0.118,-0.086,0.091,0.020,0.006,0.066,0.031,0.013,-0.003,0.017,0.010,0.004,0.012,0.019,-0.016,0.003,0.005,-0.005,-0.000,0.004,-0.001,0.003,0.000,0.010,0.084,0.050,0.010,0.012,0.004,0.006,0.055,0.070,0.107,0.067,-0.026,-0.025,-0.032,-0.010,0.023,-0.040,1.000,0.021,-0.006
ev_limit_up,0.081,0.069,0.054,0.034,0.023,0.013,0.007,0.012,0.002,-0.002,0.085,0.063,0.033,0.020,0.012,0.006,-0.005,0.010,0.001,0.031,0.027,0.009,0.059,0.056,0.045,0.037,0.027,0.010,0.042,-0.062,0.049,0.055,0.045,0.039,0.020,0.001,0.067,0.052,0.034,0.044,0.071,0.060,0.054,0.058,0.080,-0.034,0.044,0.015,0.005,0.031,0.017,-0.001,0.014,0.060,0.047,0.040,0.075,0.024,0.045,0.200,0.031,0.085,0.084,0.041,0.055,-0.009,0.029,-0.010,0.055,0.087,-0.012,0.021,1.000,-0.002
ev_limit_down,-0.069,-0.061,-0.050,-0.034,-0.025,-0.017,-0.008,-0.012,-0.004,-0.000,-0.071,-0.056,-0.032,-0.020,-0.014,-0.009,0.001,-0.011,-0.003,-0.026,-0.026,-0.010,-0.052,-0.049,-0.041,-0.034,-0.024,-0.009,-0.036,0.054,-0.041,-0.048,0.039,-0.059,-0.047,-0.029,-0.036,-0.020,-0.007,-0.006,0.061,0.054,0.061,0.053,0.034,-0.068,-0.035,0.008,0.002,-0.030,-0.016,-0.003,0.016,0.055,0.031,-0.031,-0.065,0.041,0.026,0.034,0.199,-0.071,-0.071,-0.040,-0.007,0.042,-0.006,0.042,-0.009,-0.009,0.079,-0.006,-0.002,1.000
