指标,validation_增量t,判定
bias_5,-1.5496071158461264,排除
bias_10,-1.0758514968481285,排除
bias_20,-0.9735064458082096,排除
bias_60,-0.06154657875397619,排除
bias_120,0.2587035338639366,排除
bias_250,0.3584783370324699,排除
ma_align,0.7140466669643293,排除
macross_5_20,-0.5637541868306998,排除
macross_10_60,0.6352642623409014,排除
macross_20_120,0.6842328197988926,排除
ret_1,-1.5771062600643677,排除
ret_5,-1.222023213910465,排除
ret_20,-0.5707506061945609,排除
ret_60,0.8925468981899697,排除
ret_120,0.048858664106154324,排除
ret_250,0.573198696301081,排除
mom_12_1,0.7400667329666535,排除
macd_dif_12_26,-0.02651772230789053,排除
macd_dea_12_26_9,0.3102408779750643,排除
macd_hist_12_26_9,-1.156910375113688,排除
macd_dif_6_13,-0.6718042848684411,排除
macd_dea_6_13_5,-0.39295914633307294,排除
macd_hist_6_13_5,-1.0857580489715553,排除
rsi_6,-0.6789896883002982,排除
rsi_14,-0.32785453897770267,排除
rsi_24,0.1381127021535897,排除
kdj_k,-0.5106104685109292,排除
kdj_d,-0.26244860326581165,排除
kdj_j,-0.8172237265353267,排除
wr_14,0.7424696299623988,排除
cci_14,-0.5638278991907637,排除
boll_pos_20,-0.6121061655435279,排除
boll_width_20,-0.41692594208152123,排除
dist_high_20,-0.5212356177912059,排除
dist_high_60,1.1426837397653329,排除
dist_high_250,0.5209491878834779,排除
dist_low_20,-0.9115882986490869,排除
dist_low_60,-0.33407411680608134,排除
dist_low_250,1.0558519804263407,排除
new_high_250,-0.24777501918445252,排除
vol_20,-0.6451083178017837,排除
vol_60,-0.7295990903446551,排除
atr_14,-0.9331208072646265,排除
amplitude_20,-1.1823663634194137,排除
max_ret_20,-0.8021236364097863,排除
min_ret_20,0.3158540240158039,排除
skew_20,-0.560402509020535,排除
amt_ratio_5_20,0.6400238248417784,排除
amt_ratio_20_60,-2.268299986877838,边缘
pv_corr_20,-0.9882991864102437,排除
obv_chg_20,0.6375717760342338,排除
log_amount_20,-1.9096648601055557,排除
amihud_20,1.666007398927424,排除
vol_chg_1,0.5897580819591627,排除
abnormal_amt_1,0.7643172774160991,排除
streak,0.25404626315575884,排除
gap_1,-1.1950478283642774,排除
upper_shadow_5,-0.7652016689801808,排除
lower_shadow_5,-1.4112092489895134,排除
limit_up_20,0.17081548574889002,排除
limit_down_20,0.9811225274829705,排除
close_pos_1,-1.29687256382981,排除
intraday_ret_1,-1.5218122458094892,排除
overnight_ret_5,-0.2492870665453873,排除
ev_macd_golden,-0.09627264338845468,排除
ev_macd_dead,0.8268969946690594,排除
ev_kdj_golden_low,-1.027816100785513,排除
ev_rsi6_oversold,0.5255407973137111,排除
ev_rsi6_overbought,0.0966690883593057,排除
ev_break_high_20,-1.0692426787450162,排除
ev_break_low_20,0.37949899572398565,排除
ev_ma_golden_5_20,0.12180044071177551,排除
ev_limit_up,0.4153403088427244,排除
ev_limit_down,0.38116920081964867,排除
