阈值,期限,n,独立簇,均值,中位数,胜率,基准均值,强势不拥挤均值,差值,均值90%CI低,均值90%CI高,p值,q值,前段n,后段n,两段同向,证据,对强势不拥挤差值,对强势不拥挤p值,收益均值,最大回撤均值
0.3,5,18,17,-0.004678679984609006,-0.005497581301904697,0.3888888888888889,0.0005341353360438732,0.0014880513670694545,-0.005212815320652879,-0.015946562949187,0.004637685516408657,0.2028985507246377,0.463768115942029,12,6,True,C 弱/不显著,-0.006166731351678461,0.7119565217391305,0.02158990576651232,-0.011311456584845034
0.3,10,18,17,-0.007496843043127033,0.0002479483987201103,0.5,0.0010656151926146877,0.001979169375370323,-0.00856245823574172,-0.03334133325243243,0.01309614834681487,0.19090454772613694,0.463768115942029,12,6,False,C 弱/不显著,-0.009476012418497355,0.6293478260869565,0.028057016575937017,-0.023726440987730066
0.3,20,18,17,-0.013209098371760783,0.0006753685099540885,0.5,0.0019856679612206413,0.0012293999163344891,-0.015194766332981424,-0.035485846686833626,0.003544447636478041,0.063968015992004,0.463768115942029,12,6,True,C 弱/不显著,-0.01443849828809527,0.5616512764801738,0.024548652902123564,-0.03963229890576692
0.3,60,18,17,-0.022835873885723876,-0.015685737968220537,0.2777777777777778,0.004625344790952483,0.013957463819345943,-0.02746121867667636,-0.05115439513497032,0.0044494212312147915,0.041979010494752625,0.463768115942029,12,6,True,C 弱/不显著,-0.03679333770506982,0.4713584288052373,-0.023659069254926238,-0.09711571118873905
0.4,5,16,15,-0.004884586319624691,-0.009405975128470856,0.3125,0.0010971572115273795,0.0029484552489990492,-0.0059817435311520705,-0.012196298503880829,0.0034314775406775115,0.17091454272863568,0.463768115942029,4,12,True,C 弱/不显著,-0.00783304156862374,0.6555760936537277,-0.0021415891431080455,-0.022504979769460524
0.4,10,16,15,-0.00829395633070467,-0.00805692852587997,0.3125,0.0022096846554835975,0.004125000908695519,-0.010503640986188268,-0.018736611891392526,0.0041988375033838446,0.09095452273863068,0.463768115942029,4,12,True,C 弱/不显著,-0.012418957239400188,0.5314009661835749,-0.005689876310992159,-0.04304121009861433
0.4,20,16,15,-0.002482872139238833,-0.005331699541680446,0.375,0.00419552925759221,0.003403941077376435,-0.0066784013968310425,-0.013279050749839668,0.009253778022664269,0.463768115942029,0.6183574879227053,4,12,True,C 弱/不显著,-0.005886813216615268,0.9051724137931034,-0.004200105469570843,-0.055700606331333745
0.4,60,16,15,0.01380620571476128,-0.0007888822221360781,0.4375,0.010182959074997715,0.02905017288942239,0.003623246639763565,-0.009136992803074317,0.03690454244323996,0.7256371814092953,0.7740129935032484,4,12,False,C 弱/不显著,-0.015243967174661109,0.9932390903503381,-0.004051490918211463,-0.11312209764208037
0.45,5,5,5,0.009536515837594139,0.009568716300418778,0.6,0.0010971572115273795,0.0029484552489990492,0.008439358626066758,0.0010805348716447448,0.017992496803543534,0.24587706146926536,0.4917541229385307,0,5,False,C 弱/不显著,0.006588060588595089,0.6729857819905213,0.007165792231488055,-0.016644229461371784
0.45,10,5,5,0.012514406313063997,0.01643988706574495,0.8,0.0022096846554835975,0.004125000908695519,0.0103047216575804,-0.003425588167381388,0.026548532743069897,0.36481759120439783,0.535005224660397,0,5,False,C 弱/不显著,0.008389405404368479,0.6866746698679472,0.0038195113684588167,-0.04548783819670523
0.45,20,5,5,0.01089028659919733,0.01087309442825668,0.6,0.00419552925759221,0.003403941077376435,0.00669475734160512,-0.002057708554018678,0.025373949527130436,0.623688155922039,0.7127864639109017,0,5,False,C 弱/不显著,0.007486345521820895,0.7413587604290822,0.013258114242933172,-0.0491090209162429
0.45,60,5,5,-0.01280645624989012,-0.027408769523698417,0.2,0.010182959074997715,0.02905017288942239,-0.022989415324887835,-0.04061815386212055,0.02598421704321361,0.5047476261869065,0.6212278476146541,0,5,False,C 弱/不显著,-0.04185662913931251,0.6650306748466258,-0.05354719763388751,-0.14444534474843657
0.5,5,2,2,-0.010968928164964642,-0.010968928164964642,0.0,0.0010971572115273795,0.0029484552489990492,-0.012066085376492022,,,0.30884557721139433,0.535005224660397,0,2,False,D 样本不足,-0.013917383413963692,0.5113636363636364,-0.07014124723853721,-0.08400882518368058
0.5,10,2,2,-0.01987083589556321,-0.01987083589556321,0.0,0.0022096846554835975,0.004125000908695519,-0.022080520551046808,,,0.18490754622688654,0.463768115942029,0,2,False,D 样本不足,-0.02399583680425873,0.39276485788113696,-0.10161322341748885,-0.10161322341748885
0.5,20,2,2,-0.018458092740880117,-0.018458092740880117,0.0,0.00419552925759221,0.003403941077376435,-0.022653621998472324,,,0.367816091954023,0.535005224660397,0,2,False,D 样本不足,-0.021862033818256552,0.5572139303482587,-0.0682164583266684,-0.14402303064478267
0.5,60,1,1,0.0025782453928160365,0.0025782453928160365,1.0,0.010182959074997715,0.02905017288942239,-0.007604713682181678,,,0.9994900560938297,0.9994900560938297,0,1,False,D 样本不足,-0.026471927496606353,0.9478672985781991,-0.0509049299041644,-0.11250116636664487
