阈值,期限,指标,n,独立簇,全A收益均值,中位数,胜率,基准均值,基准胜率,差值,均值90%CI低,均值90%CI高,p值,前段n,前段差值,后段n,后段差值,两段同向,最大回撤均值,q值,证据
0.4,5,未来5日超额,8,8,0.04383544725757234,0.013040090448470876,0.75,0.0012544606916373082,0.5308988764044944,0.04258098656593503,0.0063034276522613494,0.08614233716197707,0.012993503248375811,6,0.0537881911170555,2,0.0089593729125736,True,-0.02118173614915128,0.034268579995716426,C 弱/不显著
0.4,10,未来10日超额,8,8,0.05516075045218545,0.0327341079867246,0.75,0.0025776314573534944,0.5233907843826944,0.05258311899483196,0.005362569944016627,0.11375409263052709,0.017991004497751123,6,0.06614737242526775,2,0.01189035870352458,True,-0.030674244734833864,0.034268579995716426,C 弱/不显著
0.4,20,未来20日超额,8,8,0.08019756834334976,0.03187246305435254,0.875,0.00501824779697143,0.5044122837980939,0.07517932054637833,0.01775581793923941,0.1456529729885188,0.014992503748125937,6,0.09658720009797692,2,0.010955681891582615,True,-0.036066506419950406,0.034268579995716426,C 弱/不显著
0.4,60,未来60日超额,8,8,0.10350407508597609,-0.025178432792388572,0.375,0.012094932796902798,0.46616541353383456,0.09140914228907329,-0.03159909357254473,0.2672746886156865,0.08095952023988005,6,0.1383520102889667,2,-0.04941946171060693,False,-0.08634954229483023,0.10794602698650674,C 弱/不显著
0.45,5,未来5日超额,10,10,0.035893398921092966,0.010743340740543506,0.6,0.0012544606916373082,0.5308988764044944,0.03463893822945566,0.004576824005195142,0.07374407090619856,0.005997001499250375,6,0.051357924190801194,4,0.009560459287437352,True,-0.010716884416982864,0.034268579995716426,B 中等证据
0.45,10,未来10日超额,10,10,0.06582183960934654,0.032328304786933604,0.6,0.0025776314573534944,0.5233907843826944,0.06324420815199304,0.008039736201605106,0.1351348907286502,0.004997501249375313,6,0.09206397267996744,4,0.020014561360031453,True,-0.018932596553106695,0.034268579995716426,B 中等证据
0.45,20,未来20日超额,10,10,0.06478095210278582,0.04184813813720667,0.6,0.00501824779697143,0.5044122837980939,0.059762704305814394,0.011860908775068367,0.12403681847615773,0.01999000499750125,6,0.08829916108637298,4,0.016958019134976528,True,-0.02538871629293902,0.034268579995716426,B 中等证据
0.45,60,未来60日超额,10,10,0.029854901582748505,0.029845644077793332,0.7,0.012094932796902798,0.46616541353383456,0.01775996878584571,-0.014321910489901835,0.07562583404813887,0.6346826586706646,6,-0.00014055604695909114,4,0.044610756035052906,False,-0.05486553766309813,0.6346826586706646,C 弱/不显著
0.5,5,未来5日超额,5,5,0.04098555988089334,-0.0012991632375249917,0.4,0.0012544606916373082,0.5308988764044944,0.03973109918925603,-0.027389741815793324,0.11749992459214949,0.035982008995502246,3,0.08148601962581739,2,-0.022901281465586003,False,-0.020771956072417865,0.05397301349325337,C 弱/不显著
0.5,10,未来10日超额,5,5,0.08144888174674628,0.021982994762192343,0.6,0.0025776314573534944,0.5233907843826944,0.07887125028939278,-0.04871338804686474,0.2188283695394046,0.01199400299850075,3,0.1297431741837955,2,0.002563364447788726,True,-0.039359767551857126,0.034268579995716426,C 弱/不显著
0.5,20,未来20日超额,5,5,0.06161247275080932,0.004340052097907998,0.6,0.00501824779697143,0.5044122837980939,0.05659422495383789,-0.03737074517015082,0.16644275922447938,0.13493253373313344,3,0.11211694228869976,2,-0.026689851048454914,False,-0.05720029642503388,0.16191904047976013,C 弱/不显著
0.5,60,未来60日超额,5,5,-0.027206621377525254,-0.06679838652846815,0.4,0.012094932796902798,0.46616541353383456,-0.03930155417442805,-0.08467923879238873,0.030897474910090338,0.5657171414292853,3,-0.010258104028272645,2,-0.08286672939366116,True,-0.10119422612739111,0.6171459724683112,C 弱/不显著
