分位阈值,期限,n,独立簇,均值,中位数,胜率,基准均值,差值,均值90%CI低,均值90%CI高,p值,q值,两段同向,证据,对强势不拥挤差值,对强势不拥挤p值,收益均值,最大回撤均值
0.9,5,1025,121,-0.001475319610831441,-0.0017742909491168524,0.4604878048780488,-0.00025866721269657435,-0.0012166523981348668,-0.0033851126156222147,0.00023323750026870362,0.10294852573713144,0.12353823088455773,True,C 弱/不显著,-0.0012789685866192349,0.6766616691654173,0.0017516714529574107,-0.023376259465203834
0.9,10,1024,120,-0.003626242553359427,-0.003942215673680083,0.443359375,-0.0005143904867391652,-0.0031118520666202614,-0.006470020427400512,-0.0010835352373031026,0.010994502748625687,0.021989005497251374,True,A 强证据,-0.0026433916282441496,0.4757621189405297,0.00010104646737312385,-0.03819221046198601
0.9,20,1024,120,-0.0052201097076317905,-0.005371292841960307,0.431640625,-0.0010114522101752356,-0.0042086574974565544,-0.008439115756134239,-0.0021804670815726962,0.008995502248875561,0.02158920539730135,True,A 强证据,-0.002455570058364783,0.7236381809095452,0.0030130341575203266,-0.05669535691236662
0.9,60,1014,118,-0.00835778959806606,-0.010263975422866667,0.4368836291913215,-0.003141445735307983,-0.005216343862758077,-0.013088041333317925,-0.0039936982418442455,0.16591704147926037,0.17491254372813594,True,C 弱/不显著,-0.007623161049809356,0.48075962018990503,0.027905283079273514,-0.09926543983709873
0.95,5,749,115,-0.001499038613812316,-0.0020362807853897547,0.4499332443257677,-0.0002477227206747954,-0.0012513158931375206,-0.0038193812343353247,0.0006217760813492783,0.17491254372813594,0.17491254372813594,False,C 弱/不显著,-0.0013262964526006436,0.6896551724137931,0.0024159585834372817,-0.023739287380268217
0.95,10,749,115,-0.0038555390370592618,-0.004325099952398048,0.43524699599465955,-0.0004894428235305821,-0.00336609621352868,-0.007549320513187493,-0.0007355499108956866,0.012993503248375811,0.02227457699721568,True,A 强证据,-0.00291423725896439,0.5237381309345327,0.0005623976213378173,-0.03831185386364833
0.95,20,747,115,-0.004855580408654265,-0.006800620015691816,0.4431057563587684,-0.0009582815460807145,-0.0038972988625735503,-0.009374342397812123,-0.0008195597906964743,0.01899050474762619,0.028485757121439283,True,A 强证据,-0.002262599057501829,0.8595702148925537,0.0016565782341655952,-0.05803702488207539
0.95,60,742,114,-0.010859152703685654,-0.013303196900093572,0.4137466307277628,-0.0030162979328204197,-0.007842854770865234,-0.01685832559734084,-0.005150666453049775,0.06196901549225387,0.08262535398967183,True,B 中等证据,-0.009964419916336969,0.38780609695152424,0.024725627613248657,-0.09859418423664074
0.99,5,367,100,-0.0034764059725398318,-0.003789721002846136,0.444141689373297,-0.00016454242637448945,-0.0033118635461653425,-0.006429740129357311,-0.0005679257184330005,0.008995502248875561,0.02158920539730135,True,A 强证据,-0.003573822822229527,0.3778110944527736,6.0343228579190184e-05,-0.024193524837908268
0.99,10,366,100,-0.008080078722581228,-0.006954480478124081,0.40710382513661203,-0.0003270707073825331,-0.007753008015198695,-0.013709081622445631,-0.0028940250094775985,0.0009995002498750624,0.00399800099950025,True,A 强证据,-0.007672087518729049,0.17891054472763618,-0.003094287022018515,-0.040470901801239294
0.99,20,364,99,-0.01445583421958656,-0.014100717924353301,0.36813186813186816,-0.00063196707230338,-0.01382386714728318,-0.020712101239220782,-0.00866969749393939,0.0009995002498750624,0.00399800099950025,True,A 强证据,-0.012845368705530897,0.09295352323838081,-0.0018152466672902324,-0.05988238027666823
0.99,60,363,98,-0.021589841374991692,-0.01946111704960274,0.3526170798898072,-0.0020515945030837733,-0.01953824687190792,-0.03167126870425185,-0.012167193430190562,0.0009995002498750624,0.00399800099950025,True,A 强证据,-0.022396993837990205,0.09495252373813093,0.015443111952718925,-0.10376886352849535
