风格对,信号,预警,预警次数,命中,精确率,基准概率,提升倍数,p值,召回率,提前天数中位(日),两段同向,q值,证据
成长组合/价值组合,相对动量60日,≥90%分位→成长→价值,10,6,0.6,0.2147458840372226,2.794,0.009187919062645515,0.6,38.5,True,0.05972147390719584,B 中等证据
成长组合/价值组合,相对动量120日,≥90%分位→成长→价值,6,4,0.6666666666666666,0.2147458840372226,3.1044444444444443,0.021920097819959055,0.4,36.5,True,0.0949870905531559,C 弱/不显著
成长组合/价值组合,相对偏离年线,≥90%分位→成长→价值,4,2,0.5,0.2147458840372226,2.3283333333333336,0.2038493510048121,0.2,29.0,False,0.33125519538281967,D 样本不足
成长组合/价值组合,成交额比z值,≥90%分位→成长→价值,10,4,0.4,0.2147458840372226,1.862666666666667,0.1482577549372832,0.4,19.5,True,0.27533583059781164,C 弱/不显著
成长组合/价值组合,成长拥挤度,≥90%分位→成长→价值,7,4,0.5714285714285714,0.2147458840372226,2.6609523809523807,0.04251501521975503,0.4,24.5,True,0.12282115507929231,C 弱/不显著
成长组合/价值组合,市场动量60日,≥90%分位→成长→价值,7,1,0.14285714285714285,0.2147458840372226,0.6652380952380952,0.8158924705479836,0.1,25.0,False,0.8838835097603156,C 弱/不显著
成长组合/价值组合,相对波动率,≥90%分位→成长→价值,19,3,0.15789473684210525,0.2147458840372226,0.7352631578947368,0.8078691964984913,0.3,25.0,False,0.8838835097603156,C 弱/不显著
成长组合/价值组合,相对动量60日,≤10%分位→价值→成长,13,8,0.6153846153846154,0.19327129563350035,3.1840455840455846,0.0009817746422353096,0.8,4.5,True,0.012763070349059024,B 中等证据
成长组合/价值组合,相对动量120日,≤10%分位→价值→成长,5,3,0.6,0.19327129563350035,3.1044444444444443,0.05288260798874335,0.3,10.0,True,0.1374947807707327,C 弱/不显著
成长组合/价值组合,相对偏离年线,≤10%分位→价值→成长,6,4,0.6666666666666666,0.19327129563350035,3.449382716049383,0.014978646342552108,0.4,5.0,True,0.07788896098127096,C 弱/不显著
成长组合/价值组合,成交额比z值,≤10%分位→价值→成长,13,6,0.46153846153846156,0.19327129563350035,2.3880341880341884,0.02563572353568237,0.6,14.0,True,0.09521840170396309,B 中等证据
成长组合/价值组合,成长拥挤度,≤10%分位→价值→成长,7,3,0.42857142857142855,0.19327129563350035,2.2174603174603176,0.1366538904387186,0.3,36.0,True,0.2733077808774372,C 弱/不显著
成长组合/价值组合,市场动量60日,≤10%分位→价值→成长,8,7,0.875,0.19327129563350035,4.527314814814815,6.69582014314056e-05,0.7,11.0,True,0.0017409132372165456,C 弱/不显著
成长组合/价值组合,相对波动率,≤10%分位→价值→成长,13,1,0.07692307692307693,0.19327129563350035,0.39800569800569807,0.9387004016230092,0.1,25.0,False,0.9762484176879295,C 弱/不显著
中证1000/沪深300,相对动量60日,≥90%分位→中证1000→沪深300,8,2,0.25,0.1717967072297781,1.4552083333333332,0.4113057959761063,0.25,18.5,True,0.5614936892775991,C 弱/不显著
中证1000/沪深300,相对动量120日,≥90%分位→中证1000→沪深300,4,1,0.25,0.1717967072297781,1.4552083333333332,0.5295128013293222,0.125,8.0,False,0.6555872778363037,D 样本不足
中证1000/沪深300,相对偏离年线,≥90%分位→中证1000→沪深300,3,1,0.3333333333333333,0.1717967072297781,1.9402777777777775,0.4319182225212301,0.125,32.0,False,0.5614936892775991,D 样本不足
中证1000/沪深300,成交额比z值,≥90%分位→中证1000→沪深300,9,0,0.0,0.1717967072297781,0.0,1.0,0.0,,False,1.0,C 弱/不显著
中证1000/沪深300,市场动量60日,≥90%分位→中证1000→沪深300,7,2,0.2857142857142857,0.1717967072297781,1.663095238095238,0.3446328832870039,0.25,13.0,False,0.49780305363678345,C 弱/不显著
中证1000/沪深300,相对波动率,≥90%分位→中证1000→沪深300,15,4,0.26666666666666666,0.1717967072297781,1.5522222222222222,0.249179179122962,0.5,36.0,False,0.38109756807041245,C 弱/不显著
中证1000/沪深300,相对动量60日,≤10%分位→沪深300→中证1000,8,4,0.5,0.16714387974230493,2.9914346895074946,0.03095567859709336,0.4444444444444444,4.5,True,0.10060595544055342,C 弱/不显著
中证1000/沪深300,相对动量120日,≤10%分位→沪深300→中证1000,5,2,0.4,0.16714387974230493,2.393147751605996,0.19716593183273554,0.2222222222222222,19.5,True,0.33125519538281967,C 弱/不显著
中证1000/沪深300,相对偏离年线,≤10%分位→沪深300→中证1000,6,3,0.5,0.16714387974230493,2.9914346895074946,0.06274686267727479,0.3333333333333333,5.0,True,0.14831076632810405,C 弱/不显著
中证1000/沪深300,成交额比z值,≤10%分位→沪深300→中证1000,12,2,0.16666666666666666,0.16714387974230493,0.9971448965024982,0.6203605420019646,0.2222222222222222,25.5,False,0.7331533678205037,C 弱/不显著
中证1000/沪深300,市场动量60日,≤10%分位→沪深300→中证1000,8,5,0.625,0.16714387974230493,3.7392933618843682,0.004668747837484631,0.5555555555555556,5.0,True,0.040462481258200136,C 弱/不显著
中证1000/沪深300,相对波动率,≤10%分位→沪深300→中证1000,11,4,0.36363636363636365,0.16714387974230493,2.1755888650963597,0.09638448572026144,0.4444444444444444,40.0,False,0.2088330523938998,C 弱/不显著
