信号,切换方向,切换次数,T-60,T-40,T-20,T-10,T+0
相对动量60日,成长→价值,10,0.5365727734446714,0.5338904823248974,0.634988583674191,0.719546996419067,0.8411976783892529
相对动量60日,价值→成长,10,0.5820739042796399,0.4672915131851475,0.3071116702775542,0.24842281843441433,0.06603130504231221
相对动量120日,成长→价值,10,0.5355180343684106,0.5307385910580742,0.5453658972398904,0.6849008363806103,0.8066071057076757
相对动量120日,价值→成长,10,0.5142021571343658,0.5119700018807097,0.38499290938517633,0.32739447306115466,0.20004754879722642
相对偏离年线,成长→价值,10,0.509248386841575,0.5470622872426841,0.6009490641340878,0.6992769305085803,0.8176691405262154
相对偏离年线,价值→成长,10,0.5338906002319044,0.48748878272473306,0.35040456458976926,0.28034018023952373,0.14389667266783096
成交额比z值,成长→价值,10,0.6374591864190808,0.5808180742731034,0.652589122959829,0.7830682808831253,0.8836686434543128
成交额比z值,价值→成长,10,0.49838203276989124,0.480926439318787,0.40584818030770997,0.27511531296267744,0.12523876577640564
成长拥挤度,成长→价值,10,0.5729535697615149,0.48834451379812427,0.6148845992682384,0.6845497430020314,0.7962348382882295
成长拥挤度,价值→成长,10,0.47117780554373334,0.4821253926930463,0.3479034034751541,0.2744022744445221,0.17288946286990528
市场动量60日,成长→价值,10,0.49533696144103817,0.6667575629580285,0.5723981525331265,0.5581271412564544,0.6276395404823234
市场动量60日,价值→成长,10,0.6143512350378976,0.41584558094524027,0.3398665099774678,0.2803897594642551,0.18026027986691565
相对波动率,成长→价值,10,0.746986210556749,0.714587801125939,0.6703331050113782,0.5602963150666439,0.530859959809874
相对波动率,价值→成长,10,0.5773502783259881,0.5766618357867401,0.5587718657899646,0.5628292196349789,0.5150815818159059
