行业,谷底,相对顶部,早段龙头,早段二线,早段尾部,中段龙头,中段二线,中段尾部,后段龙头,后段二线,后段尾部,早段全市场尾部−龙头,中段全市场尾部−龙头,后段全市场尾部−龙头,顶部后龙头,顶部后二线,顶部后尾部
通信,2012-12-13,2016-07-22,0.707555890083313,1.005751132965088,1.0823853015899658,1.3725574016571045,1.1886425018310547,1.9571051597595215,-0.4591789245605469,0.005356192588806152,-0.021053314208984375,0.6431549787521362,0.2850821018218994,0.3207077383995056,0.05508160591125488,-0.44911497831344604,-0.4265322685241699
电力设备,2013-02-07,2016-06-27,0.07966387271881104,0.2720397710800171,0.4419288635253906,1.2293660640716553,1.3171367645263672,1.687192440032959,-0.49531257152557373,-0.08106815814971924,0.056520700454711914,0.48990440368652344,0.3737144470214844,0.3146408796310425,-0.06540781259536743,-0.4213552474975586,-0.4924769997596741
电子,2015-01-05,2020-02-25,0.21687567234039307,0.7647800445556641,1.4150667190551758,0.13129019737243652,-0.19485723972320557,-0.18667000532150269,0.7504332065582275,0.7097164392471313,0.43363118171691895,0.9899768829345703,-0.2464638352394104,-0.06630003452301025,-0.15693366527557373,-0.15215331315994263,-0.11880755424499512
国防军工,2015-04-13,2015-07-30,0.37054502964019775,0.3332611322402954,0.3237994909286499,0.14028441905975342,0.15149295330047607,0.3143545389175415,-0.15487992763519287,-0.1313176155090332,-0.22209537029266357,0.09356033802032471,0.09228229522705078,-0.059159815311431885,-0.4108203053474426,-0.21301674842834473,-0.3638985753059387
基础化工,2015-05-12,2021-09-22,-0.19391262531280518,-0.19711655378341675,0.027188539505004883,-0.36226773262023926,-0.24811941385269165,-0.20221787691116333,0.9911693334579468,1.380028486251831,1.0050053596496582,0.20427578687667847,-0.143138587474823,0.14561772346496582,,,
建筑材料,2015-05-18,2021-03-23,0.08279812335968018,0.0570521354675293,0.2290250062942505,0.22454631328582764,-0.08035361766815186,-0.15007948875427246,0.6843410730361938,0.3476907014846802,0.24002087116241455,0.21003597974777222,-0.19092190265655518,-0.129111647605896,,,
家用电器,2015-06-11,2017-06-26,-0.4588477611541748,-0.35464900732040405,-0.37244492769241333,0.26202988624572754,0.20158874988555908,0.37593603134155273,0.3408520221710205,-0.06946331262588501,-0.09888583421707153,0.08907407522201538,0.15026938915252686,-0.1989021897315979,0.15467524528503418,-0.21134138107299805,-0.1277402639389038
计算机,2015-09-02,2015-12-10,0.17138910293579102,0.4396871328353882,0.4942452907562256,0.2149670124053955,0.3108476400375366,0.39217185974121094,-0.05808287858963013,0.06643640995025635,0.06290340423583984,0.22703564167022705,0.12833094596862793,0.12209433317184448,-0.2765551209449768,-0.478657066822052,-0.40150392055511475
有色金属,2015-11-02,2017-08-09,0.060509443283081055,0.20335471630096436,0.13901770114898682,0.07589900493621826,0.08182060718536377,0.10488057136535645,0.36382055282592773,0.17413032054901123,-0.009032130241394043,0.19221365451812744,0.10347616672515869,-0.24599134922027588,-0.20157378911972046,-0.2567094564437866,-0.20069366693496704
食品饮料,2015-11-16,2021-01-07,0.3167541027069092,-0.0103645920753479,-0.07085269689559937,0.4799489974975586,0.045450568199157715,-0.0033103227615356445,1.5655994415283203,0.8912781476974487,0.2654292583465576,-0.05340760946273804,-0.06054657697677612,-0.2552415728569031,-0.4278995990753174,-0.2979379892349243,-0.11810511350631714
煤炭,2015-12-30,2016-03-07,-0.08077007532119751,-0.1265428066253662,-0.23398524522781372,0.004951596260070801,-0.04502129554748535,-0.015592992305755615,0.2087559700012207,0.12928974628448486,0.010159492492675781,-0.0629739761352539,0.03270822763442993,-0.0735507607460022,-0.15722417831420898,-0.14664846658706665,-0.0023204684257507324
煤炭,2016-06-16,2018-02-06,0.20845723152160645,0.226249098777771,0.26194512844085693,0.5296292304992676,0.14148521423339844,0.06290066242218018,0.17289972305297852,-0.013383984565734863,-0.22775530815124512,0.06454706192016602,-0.25382208824157715,-0.19751697778701782,-0.21676236391067505,-0.16968435049057007,-0.07697898149490356
钢铁,2016-06-30,2018-02-06,0.2209787368774414,0.23128855228424072,0.3184255361557007,0.2746760845184326,0.028122782707214355,0.14335846900939941,0.03008556365966797,0.033141255378723145,-0.012108564376831055,0.027563810348510742,-0.23046386241912842,-0.21121585369110107,-0.23775124549865723,-0.1532796025276184,-0.08585262298583984
医药生物,2017-04-11,2020-07-31,0.33417809009552,0.001227259635925293,-0.0568385124206543,-0.29415881633758545,-0.1916547417640686,-0.17922347784042358,0.619857907295227,0.6988776922225952,0.7060719728469849,-0.21181607246398926,-0.0218050479888916,-0.041757941246032715,-0.5779792070388794,-0.2909305691719055,0.16769778728485107
计算机,2017-07-24,2020-02-25,0.12061429023742676,-0.0031167268753051758,-0.04448729753494263,0.1366443634033203,0.09983813762664795,0.20617985725402832,0.2698136568069458,0.25375592708587646,0.27899158000946045,-0.0535396933555603,0.0004067420959472656,-0.05014336109161377,-0.31443214416503906,-0.35343945026397705,-0.17142271995544434
通信,2018-02-06,2020-03-13,-0.16518348455429077,-0.22698688507080078,-0.10266667604446411,0.25672996044158936,0.4517585039138794,0.5360023975372314,0.2962815761566162,0.17181169986724854,0.18101823329925537,0.06652909517288208,0.05872488021850586,0.013277888298034668,-0.2595391869544983,-0.2383313775062561,-0.15428602695465088
国防军工,2018-02-22,2019-09-03,-0.06006866693496704,-0.06670933961868286,0.013176202774047852,0.2802901268005371,0.2060176134109497,0.24954676628112793,0.03430831432342529,0.0863105058670044,0.18535196781158447,0.073231041431427,-0.03510093688964844,0.013708353042602539,-0.08534187078475952,-0.1286488175392151,-0.14404183626174927
农林牧渔,2018-04-25,2019-05-30,-0.20570075511932373,-0.11126279830932617,-0.14905470609664917,0.2130751609802246,-0.0213392972946167,-0.03218281269073486,0.9338884353637695,0.5572478771209717,0.3739736080169678,-0.04234987497329712,0.039387643337249756,0.0007807016372680664,-0.0034316182136535645,-0.25387609004974365,-0.24135196208953857
煤炭,2018-05-25,2018-10-26,-0.08683782815933228,-0.11349213123321533,-0.11687690019607544,0.01700770854949951,0.029138565063476562,0.14805948734283447,0.07197141647338867,-0.030936896800994873,-0.0673181414604187,-0.036179959774017334,-0.030032575130462646,-0.03167593479156494,-0.07251840829849243,0.05151855945587158,0.0748363733291626
钢铁,2018-05-28,2018-10-12,-0.06781154870986938,-0.007834851741790771,-0.06133401393890381,0.05203545093536377,0.08212697505950928,0.08472204208374023,-0.004646480083465576,-0.12450963258743286,-0.06658613681793213,-0.02637261152267456,-0.02188563346862793,-0.04354512691497803,-0.31693530082702637,0.045377254486083984,0.5045239925384521
非银金融,2018-07-18,2019-03-07,-0.014797806739807129,-0.06465929746627808,-0.07152211666107178,0.015103816986083984,0.1217430830001831,-0.0041272640228271484,0.5122220516204834,0.4616985321044922,0.5038614273071289,-0.07080656290054321,0.04675567150115967,-0.0013827085494995117,-0.2169886827468872,-0.11961692571640015,-0.22201752662658691
电力设备,2018-08-22,2021-11-29,0.47634124755859375,0.1813666820526123,0.2283611297607422,0.42238593101501465,0.3981674909591675,0.40230798721313477,0.943783164024353,0.9356207847595215,0.700973629951477,0.0046575069427490234,0.005565166473388672,0.12842249870300293,-0.4011709690093994,-0.47340476512908936,-0.40913671255111694
汽车,2019-08-21,2022-08-02,0.2542304992675781,0.45774006843566895,0.35807108879089355,0.6518522500991821,0.13627779483795166,0.08994781970977783,-0.07265394926071167,0.20688903331756592,0.27410387992858887,0.01040804386138916,0.04273343086242676,0.1792643666267395,-0.22270327806472778,-0.13112622499465942,-0.15053236484527588
国防军工,2020-07-03,2021-01-12,0.37206101417541504,0.4163614511489868,0.570051908493042,-0.09657871723175049,-0.09816217422485352,0.1254979372024536,0.42093658447265625,0.24065816402435303,0.07000219821929932,0.05267596244812012,-0.032761991024017334,-0.20274829864501953,-0.2566947340965271,-0.3113213777542114,-0.28847622871398926
煤炭,2020-09-02,2021-09-16,0.12835776805877686,0.1314399242401123,0.27850866317749023,0.1745309829711914,0.11764001846313477,0.13277184963226318,0.3937559127807617,0.8814383745193481,0.4164559841156006,-0.19680452346801758,0.10074067115783691,0.19104081392288208,-0.2076946496963501,-0.3256474733352661,-0.19198787212371826
钢铁,2020-10-13,2021-09-09,0.26173925399780273,0.0988461971282959,0.038864731788635254,0.12804198265075684,0.3068352937698364,0.0990380048751831,0.6514682769775391,0.5143089294433594,0.32621657848358154,-0.21086567640304565,0.11512964963912964,0.17464816570281982,-0.34578049182891846,-0.3394423723220825,-0.1630372405052185
有色金属,2020-10-16,2021-08-31,0.5534851551055908,0.09136462211608887,0.028850555419921875,0.06933701038360596,0.08112716674804688,0.12338876724243164,0.3932422399520874,0.5297751426696777,0.5609095096588135,-0.2168961763381958,0.11528408527374268,0.18260663747787476,-0.38100743293762207,-0.24874871969223022,-0.12157917022705078
公用事业,2021-07-29,2021-09-28,0.05907738208770752,0.10290896892547607,0.06882739067077637,0.20644652843475342,0.194724440574646,0.11243760585784912,0.21091580390930176,0.17032086849212646,0.1413201093673706,0.02833247184753418,0.012862563133239746,-0.02528601884841919,-0.03852510452270508,-0.19978594779968262,-0.06685048341751099
农林牧渔,2021-08-30,2022-04-20,0.2922435998916626,0.15226054191589355,0.10509800910949707,0.011275649070739746,-0.01708918809890747,-0.03639376163482666,-0.04347729682922363,0.11488950252532959,0.1588895320892334,0.009860038757324219,0.022305190563201904,0.050434768199920654,-0.25542205572128296,-0.30105894804000854,-0.11264759302139282
交通运输,2021-11-29,2024-08-05,0.011664509773254395,0.07751739025115967,0.0821082592010498,-0.04786026477813721,0.03289759159088135,0.0337601900100708,0.025527477264404297,0.01221013069152832,-0.041179537773132324,0.1295575499534607,0.056688904762268066,-0.0918005108833313,,,
煤炭,2021-11-30,2022-06-14,0.07154154777526855,0.025663256645202637,-0.046946704387664795,0.3574490547180176,0.32695090770721436,0.1764000654220581,0.2731442451477051,0.14213216304779053,0.26874732971191406,-0.019349336624145508,0.05986756086349487,-0.03944897651672363,-0.12868613004684448,-0.16660046577453613,-0.19269436597824097
石油石化,2021-11-30,2024-04-19,0.17114758491516113,0.12004685401916504,0.21996426582336426,0.3374760150909424,0.030426025390625,-0.04912370443344116,0.30029332637786865,0.0723733901977539,0.007938385009765625,0.0930209755897522,0.08109259605407715,-0.06614375114440918,-0.15258216857910156,0.032183051109313965,0.3604574203491211
房地产,2021-11-30,2022-04-08,0.19597959518432617,0.12076842784881592,0.19156956672668457,-0.058322131633758545,-0.04565960168838501,-0.028104722499847412,0.12694334983825684,0.20831298828125,0.2760441303253174,-0.0046596527099609375,0.021861672401428223,0.02187865972518921,-0.36072635650634766,-0.2930529713630676,-0.23930931091308594
社会服务,2021-12-06,2022-12-30,-0.17761361598968506,-0.0962035059928894,0.12278234958648682,-0.07036292552947998,-0.028428256511688232,0.014376401901245117,0.0826805830001831,-0.0033957362174987793,0.21075916290283203,0.03713822364807129,0.1299762725830078,-0.030215680599212646,,,
银行,2022-01-04,2022-04-26,0.0606081485748291,0.028767704963684082,0.002701878547668457,-0.0590517520904541,-0.07411360740661621,-0.05135530233383179,0.023766398429870605,-0.027275025844573975,-0.08721822500228882,0.0005235671997070312,0.048375070095062256,-0.07566016912460327,-0.021504998207092285,-0.06921494007110596,0.1071014404296875
电力设备,2022-04-26,2022-08-18,0.3954731225967407,0.4059339761734009,0.32855701446533203,0.10202193260192871,0.16160047054290771,0.12989389896392822,0.030507802963256836,0.152274489402771,0.17215096950531006,0.07349085807800293,0.003556370735168457,0.11364316940307617,-0.6368333697319031,-0.40208899974823,0.03807246685028076
电子,2022-04-26,2026-06-30,0.13925957679748535,0.3414095640182495,0.5455480813980103,0.31013429164886475,0.17715692520141602,0.322914719581604,1.299208402633667,1.4481770992279053,1.031700611114502,0.28893566131591797,0.14294254779815674,0.16325271129608154,,,
计算机,2022-09-08,2023-06-20,0.08974635601043701,0.0931006669998169,0.08871173858642578,0.3188968896865845,0.242264986038208,0.22829043865203857,0.20488464832305908,0.14642488956451416,0.10944473743438721,0.01783853769302368,0.010177016258239746,0.013803482055664062,-0.4521862268447876,-0.40279120206832886,-0.3244926929473877
传媒,2022-10-25,2023-05-11,0.2667570114135742,0.1788865327835083,0.15516698360443115,0.16747522354125977,0.1726512908935547,0.1464405059814453,0.18176257610321045,0.37721991539001465,0.3360522985458374,-0.02646327018737793,0.027402639389038086,-0.027278244495391846,-0.15520226955413818,-0.2713935971260071,-0.21316581964492798
公用事业,2023-04-07,2024-07-08,0.056801557540893555,-0.014182865619659424,0.07155847549438477,0.10589659214019775,-0.10340195894241333,-0.08667147159576416,0.24134290218353271,0.08691811561584473,-0.015732288360595703,0.06459128856658936,0.02710247039794922,-0.1418636441230774,-0.14201140403747559,0.21069276332855225,0.5925076007843018
汽车,2023-04-20,2025-09-23,-0.0368078351020813,-0.1844043731689453,-0.1298547387123108,0.27133893966674805,0.43448948860168457,0.6629738807678223,0.05288267135620117,0.41274595260620117,0.47548043727874756,-0.05565035343170166,0.4210941791534424,0.14808440208435059,,,
煤炭,2023-06-20,2024-04-16,0.1629786491394043,0.13907873630523682,0.0917820930480957,0.10005795955657959,0.08954811096191406,0.07789099216461182,0.16350138187408447,0.04698896408081055,-0.21730417013168335,0.03261178731918335,0.1762956976890564,-0.2694241404533386,-0.12645679712295532,-0.09460324048995972,0.9025536775588989
银行,2023-12-06,2024-02-07,-0.0006516575813293457,-0.02505391836166382,-0.00164794921875,0.04051375389099121,0.05261540412902832,0.12770748138427734,0.05479884147644043,0.029321670532226562,-0.05412721633911133,-0.014436662197113037,0.0030553340911865234,-0.31358951330184937,0.027408123016357422,-0.0067177414894104,0.0615161657333374
有色金属,2023-12-19,2026-06-22,0.34179627895355225,0.146256685256958,0.06987833976745605,0.2294539213180542,0.3700159788131714,0.5855919122695923,0.5412344932556152,0.7295029163360596,0.6228420734405518,-0.21205687522888184,0.41310298442840576,-0.03019261360168457,,,
非银金融,2024-01-02,2024-02-07,-0.04752790927886963,-0.03302717208862305,-0.03359264135360718,0.061974287033081055,0.04779016971588135,0.1670377254486084,-0.025355398654937744,-0.06676703691482544,-0.27502232789993286,-0.015303850173950195,-0.06950664520263672,-0.26174741983413696,-0.05639922618865967,-0.03324079513549805,-0.0007274746894836426
银行,2024-03-20,2024-08-27,0.09628903865814209,0.09173226356506348,0.1873319149017334,0.003116607666015625,-0.05115097761154175,-0.04199761152267456,0.06197202205657959,0.011442303657531738,0.029620766639709473,-0.0654226541519165,-0.06578648090362549,0.018920719623565674,0.16454315185546875,0.2435988187789917,0.4860074520111084
计算机,2024-06-07,2025-02-14,-0.15545397996902466,-0.09104931354522705,0.015587568283081055,0.5691077709197998,0.6997578144073486,0.7452534437179565,0.1538933515548706,0.15319561958312988,0.1680762767791748,0.03021061420440674,0.24369323253631592,0.04536318778991699,,,
农林牧渔,2025-03-07,2025-04-08,0.010114431381225586,0.03068995475769043,0.054615139961242676,0.0076067447662353516,-3.9637088775634766e-05,-0.011824429035186768,0.06469941139221191,0.12392222881317139,0.08505964279174805,0.02845144271850586,-0.025752782821655273,-0.06667989492416382,-0.2696380019187927,-0.2442217469215393,-0.09399765729904175
石油石化,2025-09-18,2026-03-03,0.12001514434814453,0.09471166133880615,0.163857102394104,0.011857986450195312,-0.004092216491699219,-0.052507102489471436,0.382291316986084,0.44309568405151367,0.47259509563446045,-0.005206465721130371,0.009861528873443604,0.021195054054260254,,,
