入场,规则,笔数,相对收益均值,中位,胜率,平均持有(日),捕获率(相对最大可得)
E1 强势确认,固定持有60日,95,-0.0148619311236098,-0.024213565347763755,0.3684210526315789,60.0,-0.10027776073421968
E1 强势确认,固定持有120日,95,-0.01404241443504154,-0.01831092118940214,0.3894736842105263,120.0,-0.0947482438948234
E1 强势确认,相对强弱回撤10%,95,0.0011469153518778074,-0.02814361449985625,0.4,95.69473684210526,0.007738570599032048
E1 强势确认,相对强弱回撤15%,95,-0.012688452133560107,-0.048231039836359346,0.3473684210526316,154.9157894736842,-0.08561266746253733
E1 强势确认,相对强弱回撤20%,95,-0.0161102447305149,-0.0525623889361726,0.37894736842105264,203.25263157894736,-0.10870049477553423
E1 强势确认,连续2日跌破20日线,95,-0.0065283925210735646,-0.016623479863169255,0.3684210526315789,17.50526315789474,-0.044048958225038265
E1 强势确认,连续2日跌破60日线,95,-0.015547282995779033,-0.02324884807009442,0.35789473684210527,33.97894736842105,-0.10490202863618552
E1 强势确认,相对强弱跌破60日均线,95,-0.016549548996727115,-0.030791870628490092,0.30526315789473685,43.37894736842105,-0.11166460810174714
E1 强势确认,成交占比回落,95,-0.0027835234668910124,-0.019079752480820278,0.42105263157894735,63.084210526315786,-0.01878124033071054
E1 强势确认,大跌5%且次日续跌,95,-0.010290527079995062,-0.02313378482828543,0.37894736842105264,136.3578947368421,-0.0694331714885591
E1 强势确认,持有满250日,95,-0.013739622516470951,-0.021807713190297284,0.4,250.0,-0.09270521898035307
E2 拥挤确认,固定持有60日,125,-0.016644933171280882,-0.01843717366581199,0.336,60.0,-0.1323836203886778
E2 拥挤确认,固定持有120日,125,-0.019494796037086384,-0.02063159761037492,0.376,120.0,-0.15504968698710275
E2 拥挤确认,相对强弱回撤10%,125,-0.008993926106124813,-0.049817569929661576,0.336,103.632,-0.07153218863572175
E2 拥挤确认,相对强弱回撤15%,125,-0.019328934990473542,-0.04312362415180704,0.32,168.8,-0.1537305296431761
E2 拥挤确认,相对强弱回撤20%,125,-0.021344620912476246,-0.04312362415180704,0.36,211.008,-0.16976206291371032
E2 拥挤确认,连续2日跌破20日线,125,-0.008696848161912367,-0.014576334071098374,0.336,17.8,-0.06916941232489066
E2 拥挤确认,连续2日跌破60日线,125,-0.014746200230783222,-0.01779963945491314,0.328,36.008,-0.11728225961854158
E2 拥挤确认,相对强弱跌破60日均线,125,-0.018322450117626343,-0.0274368890440585,0.28,43.104,-0.1457255644106424
E2 拥挤确认,成交占比回落,125,-0.0164536059766733,-0.01788408542117803,0.336,44.28,-0.13086192087565948
E2 拥挤确认,大跌5%且次日续跌,125,-0.01379044115542603,-0.020546600940331228,0.344,150.944,-0.10968073636139632
E2 拥挤确认,持有满250日,125,-0.022740924633616672,-0.04039021202334292,0.376,250.0,-0.180867408898859
