成本(bp),组合,年化收益,年化波动,夏普,最大回撤,日胜率,天数,年化单边换手
10,B0 全行业等权,0.08371463659895229,0.2704832641018296,0.43391403312131177,-0.6176328806874422,0.5532585844428872,2854,0.0
10,P1 剔除拥挤(R1),0.09471314329285696,0.2699434188682952,0.4716003699916131,-0.6065122335355219,0.5553608969866853,2854,1.251075692205396
10,S0 强势行业等权,-0.08564685085173807,0.3002291668011532,-0.1465320380666942,-0.8715931970427626,0.5165056360708534,2854,17.219925251109554
10,S1 强势剔除次日续跌(R2),-0.07008307948000525,0.28779097043107443,-0.10704405931740067,-0.8433147302891093,0.5144927536231884,2854,17.527979594758534
10,拥挤篮子(被R1剔除的行业),-0.0014920306919402604,0.2916975898827485,0.14248756082830996,-0.6970714257926351,0.5371408549404345,2854,5.536076202859664
30,B0 全行业等权,0.08371463659895229,0.2704832641018296,0.43391403312131177,-0.6176328806874422,0.5532585844428872,2854,0.0
30,P1 剔除拥挤(R1),0.08924101100267001,0.2699727178067544,0.45301286159518594,-0.6140959339449288,0.5543097407147862,2854,1.251075692205396
30,S0 强势行业等权,-0.14648573866982495,0.300646366575995,-0.37475160029955906,-0.9399742579157057,0.5068438003220612,2854,17.219925251109554
30,S1 强势剔除次日续跌(R2),-0.1331023675058135,0.28831464950999286,-0.349546009863663,-0.9296897058477107,0.5056360708534622,2854,17.527979594758534
30,拥挤篮子(被R1剔除的行业),-0.02340385507472953,0.2918317515237391,0.06654167399215033,-0.7522558308376351,0.5325858444288718,2854,5.536076202859664
