阈值,组合,触发日,触发日占比,5日超额,10日超额,20日超额,60日超额,60日最大回撤,阈值上方停留(日)
0.3,大金融,2015-01-20,0.3301804867697579,-0.02654694621952558,-0.04311203357146165,-0.06457107614161162,-0.18040600787088534,-0.06370838774453391,5.0
0.3,大金融,2015-07-07,0.3813066842911484,-0.09867520985964151,-0.22944275891550348,-0.20610334171334177,-0.14860673995284512,-0.17191399766541005,5.0
0.3,周期,2017-07-19,0.3194419200609018,-0.013457072735039155,0.03129893489933577,0.004936728149004033,-0.032296548652045454,0.0,22.0
0.3,周期,2017-09-01,0.3273893138519732,-0.002368007091352764,-0.024357283662915896,-0.0358272291387034,-0.02967243772107353,-0.14003834285210082,11.0
0.3,TMT,2017-12-08,0.3017153842159729,-0.012406641485329217,-0.017412543057594987,-0.04871674306146756,-0.0034889006067696515,-0.19783292710678746,11.0
0.3,TMT,2018-03-09,0.3067765711921866,-0.00956696438009108,-0.01060258063948838,-0.0033960950884810437,-0.030720437108524346,-0.13910438397416325,10.0
0.3,大消费,2018-05-29,0.30003236651069426,0.01935691669480799,0.013356319594982735,0.010218756328427947,-0.03437714901432043,-0.19179346229622196,6.0
0.3,TMT,2018-08-13,0.3024627446039885,0.009369414736582482,0.01645011344871128,0.011956790764736769,-0.004887160912364963,-0.22557656586548136,14.0
0.3,TMT,2019-02-14,0.303597598920419,0.02759325487011477,0.013229278691187618,0.03696977548927549,-0.019193781673201737,0.0,10.0
0.3,TMT,2019-05-22,0.3216243197762501,-0.00698450343821122,0.0008116006977902934,0.004746832108389221,0.00841869596289424,-0.052897472345651786,16.0
0.3,TMT,2019-07-24,0.32282049034055943,0.008387145294756926,0.002410352310728503,0.02979944407518398,0.05421078955250147,-0.06831433886965,125.0
0.3,大消费,2020-02-03,0.3322522854270901,-0.011115447219212538,-0.05050734154426295,-0.04429898792449771,0.05003590166948113,0.0,1.0
0.3,TMT,2020-02-04,0.32270344260014366,0.028690546075358814,0.041186339238773684,0.03722274587698249,-0.009064698413455918,-0.020107987873382305,119.0
0.3,TMT,2020-08-24,0.30196641441426975,-0.009095702901699032,0.0022449911337614203,-0.017324482486638537,-0.06041586136666288,-0.1207572358732244,19.0
0.3,TMT,2020-11-09,0.30125037190234083,-0.019168429896847528,-0.03005497917155986,-0.030870797983082898,-0.11064391881548097,-0.16755715510473246,2.0
0.3,大消费,2021-04-28,0.3139366151404721,-0.005179291097574756,-0.0029579016322947016,-0.0041507166967265086,-0.15440172716897127,-0.10490337533433847,4.0
0.3,TMT,2021-06-17,0.31772960459793986,-0.027928152603795553,-0.030112992471838074,-0.042608077729066496,-0.11282773445557626,-0.04891494849620692,3.0
0.3,周期,2021-08-27,0.30049309988740447,0.0057004263714197645,0.08377385097987933,-0.01350593301173253,-0.11024292612470865,-0.14295273843717604,20.0
0.3,TMT,2022-08-05,0.3015649028370922,-0.01283753991258485,-0.012669212567679722,-0.011364563167970854,0.012787526042648434,-0.18707737355762788,3.0
0.3,大消费,2022-12-08,0.30784025070484594,0.02302075756306443,0.04091835375425246,0.02002408483881779,-0.012177694263239336,-0.03456812319099023,18.0
0.3,TMT,2023-02-06,0.3161782963556403,-0.005815871506234638,-0.0003157039003500728,0.016332759209476078,0.1654592928965416,-0.022086763532114362,118.0
0.3,TMT,2023-08-07,0.3315793483800915,-0.012237194996083112,-0.0010071125194830444,-0.01178407681967275,0.010988666563986116,-0.15135293928121407,160.0
0.3,TMT,2024-05-31,0.30130939844519555,-0.0013619742996130446,0.026290340187441696,0.023869142683096367,0.0025412508587411287,-0.12445947902985366,231.0
0.3,TMT,2025-06-05,0.32373080737145515,0.003035970259579135,0.009229669395797502,0.014880767797655015,0.09894166965674356,-0.011332313757802082,33.0
0.3,TMT,2025-07-28,0.31630197968696644,0.006434458636220164,0.0070998744450578855,0.051707510283743874,0.03449342785795828,-0.008937561938114347,
0.4,TMT,2019-09-24,0.4132343511763174,-0.022677602254167706,-0.02366426058353599,-0.009072854427504384,0.023504832024823452,-0.07564135910369174,5.0
0.4,TMT,2019-10-29,0.40131243185725063,-0.01011520905392893,-0.0025721200175774506,-0.0031776788946140666,0.06990907073812669,-0.038909253727443915,2.0
0.4,TMT,2019-12-10,0.4089928325126568,0.015153278900829958,0.0070009936178214716,0.023295458939617042,0.0790523376159169,-0.0009746239649376376,9.0
0.4,TMT,2020-02-18,0.4013983589170134,0.015506457780838367,-0.004352761586714049,-0.013315046553602716,-0.03736779788790834,-0.15370506899366676,12.0
0.4,TMT,2023-03-20,0.4158564188576213,0.03451414802859021,0.0766458672564212,0.069774275779108,0.17155402580469592,-0.014664797594517331,32.0
0.4,TMT,2023-05-18,0.4188946246246893,0.001378356808292791,0.0512248452035331,0.09516378481110688,-0.00456024264812005,-0.03259093472276542,3.0
0.4,TMT,2023-07-14,0.428897562854841,-0.021717538990215446,-0.054169476747892076,-0.034956820349853035,-0.03483321503052095,-0.14646655267143038,5.0
0.4,TMT,2023-09-08,0.41762478370529565,-0.027227622150044595,-0.01001852736754627,-0.00029524013627313384,0.057151375470544385,-0.10735619355548476,4.0
0.4,TMT,2023-11-08,0.41194691231720626,0.00697434391367624,0.002518437270618401,0.023057808381652833,-0.024675758606605536,-0.2613831650297608,12.0
0.4,TMT,2023-12-08,0.40408927735177497,-0.011802204450697573,-0.04176729459813522,-0.06317605233068624,-0.011473163859867963,-0.3392786112082109,3.0
0.4,TMT,2024-03-01,0.40150467642608023,-0.011583352445635464,-0.006095329684213668,-0.015261185902251784,-0.05512845782943221,-0.15118190511041363,4.0
0.4,TMT,2024-10-21,0.42988122755006314,-0.008696741203012781,-0.021870006700090983,-0.018512657591184922,0.00010928247972219474,-0.06960588148010427,4.0
0.4,TMT,2024-12-19,0.43823622647810295,-0.01978732508389336,-0.04567504961424618,-0.026763633273563014,-0.03922683560657081,-0.15959378068975028,9.0
0.4,TMT,2025-01-22,0.4016917489767881,0.024902117944406665,0.050932209790426564,0.012872756636202576,-0.034663009409613976,-0.11814264922030338,31.0
0.4,TMT,2025-08-22,0.4125299550722962,0.02329277658365525,-0.014427610622880671,0.011456253072897438,-0.0001650958714572992,-0.06654170768013534,10.0
0.4,TMT,2025-09-22,0.40959926585423095,-0.006222371194631426,-0.036467811741445755,-0.02084201347889536,-0.014272061271939585,-0.07091910416287572,9.0
0.4,TMT,2025-11-26,0.40559666292490065,-0.006421293840854547,0.00047510991996690954,-0.007485720188746825,-0.001412668572814857,-0.019925507964194566,14.0
0.4,TMT,2026-01-12,0.403278692707722,-0.030132959541425475,-0.02077812093152298,0.001120296869302706,-0.01405048659418795,-0.13626531708458578,6.0
0.4,TMT,2026-04-22,0.40195565149851853,-0.018927705103293224,0.008345184091806512,0.009472035506923104,0.017390693403135482,-0.14400728492351245,
0.45,TMT,2023-03-23,0.49672312033265237,-8.385635759744492e-05,0.011501258357485833,0.04083716967894491,0.06946578607697984,-0.06430766034962043,16.0
0.45,TMT,2023-06-01,0.46750312015553136,0.024527041131473082,0.04053204560566481,-0.011626509674241836,-0.05106750349117306,-0.14694955802473442,16.0
0.45,TMT,2024-12-20,0.45013311325216465,-0.006825450942508193,-0.02469995783610557,-0.006514855829439226,-0.027408769523698417,-0.12149018306832315,2.0
0.45,TMT,2025-02-05,0.46286320473820486,0.020496129056184476,0.018798798372529957,0.01087309442825668,-0.046128010517651696,-0.16661033309095785,17.0
0.45,TMT,2026-05-25,0.46349026271691324,0.009568716300418778,0.01643988706574495,0.020882534392466123,-0.008893783793907262,-0.22286898920854692,55.0
0.45,TMT,2026-08-17,0.4547755063815511,-0.012939885673485363,0.0054449199940826976,0.001354693621701819,,,3.0
0.5,TMT,2023-04-06,0.5289071781997761,-0.0036112639273446767,-0.008146888084557102,-0.016999386992220478,0.0025782453928160365,-0.11250116636664487,6.0
0.5,TMT,2026-07-09,0.5030742863047623,-0.018326592402584607,-0.03159478370656932,-0.019916798489539755,,,7.0
