风格对,信号,期限,IC,p值,平移p,有效样本p,NW t值,NW p值,前段IC,后段IC,两段同向,样本天数,独立样本≈,q值,证据
成长组合/价值组合,相对动量60日,20,-0.1817149943694365,0.03104260587944796,0.007992007992007992,0.03104260587944796,-3.5419151039041763,0.00039723329897900506,-0.14153268677368006,-0.21770357739075075,True,2834,141,0.9756205716250468,C 弱/不显著
成长组合/价值组合,相对动量60日,60,-0.15668283489071255,0.29840073538520134,0.2047952047952048,0.29840073538520134,-2.5483917639710563,0.01082208631374848,-0.11135907008639821,-0.20113122174587952,True,2794,46,0.9756205716250468,C 弱/不显著
成长组合/价值组合,相对动量60日,120,-0.006919221899596932,0.9756205716250467,0.968031968031968,0.9756205716250467,-0.8973293726083488,0.36954318749212245,0.10003557039198822,-0.11954281092511887,False,2734,22,0.9756205716250468,C 弱/不显著
成长组合/价值组合,相对动量120日,20,-0.12754595140188932,0.1317580411994272,0.056943056943056944,0.1317580411994272,-2.6919273069476977,0.007104042771052477,-0.0910619180818974,-0.16724443208515447,True,2834,141,0.9756205716250468,C 弱/不显著
成长组合/价值组合,相对动量120日,60,-0.07266803166763477,0.6312770333955198,0.5674325674325674,0.6312770333955198,-1.5247239696305697,0.12732796055376605,-0.02337051305456272,-0.13193102730776404,True,2794,46,0.9756205716250468,C 弱/不显著
成长组合/价值组合,相对动量120日,120,-0.011585945981852825,0.972027972027972,0.972027972027972,0.9591882457828543,-0.3741730904340689,0.7082755430129037,0.053300469513468354,-0.07718382865673462,False,2734,22,0.9756205716250468,C 弱/不显著
成长组合/价值组合,相对偏离年线,20,-0.14395904002361262,0.08855211513708723,0.061938061938061936,0.08855211513708723,-3.1061272956739603,0.0018955509557232464,-0.1409637916741835,-0.14436352851414605,True,2834,141,0.9756205716250468,C 弱/不显著
成长组合/价值组合,相对偏离年线,60,-0.1343212467164699,0.3734755080277334,0.36663336663336665,0.3734755080277334,-1.976898893563074,0.04805305992573938,-0.10255738002630606,-0.16571895324228034,True,2794,46,0.9756205716250468,C 弱/不显著
成长组合/价值组合,相对偏离年线,120,-0.069722825730888,0.7578426352055113,0.7552447552447552,0.7578426352055113,-0.84802289997215,0.3964252175268461,-0.053053814029180024,-0.07428132130828298,True,2734,22,0.9756205716250468,C 弱/不显著
成长组合/价值组合,成交额比z值,20,-0.11922410336572015,0.15909154500736641,0.060939060939060936,0.15909154500736641,-2.768845352330606,0.005625533023696949,-0.030247762711356797,-0.20243576589613743,True,2834,141,0.9756205716250468,C 弱/不显著
成长组合/价值组合,成交额比z值,60,-0.18391057604382216,0.22114730696291965,0.06893106893106893,0.22114730696291965,-2.548726928625982,0.01081169205905086,0.007197935963006868,-0.38478163309991104,False,2794,46,0.9756205716250468,C 弱/不显著
成长组合/价值组合,成交额比z值,120,-0.13132571846148758,0.5601968906858417,0.1878121878121878,0.5601968906858417,-1.0050108993601525,0.3148916016102956,-0.011271933291826125,-0.25911489799336584,True,2734,22,0.9756205716250468,C 弱/不显著
成长组合/价值组合,成长拥挤度,20,-0.07057545102943043,0.45854145854145856,0.45854145854145856,0.40562640565828034,-1.268853465900098,0.20449333179244267,-0.01631786357749709,-0.11829763220892353,True,2834,141,0.9756205716250468,C 弱/不显著
成长组合/价值组合,成长拥挤度,60,-0.12354191145705917,0.48451548451548454,0.48451548451548454,0.4133669408640878,-1.5352851235885612,0.1247138066991531,0.0640316307118172,-0.30314550278025837,False,2794,46,0.9756205716250468,C 弱/不显著
成长组合/价值组合,成长拥挤度,120,-0.09571923102739009,0.7642357642357642,0.7642357642357642,0.6717617282083287,-0.5430965189428761,0.5870633492805222,0.1045271632784772,-0.2717373861346042,False,2734,22,0.9756205716250468,C 弱/不显著
成长组合/价值组合,市场动量60日,20,-0.029345732150859668,0.7297682637730719,0.7152847152847153,0.7297682637730719,-0.468442065966248,0.639468491707816,-0.007919293428500113,-0.05649445472370967,True,2834,141,0.9756205716250468,C 弱/不显著
成长组合/价值组合,市场动量60日,60,-0.03231294210282778,0.8311855551470271,0.7802197802197802,0.8311855551470271,-0.27081910762153566,0.7865301631168808,-0.09200996265893176,0.03018608531557017,False,2794,46,0.9756205716250468,C 弱/不显著
成长组合/价值组合,市场动量60日,120,0.041156611070955515,0.8557005435715789,0.8361638361638362,0.8557005435715789,0.9313752580539335,0.3516594847625707,0.08311978198699597,-0.030825795578536472,False,2734,22,0.9756205716250468,C 弱/不显著
成长组合/价值组合,相对波动率,20,-0.007603072364212636,0.9287011465736533,0.8941058941058941,0.9287011465736533,-0.8844615635874298,0.3764471023701268,0.03848547680377724,-0.0831782685035846,False,2834,141,0.9756205716250468,C 弱/不显著
成长组合/价值组合,相对波动率,60,0.02595972230222479,0.864026648213486,0.8311688311688312,0.864026648213486,-0.14915174543169943,0.8814338955464427,0.07605168076759869,-0.04019389723667032,False,2794,46,0.9756205716250468,C 弱/不显著
成长组合/价值组合,相对波动率,120,0.05409267228827542,0.8110421856677974,0.6993006993006993,0.8110421856677974,0.41383345149795975,0.6789960837338915,-0.17478899396517564,0.19465762397694808,False,2734,22,0.9756205716250468,C 弱/不显著
中证1000/沪深300,相对动量60日,20,-0.07572618628862397,0.3721374987076625,0.2857142857142857,0.3721374987076625,-1.3582817234197722,0.17437430735504078,-0.07951299465952974,-0.13655252162172452,True,2831,141,0.9756205716250468,C 弱/不显著
中证1000/沪深300,相对动量60日,60,-0.038568105107943014,0.7991267779120339,0.7902097902097902,0.7991267779120339,-1.0350558448729317,0.300642831817056,-0.04981595774850537,-0.16482579616655663,True,2791,46,0.9756205716250468,C 弱/不显著
中证1000/沪深300,相对动量60日,120,0.019315134093089433,0.9320107184764302,0.9100899100899101,0.9320107184764302,-0.3234478414173706,0.7463561027498196,0.041854233447953255,-0.22321060964768485,False,2731,22,0.9756205716250468,C 弱/不显著
中证1000/沪深300,相对动量120日,20,-0.0385939771141036,0.6495639677066758,0.5914085914085914,0.6495639677066758,-1.3765679392148134,0.1686458689006609,-0.012746010088240793,-0.1879399282785189,True,2831,141,0.9756205716250468,C 弱/不显著
中证1000/沪深300,相对动量120日,60,-0.009158630592322727,0.951830224341482,0.9500499500499501,0.951830224341482,-0.5131351862685611,0.6078567598878246,0.04708732185338656,-0.2875008358422233,False,2791,46,0.9756205716250468,C 弱/不显著
中证1000/沪深300,相对动量120日,120,0.012005813424492414,0.9577105097004187,0.942057942057942,0.9577105097004187,-0.1065071253969451,0.9151800023181063,0.10644727279846765,-0.32844092186308776,False,2731,22,0.9756205716250468,C 弱/不显著
中证1000/沪深300,相对偏离年线,20,-0.05774025756864582,0.496446158111866,0.4165834165834166,0.496446158111866,-1.3549237215726277,0.17544186095712044,0.00546995362696796,-0.2444088947881469,False,2832,141,0.9756205716250468,C 弱/不显著
中证1000/沪深300,相对偏离年线,60,-0.0322464682694947,0.8315278038037649,0.7302697302697303,0.8315278038037649,-0.6773438653035895,0.49818780548926256,0.07053897754262911,-0.3656027939081617,False,2792,46,0.9756205716250468,C 弱/不显著
中证1000/沪深300,相对偏离年线,120,0.03578871338218904,0.8743658029263176,0.8671328671328671,0.8743658029263176,-0.0632418268705608,0.9495739383944453,0.14512610297154901,-0.3644092636971527,False,2732,22,0.9756205716250468,C 弱/不显著
中证1000/沪深300,成交额比z值,20,-0.007698439040709157,0.9278092354142126,0.8861138861138861,0.9278092354142126,-0.44471025886925103,0.6565291545805649,0.029749432769091567,-0.05727204800846317,False,2832,141,0.9756205716250468,C 弱/不显著
中证1000/沪深300,成交额比z值,60,0.023943443430657248,0.8744995441513659,0.8471528471528471,0.8744995441513659,-0.010037363197757344,0.9919914773482186,0.13369657121785133,-0.12141442792967598,False,2792,46,0.9756205716250468,C 弱/不显著
中证1000/沪深300,成交额比z值,120,0.010362150858808847,0.9634961507945036,0.9590409590409591,0.9634961507945036,-0.16140465686420746,0.8717746991164836,0.20340477421251163,-0.29208622847851706,False,2732,22,0.9756205716250468,C 弱/不显著
中证1000/沪深300,市场动量60日,20,-0.02966095705456488,0.7462537462537463,0.7462537462537463,0.7269797017922464,-0.3254109231929324,0.7448700894972742,-0.014383128648136498,-0.07815004671298106,True,2832,141,0.9756205716250468,C 弱/不显著
中证1000/沪深300,市场动量60日,60,-0.06324324950748397,0.6762758239222264,0.6273726273726273,0.6762758239222264,-0.788941441223133,0.43014623310227007,-0.15213610774646694,-0.01621439073054605,True,2792,46,0.9756205716250468,C 弱/不显著
中证1000/沪深300,市场动量60日,120,-0.008636310672503958,0.9695729589725163,0.958041958041958,0.9695729589725163,0.03249692224354642,0.9740757704287981,-0.035879404476537834,-0.07707248882755853,True,2732,22,0.9756205716250468,C 弱/不显著
中证1000/沪深300,相对波动率,20,0.04715223549318013,0.580113675612795,0.5284715284715285,0.580113675612795,-0.036708742474687056,0.9707172378560127,0.027770720632709564,0.06642029920943104,True,2812,140,0.9756205716250468,C 弱/不显著
中证1000/沪深300,相对波动率,60,-0.0984540963133526,0.5150750337955087,0.2997002997002997,0.5150750337955087,-1.9923059707754585,0.04633749699128731,-0.030210579297258473,-0.1793665509848942,True,2772,46,0.9756205716250468,C 弱/不显著
中证1000/沪深300,相对波动率,120,-0.12705384777899528,0.5731345714236892,0.36563436563436563,0.5731345714236892,-1.658599217841657,0.09719657950934524,-0.11729209219740998,-0.15623527695057726,True,2712,22,0.9756205716250468,C 弱/不显著
