年份,环境,选中策略,方法
2018,全部,行业反转(后5),不分环境
2019,全部,空仓,不分环境
2020,全部,买入持有全A,不分环境
2021,全部,买入持有全A,不分环境
2022,全部,买入持有全A,不分环境
2023,全部,买入持有全A,不分环境
2024,全部,小盘指数,不分环境
2025,全部,买入持有全A,不分环境
2026,全部,买入持有全A,不分环境
2018,牛市,均线择时(MA20),均线法
2018,震荡,小盘指数,均线法
2018,熊市,行业反转(后5),均线法
2019,牛市,均线择时(MA20),均线法
2019,震荡,空仓,均线法
2019,熊市,超跌买入,均线法
2020,牛市,均线择时(MA20),均线法
2020,震荡,空仓,均线法
2020,熊市,超跌买入,均线法
2021,牛市,买入持有全A,均线法
2021,震荡,空仓,均线法
2021,熊市,买入持有全A,均线法
2022,牛市,小盘指数,均线法
2022,震荡,空仓,均线法
2022,熊市,买入持有全A,均线法
2023,牛市,小盘指数,均线法
2023,震荡,空仓,均线法
2023,熊市,超跌买入,均线法
2024,牛市,小盘指数,均线法
2024,震荡,空仓,均线法
2024,熊市,超跌买入,均线法
2025,牛市,小盘指数,均线法
2025,震荡,空仓,均线法
2025,熊市,超跌买入,均线法
2026,牛市,小盘指数,均线法
2026,震荡,空仓,均线法
2026,熊市,超跌买入,均线法
2018,牛市,行业反转(后5),动量法
2018,震荡,买入持有全A,动量法
2018,熊市,小盘指数,动量法
2019,牛市,行业反转(后5),动量法
2019,震荡,均线择时(MA20),动量法
2019,熊市,超跌买入,动量法
2020,牛市,均线择时(MA20),动量法
2020,震荡,均线择时(MA20),动量法
2020,熊市,超跌买入,动量法
2021,牛市,空仓,动量法
2021,震荡,买入持有全A,动量法
2021,熊市,超跌买入,动量法
2022,牛市,买入持有全A,动量法
2022,震荡,买入持有全A,动量法
2022,熊市,超跌买入,动量法
2023,牛市,买入持有全A,动量法
2023,震荡,买入持有全A,动量法
2023,熊市,小盘指数,动量法
2024,牛市,买入持有全A,动量法
2024,震荡,小盘指数,动量法
2024,熊市,小盘指数,动量法
2025,牛市,买入持有全A,动量法
2025,震荡,买入持有全A,动量法
2025,熊市,超跌买入,动量法
2026,牛市,空仓,动量法
2026,震荡,买入持有全A,动量法
2026,熊市,超跌买入,动量法
2018,牛市,小盘指数,事后标签(不可交易)
2018,震荡,买入持有全A,事后标签(不可交易)
2018,熊市,空仓,事后标签(不可交易)
2019,牛市,小盘指数,事后标签(不可交易)
2019,震荡,买入持有全A,事后标签(不可交易)
2019,熊市,空仓,事后标签(不可交易)
2020,牛市,小盘指数,事后标签(不可交易)
2020,震荡,买入持有全A,事后标签(不可交易)
2020,熊市,空仓,事后标签(不可交易)
2021,牛市,小盘指数,事后标签(不可交易)
2021,震荡,买入持有全A,事后标签(不可交易)
2021,熊市,空仓,事后标签(不可交易)
2022,牛市,小盘指数,事后标签(不可交易)
2022,震荡,买入持有全A,事后标签(不可交易)
2022,熊市,空仓,事后标签(不可交易)
2023,牛市,小盘指数,事后标签(不可交易)
2023,震荡,买入持有全A,事后标签(不可交易)
2023,熊市,空仓,事后标签(不可交易)
2024,牛市,小盘指数,事后标签(不可交易)
2024,震荡,买入持有全A,事后标签(不可交易)
2024,熊市,空仓,事后标签(不可交易)
2025,牛市,小盘指数,事后标签(不可交易)
2025,震荡,超跌买入,事后标签(不可交易)
2025,熊市,空仓,事后标签(不可交易)
2026,牛市,小盘指数,事后标签(不可交易)
2026,震荡,超跌买入,事后标签(不可交易)
2026,熊市,空仓,事后标签(不可交易)
