拆分,分组,事件数,独立簇,次日续跌→结束比例,次日收涨→结束比例,差值,90%CI低,90%CI高,p值,q值
跌幅档,≥7%,49,18,0.3333333333333333,0.4,-0.06666666666666671,-0.25646853146853144,0.10859868421052625,0.5245,0.57695
跌幅档,5%~7%,110,56,0.6153846153846154,0.27586206896551724,0.3395225464190982,0.18046491552595884,0.49121872887085866,0.0005,0.0055
行业自身/系统性,行业自身下跌,63,41,0.6363636363636364,0.43333333333333335,0.203030303030303,-0.007040369963231134,0.39546206251317734,0.1225,0.1684375
行业自身/系统性,系统性下跌,96,38,0.4418604651162791,0.24528301886792453,0.19657744624835455,0.013546877636996453,0.393732286136282,0.0755,0.13841666666666666
大跌前是否拥挤,不拥挤,64,30,0.4074074074074074,0.2702702702702703,0.1371371371371371,-0.08442274637127581,0.35597645529394756,0.3365,0.4112777777777778
大跌前是否拥挤,拥挤,95,57,0.5918367346938775,0.34782608695652173,0.2440106477373558,0.09018819021861614,0.3979324324324324,0.0115,0.056833333333333326
市场环境(均线法),牛市,89,35,0.5238095238095238,0.2553191489361702,0.26849037487335364,0.08749007936507938,0.46559617918313567,0.0155,0.056833333333333326
市场环境(均线法),震荡,38,15,0.6875,0.4090909090909091,0.2784090909090909,0.0933956043956044,0.4703688740045562,0.025525525525525526,0.0701951951951952
市场环境(均线法),熊市,32,18,0.3888888888888889,0.35714285714285715,0.031746031746031744,-0.24399238719133723,0.303030303030303,0.9175,0.9175
时期,前段,96,32,0.4883720930232558,0.2830188679245283,0.2053532250987275,0.04404120856610412,0.39031438149972625,0.0375,0.08249999999999999
时期,后段,63,32,0.5757575757575758,0.36666666666666664,0.20909090909090916,0.0011072261072261258,0.42194977401630623,0.1005,0.15792857142857145
