signal,h,category,event,direction,stat_mean,stat_t,stat_p,ic_mean,ic_t,disc_stat_t,disc_ic_mean,q,rc_p,same_sign,sig,plateau,ann_gross,ann_net,ann_stress,ci_lo,ci_hi,turnover,blocked,delayed,n_hold,avoid_only,bt_ok,fm_t,fm_coef,fm_ok,base_factor,pre_grade
bias_5,1,trend,False,-1.0,-0.0008510404323803838,-0.3623236552360567,0.7171101830500692,-0.0008510404323803838,-0.3623236552360567,-1.0565367958320062,-0.0021992580000824613,0.9255724455646243,1.0,True,False,1.0,0.016363900892290326,-0.3622746399218394,-0.6147003337979258,-0.4068789541771091,-0.3283564229481938,0.5008446307065207,0.0,0.0019096335551986672,91.66462010744436,False,False,,,False,False,C
bias_5,5,trend,False,-1.0,0.0009579290649674136,0.29039967259690774,0.7715104941457096,0.0009579290649674136,0.29039967259690774,-1.6124543134056863,-0.004861621851915324,0.9410732401117996,1.0,False,False,0.0,0.014815338955248596,-0.11520854610234613,-0.20189113614074258,-0.14822459085966194,-0.08520650381124185,0.8599463297459967,0.0,0.00622857357371739,91.6581986143187,False,False,,,False,False,C
bias_5,20,trend,False,-1.0,-0.0002740072061293584,-0.08197984613414941,0.9346627399570979,-0.0002740072061293584,-0.08197984613414941,-1.6407239387084123,-0.004806529276833637,0.975556025684283,1.0,True,False,1.0,0.02574243618846934,-0.006983356521916247,-0.028800551662173313,-0.022079760835419897,0.005422709090045691,0.8657617119149627,0.0,0.009905691811310076,91.63084112149532,False,False,,,False,False,C
bias_10,1,trend,False,-1.0,-0.0006041147919657492,-0.2469785010314522,0.8049248624485995,-0.0006041147919657492,-0.2469785010314522,-1.2729714001143884,-0.0026466735061144867,0.9606784153854847,1.0,True,False,1.0,0.009508845344451929,-0.2504848565598512,-0.42381399116271984,-0.2953480290516085,-0.2135282939188694,0.34390701310093,0.0,0.0019390356118690025,90.79125095932463,False,False,,,False,False,C
bias_10,5,trend,False,-1.0,-0.00020487627545461048,-0.054128389449031505,0.9568328738875725,-0.00020487627545461048,-0.054128389449031505,-1.5410087596447373,-0.005211124520071025,0.9815037686443145,1.0,True,False,0.0,0.014404033433144494,-0.09845349698563033,-0.1736918505981469,-0.13416143846444314,-0.06255800570004676,0.7464122382194102,0.0,0.006567668391992442,90.78444957659738,False,False,,,False,False,C
bias_10,20,trend,False,-1.0,-0.0009283514057828896,-0.22046684413724163,0.825507591663434,-0.0009283514057828896,-0.22046684413724163,-1.0329309802417055,-0.003947725476037689,0.9606784153854847,1.0,True,False,0.0,0.030776605466745193,-0.0018522889859358585,-0.02360488528772323,-0.018960396804106047,0.013494014733548613,0.8631982659439431,0.0,0.009660613770970952,90.75467289719626,False,False,,,False,False,C
bias_20,1,trend,False,-1.0,-0.0011517189397562697,-0.47112413281855814,0.6375520924392089,-0.0011517189397562697,-0.47112413281855814,-1.309633963969131,-0.002680587859907757,0.8862677266398095,1.0,True,False,1.0,0.015064087603873035,-0.1664863949027184,-0.2875200499071127,-0.20569889511244477,-0.1299238086050955,0.24014614088173472,0.0,0.001975749111830822,91.28242517267843,False,False,,,False,False,C
bias_20,5,trend,False,-1.0,-0.0009787227397917585,-0.2537467688617677,0.7996911999038866,-0.0009787227397917585,-0.2537467688617677,-1.4591416363166128,-0.004949839610292693,0.9606784153854847,1.0,True,False,0.0,0.025750573200367537,-0.057301923762311927,-0.11267025507076486,-0.08870082773933521,-0.022332242715146507,0.5492890010759223,0.0,0.0066719798893137925,91.27559661277905,False,False,,,False,False,C
bias_20,20,trend,False,-1.0,-0.004217966318105016,-0.8703888401452031,0.3840879433432115,-0.004217966318105016,-0.8703888401452031,-0.9694936266304764,-0.004350668541067163,0.7552513380058545,1.0,True,False,0.0,0.0411129365909257,0.008483181318355638,-0.013269988863357734,-0.010776185375448673,0.027182792046224997,0.8632210389568798,0.0,0.009587284687448096,91.25311526479751,False,False,,,False,False,C
bias_60,1,trend,False,-1.0,-0.0037270839769643458,-1.9013951383814487,0.05725027585293197,-0.0037270839769643458,-1.9013951383814487,-2.1980083010639766,-0.004320203204273289,0.31773903098377243,0.971028971028971,True,False,0.0,0.05288802034768894,-0.052190456490283775,-0.12224277438226559,-0.0841950056367117,-0.02341140801023393,0.13899269423012264,8.341953507177846e-06,0.0018325074342117342,91.77820414428243,False,False,,,False,False,C
bias_60,5,trend,False,-1.0,-0.0067254035330566704,-2.0573288914212826,0.0396546000585642,-0.0067254035330566704,-2.0573288914212826,-2.613657992431433,-0.008785757202984674,0.2667673094848864,0.9240759240759241,True,False,0.0,0.06314541159688261,0.013885465700263689,-0.018954498230815575,-0.011365053792265194,0.042231045429373705,0.3257932929670563,8.367640815898949e-06,0.00635271421630076,91.7721324095458,False,False,,,False,False,C
bias_60,20,trend,False,-1.0,-0.015497409560211794,-2.640815870500786,0.008270665520284525,-0.015497409560211794,-2.640815870500786,-3.0304769109033067,-0.017658306221960483,0.20455614298762623,0.5004995004995005,True,False,0.0,0.0777665067848889,0.05383033511795924,0.03787288734000614,0.02436598389034975,0.0866885734864657,0.6332320546806787,8.465393629168795e-06,0.010178728482462582,91.74766355140187,False,True,,,False,False,C
bias_120,1,trend,False,-1.0,-0.0043455245624530806,-2.375882066830042,0.017507057282724767,-0.0043455245624530806,-2.375882066830042,-2.1624089056678777,-0.003776858555583071,0.20455614298762623,0.7342657342657343,True,False,1.0,0.06020636811933462,-0.015475158162039534,-0.06592950901628897,-0.04617301575297737,0.01452477390126495,0.10010783899652666,8.341953507177846e-06,0.0019109830551895836,91.97927858787413,False,False,,,False,False,C
bias_120,5,trend,False,-1.0,-0.007743426403846542,-2.4658175817048162,0.013670093274020136,-0.007743426403846542,-2.4658175817048162,-2.5193562561031007,-0.007412631901379188,0.20455614298762623,0.6493506493506493,True,False,1.0,0.06797122238470935,0.03260216648045746,0.009022795877622876,0.00479354607942541,0.06319719527037361,0.23392232740907323,8.367640815898949e-06,0.006713995399574439,91.97151655119323,False,True,,,False,False,C
bias_120,20,trend,False,-1.0,-0.013982612494544532,-2.1940836569487367,0.028229395953631192,-0.013982612494544532,-2.1940836569487367,-2.5434935238921743,-0.012309116050675037,0.2414423402912908,0.8481518481518482,True,False,1.0,0.07850234183561466,0.060891038662623,0.04915016988062858,0.03228360905443223,0.0984906511312951,0.46590749134898557,8.465393629168795e-06,0.010877046060989208,91.9392523364486,False,True,,,False,False,C
bias_250,1,trend,False,-1.0,-0.0038409254105144014,-2.150195358250877,0.031539765173186636,-0.0038409254105144014,-2.150195358250877,-2.083887814102734,-0.00315067985989696,0.2414423402912908,0.8791208791208791,True,False,1.0,0.05419769793062241,0.0010694493155134928,-0.0343493830945591,-0.03122658063785671,0.030436503644427976,0.07027546113109644,1.6521702499821474e-05,0.0019394963506554881,91.1327705295472,False,False,,,False,False,C
bias_250,5,trend,False,-1.0,-0.0068152988844235145,-2.173304567977159,0.02975740192212035,-0.0068152988844235145,-2.173304567977159,-2.3323382366508154,-0.005964989637742934,0.2414423402912908,0.8651348651348651,True,False,1.0,0.06016898873114799,0.035445128902671444,0.01896255568368708,0.007209621741048644,0.06477979981745981,0.16351759145817818,1.6572577642238167e-05,0.006862745630347655,91.12163202463434,False,True,,,False,False,C
bias_250,20,trend,False,-1.0,-0.012840751285036511,-2.162819578425561,0.030555059151427626,-0.012840751285036511,-2.162819578425561,-1.7145222602781307,-0.008184032956868356,0.2414423402912908,0.8721278721278721,True,False,1.0,0.06125699129549511,0.04891694588329698,0.04069024894183156,0.019205300114050472,0.08189310834467135,0.32645622783592926,1.6766182521236276e-05,0.010241678110802564,91.07866043613707,False,True,,,False,False,C
ma_align,1,trend,False,-1.0,-0.003924428518130173,-2.9031832418370582,0.003693904346671457,-0.003924428518130173,-2.9031832418370582,-1.715268519863873,-0.0022180260966497074,0.20327510367154597,0.34265734265734266,True,False,,0.05350518445488864,-0.061341832577518005,-0.13790651059912246,-0.09889371980437794,-0.02243474402245067,0.15191404369365957,0.0,0.002058759709985974,186.88181120491174,False,False,,,False,False,C
ma_align,5,trend,False,-1.0,-0.004477549092150819,-2.057451865589268,0.03964278050334751,-0.004477549092150819,-2.057451865589268,-1.881599533338193,-0.004194864971856163,0.2667673094848864,0.9240759240759241,True,False,,0.06682765030293966,-0.007102635752106535,-0.056389493122137334,-0.04404008982198999,0.040216574018912335,0.48895691835348015,0.0,0.006833277817842786,187.1947652040031,False,False,,,False,False,C
ma_align,20,trend,False,-1.0,-0.008003059051299936,-2.4643201364394938,0.013727344133799316,-0.008003059051299936,-2.4643201364394938,-2.0769435543944157,-0.006923404534741591,0.20455614298762623,0.6513486513486514,True,False,,0.053972462167939314,0.02672200376458635,0.00855503149568438,0.0007950279401473506,0.05501131015943304,0.7209115979723005,0.0,0.010211317297876334,187.96495327102804,False,True,,,False,False,C
macross_5_20,1,trend,False,-1.0,-0.000498268729418558,-0.21360255356440927,0.8308570079009597,-0.000498268729418558,-0.21360255356440927,-1.0708033017821166,-0.0022353963399269743,0.9606784153854847,1.0,True,False,1.0,0.031115023066579452,-0.06827715505144363,-0.13453860713012566,-0.10377817761439076,-0.03150173233093559,0.1314711350767501,8.07852359204135e-06,0.0020574002018511435,90.86646201074444,False,False,,,False,False,C
macross_5_20,5,trend,False,-1.0,-0.001477539688558703,-0.39236371350749016,0.6947894932960985,-0.001477539688558703,-0.39236371350749016,-1.2324130563900124,-0.004208018719870241,0.9181146875698445,1.0,True,False,1.0,0.03351376371223939,-0.044610872657084785,-0.09669396356996757,-0.07444054009375514,-0.009585393924107507,0.5166973304849483,8.103399723194672e-06,0.006951411342172324,90.8598922247883,False,False,,,False,False,C
macross_5_20,20,trend,False,-1.0,-0.004981728104651544,-1.016422440361156,0.3094282640231435,-0.004981728104651544,-1.016422440361156,-0.5739880147010771,-0.0026158571843510224,0.6801294516152263,1.0,True,False,1.0,0.04443845783450266,0.011831352126018328,-0.00990671834630457,-0.008938203624948255,0.03339494436391009,0.8626218441397973,8.198065607811432e-06,0.009881494962102574,90.83411214953271,False,False,,,False,False,C
macross_10_60,1,trend,False,-1.0,-0.004118484659339222,-2.0799900936017974,0.03752644151540398,-0.004118484659339222,-2.0799900936017974,-1.835765216905038,-0.00365193950289064,0.2667673094848864,0.913086913086913,True,False,0.0,0.055273177398583354,0.014274719420081617,-0.013057585898919526,-0.016030108623260046,0.044033952707669924,0.05423076452182767,1.6512146972960356e-05,0.001900665431997452,90.2655410590944,False,False,,,False,False,C
macross_10_60,5,trend,False,-1.0,-0.007965035687667954,-2.317176440727408,0.020494122338478533,-0.007965035687667954,-2.317176440727408,-2.2976585237366542,-0.007935445311519192,0.2166521504353445,0.7752247752247752,True,False,0.0,0.0659682165975792,0.029839767251127157,0.005754134353492453,-0.0005381829884046339,0.05973262910197956,0.2389447708098681,1.65629926911219e-05,0.006397820514461185,90.26020015396459,False,False,,,False,False,C
macross_10_60,20,trend,False,-1.0,-0.018309690504963252,-2.781298385718068,0.0054141948594912314,-0.018309690504963252,-2.781298385718068,-2.962843051319683,-0.018589459738407976,0.20327510367154597,0.4205794205794206,True,False,0.0,0.08768837396875365,0.06364935879372749,0.0476233486770434,0.02934442727758546,0.1035811820005571,0.6359527824080993,1.6756485596392012e-05,0.010761472059999857,90.23130841121495,False,True,,,False,False,C
macross_20_120,1,trend,False,-1.0,-0.004871894364063022,-2.3825058478632317,0.017195258870940918,-0.004871894364063022,-2.3825058478632317,-1.7783971477927962,-0.003033578659492811,0.20455614298762623,0.7242757242757243,True,False,1.0,0.09266866638870806,0.07032211890855866,0.055424420588459075,0.03395121763078703,0.10360444451703077,0.029558925238292857,8.433623380919008e-06,0.002054993248332352,90.87874136607829,False,True,,,False,False,C
macross_20_120,5,trend,False,-1.0,-0.00910327814258916,-2.5515008515902786,0.010726006199266676,-0.00910327814258916,-2.5515008515902786,-2.123901185318194,-0.006294277987310347,0.20455614298762623,0.5654345654345654,True,False,1.0,0.0908779810174756,0.07097186593042787,0.0577011225390627,0.03526545117603323,0.10800449527957352,0.13165420031116226,8.459592967927227e-06,0.007157384106793296,90.87066974595842,False,True,,,False,False,C
macross_20_120,20,trend,False,-1.0,-0.01533045497403252,-2.165009521923219,0.030386956079388433,-0.01533045497403252,-2.165009521923219,-2.683504204188483,-0.01339889523853092,0.2414423402912908,0.8711288711288712,True,False,1.0,0.08238756528160797,0.0662335022776869,0.055464126941739536,0.03263803047266757,0.1033419694978905,0.42735616412489585,8.558419988580582e-06,0.010220119927652946,90.84345794392523,False,True,,,False,False,C
ret_1,1,momentum,False,-1.0,0.0008602498179126148,0.4317699647431346,0.6659086111961536,0.0008602498179126148,0.4317699647431346,-0.46153770892575585,-0.0009109475985690598,0.9014128761313788,1.0,False,False,0.0,-0.0013915956049859357,-0.6532552736014332,-1.0878310589323983,-0.6858598069241822,-0.6243713395369203,0.8622535423233431,8.341953507177846e-06,0.0020264153928422324,92.15963161933999,False,False,,,False,True,C
ret_1,5,momentum,False,-1.0,0.0010812413888361741,0.4745230216699903,0.6351269851271087,0.0010812413888361741,0.4745230216699903,-1.5713746068700405,-0.003119395551524281,0.8862677266398095,1.0,False,False,0.0,0.00703648234674976,-0.12376283125188745,-0.21096237365097897,-0.14600916799118185,-0.10464427513087973,0.8650748253878123,8.367640815898949e-06,0.006876997200139813,92.15396458814473,False,False,,,False,True,C
ret_1,20,momentum,False,-1.0,-0.0006249284726119268,-0.2923781007463135,0.7699975501450984,-0.0006249284726119268,-0.2923781007463135,-1.6127284013780436,-0.0029101029379211742,0.9410732401117996,1.0,True,False,1.0,0.01870702278888705,-0.01414053747329166,-0.03603891098141079,-0.02515839563235383,-0.004967051296327492,0.8689830757190133,8.465393629168795e-06,0.010218669061267581,92.1246105919003,False,False,,,False,True,C
ret_5,1,momentum,False,-1.0,0.00022550595823120747,0.09719252012427047,0.9225735079997041,0.00022550595823120747,0.09719252012427047,-1.5783070467724423,-0.0032980554989026586,0.975556025684283,1.0,False,False,0.0,-0.011828080455044023,-0.3085319638288637,-0.5063345527447435,-0.35018147974783137,-0.26922510901824626,0.3924654541981742,0.0,0.001996247005646767,91.7966231772832,False,False,,,False,False,C
ret_5,5,momentum,False,-1.0,0.0005041948297506366,0.14227753976960753,0.8868607867004723,0.0005041948297506366,0.14227753976960753,-1.2048765102107302,-0.0039326843819911615,0.975556025684283,1.0,False,False,0.0,0.0021233177319195827,-0.127659261251123,-0.21418098057315138,-0.16482108533736023,-0.09412634496457924,0.858350390099488,0.0,0.00623764924266253,91.78983833718245,False,False,,,False,False,C
ret_5,20,momentum,False,-1.0,-0.0006078264195991247,-0.16322483721912046,0.8703414111723025,-0.0006078264195991247,-0.16322483721912046,-1.2735122922946813,-0.004349022452835048,0.975556025684283,1.0,True,False,1.0,0.021772058104992727,-0.010856568316546859,-0.03260898593090658,-0.02629540145590158,0.004615011121357867,0.8631911751730048,0.0,0.009611449329141887,91.76246105919003,False,False,,,False,False,C
ret_20,1,momentum,False,-1.0,-0.0014481361491004978,-0.6691671540205932,0.503388856173205,-0.0014481361491004978,-0.6691671540205932,-1.2302473008383732,-0.0024826763976229438,0.858236352452333,1.0,True,False,0.0,0.021427430245666696,-0.13332371165876844,-0.23649113959505857,-0.1670382027239346,-0.09930892460888603,0.20469727765136925,8.433623380919008e-06,0.0019141085837565289,91.4865694551036,False,False,,,False,True,C
ret_20,5,momentum,False,-1.0,-0.001032505946383023,-0.29552946138608244,0.7675894498790072,-0.001032505946383023,-0.29552946138608244,-1.3217783258670752,-0.00424497604612506,0.9410732401117996,1.0,True,False,0.0,0.02257830024338712,-0.046967797627675265,-0.09333186287505021,-0.07103034003824762,-0.020144782466513553,0.45996096475570364,8.459592967927227e-06,0.005946905361495631,91.47959969207082,False,False,,,False,True,C
ret_20,20,momentum,False,-1.0,-0.0074398564234232,-1.4652747953419987,0.14284596024112658,-0.0074398564234232,-1.4652747953419987,-1.1994961793413614,-0.005848789873259518,0.5365824232298763,1.0,True,False,0.0,0.04877782092981276,0.016099934362763822,-0.0056853233486021375,-0.008341402670988629,0.04138094710284979,0.8644943536256333,8.558419988580582e-06,0.009972866297470307,91.45560747663552,False,False,,,False,True,C
ret_60,1,momentum,False,-1.0,-0.005120008843802449,-2.818769237191907,0.0048208162275058,-0.005120008843802449,-2.818769237191907,-2.9028647855116914,-0.005575949727161523,0.20327510367154597,0.3946053946053946,True,False,0.0,0.06256455659660518,-0.028540333483050465,-0.08927692686948757,-0.05840903117766519,-0.0008035105634561342,0.12050911386197838,8.433623380919008e-06,0.0019357467973669126,91.47505755947813,False,False,,,False,False,C
ret_60,5,momentum,False,-1.0,-0.008535981900197036,-2.7260579013858317,0.006409575340994693,-0.008535981900197036,-2.7260579013858317,-3.273726731204959,-0.010781569938072392,0.20327510367154597,0.4515484515484515,True,False,0.0,0.06402203462138381,0.02212953122480555,-0.005798804372913274,-0.0038000325505147966,0.050876162631899015,0.27706682140594086,8.459592967927227e-06,0.006809464971993041,91.46728252501924,False,False,,,False,False,C
ret_60,20,momentum,False,-1.0,-0.01658831190639983,-2.5538352232663817,0.010654366391806707,-0.01658831190639983,-2.5538352232663817,-3.495506041056607,-0.018652860002987087,0.20455614298762623,0.5624375624375625,True,False,0.0,0.07874748677442478,0.05812384944067572,0.04437475788484303,0.031193361152306774,0.08907511993058596,0.5455988712632025,8.558419988580582e-06,0.010312758446337417,91.44470404984423,False,True,,,False,False,C
ret_120,1,momentum,False,-1.0,-0.0024076958355963435,-1.3974187298795946,0.16228769003568333,-0.0024076958355963435,-1.3974187298795946,-1.0696440706072425,-0.0017320263423587202,0.5543215149126652,1.0,True,False,1.0,0.03666429607045682,-0.031260758264590724,-0.07654412782128908,-0.06381619260321147,0.0021908865781826137,0.0898479554696396,1.6512146972960356e-05,0.002020096271252367,91.01841903300077,False,False,,,False,False,C
ret_120,5,momentum,False,-1.0,-0.0035929494361566275,-1.1948656418664276,0.2321395286527581,-0.0035929494361566275,-1.1948656418664276,-1.548443260581336,-0.0042586600153682215,0.6231236656132785,1.0,True,False,1.0,0.03659700094847608,0.005633932098498962,-0.015008113801485779,-0.023288795410354876,0.03468883002121732,0.20478220138873754,1.65629926911219e-05,0.00679624996422643,91.0100076982294,False,False,,,False,False,C
ret_120,20,momentum,False,-1.0,-0.0046583876264578005,-0.8544336362429602,0.3928647654641453,-0.0046583876264578005,-0.8544336362429602,-1.2877489104199937,-0.006181814115928688,0.7552513380058545,1.0,True,False,1.0,0.02799420436298635,0.01296152740929627,0.0029397427735028915,-0.014853294767059386,0.04225490951030149,0.3976898664997374,1.6756485596392012e-05,0.011108195296752723,90.9766355140187,False,False,,,False,False,C
ret_250,1,momentum,False,-1.0,-0.002448336300246005,-1.3973732980707738,0.16230134445641098,-0.002448336300246005,-1.3973732980707738,-1.5148841117570402,-0.0021015475023528677,0.5543215149126652,1.0,True,False,1.0,0.035145523127849056,-0.01248710584370022,-0.04424219182473306,-0.04525022319556244,0.020873967094566286,0.06300612297823976,2.478019006304437e-05,0.0018911447693362934,89.74673829623944,False,False,,,False,False,C
ret_250,5,momentum,False,-1.0,-0.005224678168157303,-1.6617561998855934,0.09656166766275304,-0.005224678168157303,-1.6617561998855934,-1.625526964989475,-0.003922888416931437,0.4374834739006362,0.997002997002997,True,False,1.0,0.04244684199194581,0.02026007383202854,0.005468895058750372,-0.012621475908597014,0.0521546854418547,0.14673788465553747,2.4856495498188463e-05,0.006619265984838471,89.73441108545035,False,False,,,False,False,C
ret_250,20,momentum,False,-1.0,-0.010932859142264542,-1.915441157103123,0.055436266616892375,-0.010932859142264542,-1.915441157103123,-0.7405041241913183,-0.003293980849430651,0.31773903098377243,0.9660339660339661,True,False,0.0,0.048368877958729115,0.03752021431645077,0.030287771888265213,0.009303377585512767,0.06784863510705434,0.2870016836581572,2.5146875118494407e-05,0.009967093403100086,89.68691588785046,False,True,,,False,False,C
mom_12_1,1,momentum,False,-1.0,-0.002183995148589969,-1.2142383721437602,0.2246567114580449,-0.002183995148589969,-1.2142383721437602,-0.9842049448692279,-0.0013866413365429373,0.6231236656132785,1.0,True,False,,0.04268661145796462,-0.008709912905482224,-0.04297426248111344,-0.04181685428844268,0.025501528984261175,0.06798482058656989,2.4878180493598523e-05,0.0018904757573743188,88.86799693016117,False,False,,,False,True,C
mom_12_1,5,momentum,False,-1.0,-0.005126381248763929,-1.6337479220310034,0.10231179143473816,-0.005126381248763929,-1.6337479220310034,-1.2625544965891484,-0.0030770361255510687,0.4453572097747426,0.997002997002997,True,False,,0.052018623651621035,0.02818069949763179,0.012288750061638971,-0.0028680437161362595,0.0594496068291084,0.15765822853167485,2.4954787669868263e-05,0.006377820884830406,88.85450346420323,False,False,,,False,True,C
mom_12_1,20,momentum,False,-1.0,-0.008429087223553225,-1.4290141002565868,0.15300018078570998,-0.008429087223553225,-1.4290141002565868,-0.6244711790575536,-0.002754315722156862,0.547839357006897,1.0,True,False,,0.04650168186417091,0.03530039881516543,0.027832876782495086,0.008560256103075953,0.06603546106170603,0.2963302393916797,2.5246315563207846e-05,0.009173588566133909,88.80996884735202,False,True,,,False,True,C
macd_dif_12_26,1,oscillator,False,-1.0,-0.0029379104909154474,-1.4573409927879606,0.1450222765486152,-0.0029379104909154474,-1.4573409927879606,-1.4579999318776486,-0.002863330524964734,0.5365824232298763,1.0,True,False,0.0,0.056487127665217886,-0.0033621280716422024,-0.04326163189621557,-0.03359255108491787,0.0259371348310319,0.07916568219161386,1.6336325707567353e-05,0.001911329362807325,92.38910207214121,False,False,,,False,False,C
macd_dif_12_26,5,oscillator,False,-1.0,-0.0055184094639819615,-1.638122157449632,0.10139621369213132,-0.0055184094639819615,-1.638122157449632,-1.8551574640992574,-0.0061370835175275215,0.4453572097747426,0.997002997002997,True,False,0.0,0.05533546428204912,0.008954704222428132,-0.02196580248398586,-0.014575873165919642,0.0371612697554499,0.3067510585953769,1.6386630020754627e-05,0.006536044616300937,92.38183217859893,False,False,,,False,False,C
macd_dif_12_26,20,oscillator,False,-1.0,-0.013812497925941034,-2.382863787234854,0.017178549347522096,-0.013812497925941034,-2.382863787234854,-2.268489021733678,-0.012688386729892287,0.20455614298762623,0.7232767232767233,True,False,1.0,0.07431021739576973,0.04741037938370277,0.02947715404232481,0.018407834276825283,0.07994230830485259,0.7116359262451576,1.657806261445503e-05,0.01007725674560369,92.35358255451713,False,True,,,False,False,C
macd_dea_12_26_9,1,oscillator,False,-1.0,-0.0034699381642783896,-1.7555723551663054,0.07916145600482585,-0.0034699381642783896,-1.7555723551663054,-1.4714656131001185,-0.0028483296424913983,0.3912052291922029,0.989010989010989,True,False,,0.059219737521779406,0.016683499740748276,-0.011673992113272464,-0.013388411008829289,0.044782254319966346,0.05626486478972371,1.6336325707567353e-05,0.0018677144938206453,92.38910207214121,False,False,,,False,False,C
macd_dea_12_26_9,5,oscillator,False,-1.0,-0.006479681271828148,-1.903991863093018,0.056911243917341335,-0.006479681271828148,-1.903991863093018,-1.8990196961324022,-0.006299940393915703,0.31773903098377243,0.971028971028971,True,False,,0.05886782856313871,0.02182973679346876,-0.0028623243863112133,-0.007058108475145201,0.052323299668099656,0.24496092440257905,1.6386630020754627e-05,0.006443193443320273,92.38183217859893,False,False,,,False,False,C
macd_dea_12_26_9,20,oscillator,False,-1.0,-0.016919989176303035,-2.623889917677319,0.008693187697788988,-0.016919989176303035,-2.623889917677319,-2.6023004314212157,-0.015439765131754773,0.20455614298762623,0.5134865134865135,True,False,,0.08354382181456696,0.05810695695745592,0.04114904705271526,0.025448032924966325,0.09749258047919837,0.6729329327278049,1.657806261445503e-05,0.010242127853291939,92.35358255451713,False,True,,,False,False,C
macd_hist_12_26_9,1,oscillator,False,-1.0,0.0015747066391038045,0.6103105253225982,0.5416561259592517,0.0015747066391038045,0.6103105253225982,-0.5299625977679157,-0.0011319689800730348,0.858236352452333,1.0,False,False,0.0,-0.005748205875196906,-0.13482302394708684,-0.2208729026616802,-0.18009856043922448,-0.09346155907661213,0.17073388633847877,0.0,0.0019198834948979334,92.38910207214121,False,False,,,False,False,C
macd_hist_12_26_9,5,oscillator,False,-1.0,0.003635646220106808,0.8512403831919209,0.3946358342733294,0.003635646220106808,0.8512403831919209,-0.29529757191757544,-0.001055138185830326,0.7552513380058545,1.0,False,False,1.0,0.00015232365036169326,-0.09041659687464514,-0.15079587722464968,-0.13453920972923733,-0.04739408623963505,0.5990007971230611,0.0,0.006583910227521646,92.38183217859893,False,False,,,False,False,C
macd_hist_12_26_9,20,oscillator,False,1.0,0.007030153597164786,1.1927439721025526,0.23296965876532483,0.007030153597164786,1.1927439721025526,1.5678519124953556,0.00793960929436983,0.6231236656132785,1.0,True,False,1.0,0.04504960942525278,0.010569080206758435,-0.012417939272237786,-0.012243324657483375,0.03581614786989185,0.9121833126585803,2.4690731599741264e-05,0.009770638847613353,92.35358255451713,False,False,,,False,False,C
macd_dif_6_13,1,oscillator,False,-1.0,-0.0012311722862086432,-0.5284326352637339,0.5971990913593906,-0.0012311722862086432,-0.5284326352637339,-1.0950977955647592,-0.0022749662232075312,0.863972452772331,1.0,True,False,1.0,0.029878459946661412,-0.08165090032540322,-0.1560038071734463,-0.11800582528568689,-0.0427192946743287,0.14752560882548232,0.0,0.0020429386270567717,92.38910207214121,False,False,,,False,False,C
macd_dif_6_13,5,oscillator,False,-1.0,-0.002050329041549801,-0.5472170940803139,0.5842295935972939,-0.002050329041549801,-0.5472170940803139,-1.284674616659808,-0.004398504712241501,0.863972452772331,1.0,True,False,1.0,0.038250711935366534,-0.03774714774900278,-0.08841238753858231,-0.06813508823686612,-0.003081332058002266,0.5026313471188446,0.0,0.006685882509959212,92.38183217859893,False,False,,,False,False,C
macd_dif_6_13,20,oscillator,False,-1.0,-0.005985719795044955,-1.2120479416446335,0.2254940294864174,-0.005985719795044955,-1.2120479416446335,-1.1161979681443939,-0.005267892026058171,0.6231236656132785,1.0,True,False,1.0,0.049314636466401815,0.01783375441851911,-0.0031535002800693645,-0.00469375800828582,0.03932461876894978,0.8328275674043043,0.0,0.009807180502303989,92.35358255451713,False,False,,,False,False,C
macd_dea_6_13_5,1,oscillator,False,-1.0,-0.001359581310687,-0.6172636180298268,0.5370608598743585,-0.001359581310687,-0.6172636180298268,-0.950555630097043,-0.0019427127393014116,0.858236352452333,1.0,True,False,,0.041966182892855676,-0.03706704120649505,-0.08975585727272888,-0.06946359639292465,0.00023042010057605587,0.1045413017187179,1.6336325707567353e-05,0.0019657793629940254,92.38910207214121,False,False,,,False,False,C
macd_dea_6_13_5,5,oscillator,False,-1.0,-0.0029620933499916184,-0.8270674384451551,0.40819883870694773,-0.0029620933499916184,-0.8270674384451551,-1.2484689797489574,-0.004206900940182292,0.7745311298542085,1.0,True,False,,0.03712799367052652,-0.02790739495934496,-0.07126432071259262,-0.05358442372989991,0.003967589390335119,0.4301282316790442,1.6386630020754627e-05,0.00664084278953314,92.38183217859893,False,False,,,False,False,C
macd_dea_6_13_5,20,oscillator,False,-1.0,-0.00806608231054315,-1.5760713530490067,0.11500936013600604,-0.00806608231054315,-1.5760713530490067,-1.147093393701176,-0.0056619708605872435,0.4728162583369137,0.998001998001998,True,False,,0.05421314283726005,0.023094865582670807,0.002349347412944639,-0.001169014216865796,0.04832873588801218,0.8232348480050066,1.657806261445503e-05,0.010098162094113704,92.35358255451713,False,False,,,False,False,C
macd_hist_6_13_5,1,oscillator,False,-1.0,0.00023845460938959573,0.1003825227393274,0.9200406445099405,0.00023845460938959573,0.1003825227393274,-1.1237917041037087,-0.0023130501585704837,0.975556025684283,1.0,False,False,1.0,0.013999274519093807,-0.21835125570448544,-0.37325160918687167,-0.26166391944587003,-0.18337818597126354,0.30734197119521073,0.0,0.0018267050379757138,92.38910207214121,False,False,,,False,False,C
macd_hist_6_13_5,5,oscillator,False,-1.0,0.001655694075483436,0.43425638500410424,0.6641022719828142,0.001655694075483436,0.43425638500410424,-1.058712778347113,-0.0035169612770710717,0.9014128761313788,1.0,False,False,1.0,0.004710402352790667,-0.1205139076892801,-0.20399678105066052,-0.16085757473715667,-0.08457256051196782,0.828203108743854,0.0,0.006624436155076298,92.38183217859893,False,False,,,False,False,C
macd_hist_6_13_5,20,oscillator,False,1.0,0.005658856200463951,1.2492216165017525,0.21158402774740848,0.005658856200463951,1.2492216165017525,0.20366054422520946,0.000762883751874797,0.6180480810516406,1.0,True,False,1.0,0.048634721019959984,0.01500945230216744,-0.007407393509694255,-0.004056877150937667,0.03669328536070675,0.8895573734865753,2.4690731599741264e-05,0.009970251456297633,92.35358255451713,False,False,,,False,False,C
rsi_6,1,oscillator,False,-1.0,-0.002850698278976885,-1.8308742308420543,0.06711931742553541,-0.002850698278976885,-1.8308742308420543,-1.3686766664233943,-0.0019250578388810417,0.36342654801143565,0.9820179820179821,True,False,1.0,0.021062825351156906,-0.243222745421884,-0.41941312593724456,-0.2792988045376621,-0.2079698725381164,0.3495840883241282,0.0,0.001803464666494981,92.38910207214121,False,False,,,False,False,C
rsi_6,5,oscillator,False,-1.0,-0.003557313551784481,-1.4810168544057332,0.13860208225488238,-0.003557313551784481,-1.4810168544057332,-1.8713475006590536,-0.0041927717551454415,0.5312516873153835,1.0,True,False,1.0,0.008936899953228683,-0.09749180851132556,-0.16844428082102839,-0.12458611479930022,-0.06585335830960015,0.70389357450102,0.0,0.006497991236903238,92.38183217859893,False,False,,,False,False,C
rsi_6,20,oscillator,False,-1.0,-0.0051847611256505746,-1.6020562530439113,0.10914317067824382,-0.0051847611256505746,-1.6020562530439113,-2.413285310201576,-0.006928499924210906,0.45716573378434205,0.997002997002997,True,False,1.0,0.013916637921130839,-0.01944665464378043,-0.041688849687054594,-0.041869105520628044,-0.0001144890940057859,0.8826267874315149,0.0,0.009627115097465545,92.35358255451713,False,False,,,False,False,C
rsi_14,1,oscillator,False,-1.0,-0.0036128518535041973,-2.449694072533479,0.014297763603327756,-0.0036128518535041973,-2.449694072533479,-1.6057228144594813,-0.0021851556006320183,0.20455614298762623,0.6623376623376623,True,False,1.0,0.019508928451290465,-0.15985161312926174,-0.27942530751629663,-0.1925997410325804,-0.12842549575819043,0.2372493936250691,0.0,0.0018441517303425445,92.38910207214121,False,False,,,False,False,C
rsi_14,5,oscillator,False,-1.0,-0.005472170643235455,-2.293757205981249,0.021804448783308065,-0.005472170643235455,-2.293757205981249,-2.1678431029805387,-0.004970706343903343,0.220026710449745,0.7902097902097902,True,False,1.0,0.018215864508322594,-0.06016790085393904,-0.11242374442878011,-0.0848602528811701,-0.03128206277634098,0.5184111465758044,0.0,0.006298975148643321,92.38183217859893,False,False,,,False,False,C
rsi_14,20,oscillator,False,-1.0,-0.008830101077006401,-2.406089645129968,0.01612430749434223,-0.008830101077006401,-2.406089645129968,-2.71842197907047,-0.00946892261178001,0.20455614298762623,0.7072927072927073,True,False,1.0,0.029533908066086016,-0.0008300813999806587,-0.02107274104402511,-0.020893727439067974,0.017812244388517858,0.8032801446049385,0.0,0.0100371996252696,92.35358255451713,False,False,,,False,False,C
rsi_24,1,oscillator,False,-1.0,-0.004204934949862214,-2.9320207598515413,0.003367642347430205,-0.004204934949862214,-2.9320207598515413,-1.8796492569008691,-0.0025708405605379173,0.20327510367154597,0.3196803196803197,True,False,1.0,0.04120739254339495,-0.09714665187528125,-0.18938268148773207,-0.12633104382795277,-0.07106561859874866,0.18300799526279923,0.0,0.0018854415743216496,92.38910207214121,False,False,,,False,False,C
rsi_24,5,oscillator,False,-1.0,-0.006783931203955372,-2.858426082434091,0.0042574828750418835,-0.006783931203955372,-2.858426082434091,-2.4565255803794477,-0.005717665603094607,0.20327510367154597,0.3676323676323676,True,False,1.0,0.03569036374920801,-0.026697167927315673,-0.06828885571166479,-0.04931493754282714,-0.0009306585218533132,0.4126159502415587,0.0,0.0064048485348633475,92.38183217859893,False,False,,,False,False,C
rsi_24,20,oscillator,False,-1.0,-0.011215460047244215,-2.7583461270871057,0.0058094648489733,-0.011215460047244215,-2.7583461270871057,-2.721752609241787,-0.010260266281225061,0.20327510367154597,0.42957042957042957,True,False,1.0,0.039861702992823315,0.013304623693680892,-0.0044000958390807325,-0.00568167737236103,0.032334493580134814,0.7025682354270484,0.0,0.010722739571223843,92.35358255451713,False,False,,,False,False,C
kdj_k,1,oscillator,False,-1.0,-0.0025263914056683832,-1.443796415241519,0.14879625067418312,-0.0025263914056683832,-1.443796415241519,-1.5760568299174358,-0.002448580604508111,0.541520781142109,1.0,True,False,,0.013237561578295537,-0.16537508637509837,-0.2844501850106943,-0.20268485190496965,-0.133444403479487,0.23626011634046815,0.0,0.0019246675610164908,92.38910207214121,False,False,,,False,False,C
kdj_k,5,oscillator,False,-1.0,-0.003038627355505753,-1.0891734741173,0.27607739399545483,-0.003038627355505753,-1.0891734741173,-2.013660134205946,-0.005310758304898571,0.6661867550759889,1.0,True,False,,0.013572025526671194,-0.08934647962411059,-0.1579588163912984,-0.11985565808336225,-0.05655182524158987,0.680677944118927,0.0,0.006894097841983579,92.38183217859893,False,False,,,False,False,C
kdj_k,20,oscillator,False,-1.0,-0.004576941271480052,-1.3748207860628887,0.1691870122653356,-0.004576941271480052,-1.3748207860628887,-1.0501170712032253,-0.003569136217383433,0.5631513965286822,1.0,True,False,,0.013045881751883748,-0.020816573480042403,-0.04339154363465984,-0.04032335563459432,-0.004252594540048862,0.8958321489927553,0.0,0.009264995323673959,92.35358255451713,False,False,,,False,False,C
kdj_d,1,oscillator,False,-1.0,-0.002257294108947676,-1.3556177366998585,0.17522082551793805,-0.002257294108947676,-1.3556177366998585,-1.6504330068013664,-0.002556303432156629,0.5631513965286822,1.0,True,False,,0.016730671889577872,-0.1006278731223994,-0.17886690313038425,-0.13886521835396523,-0.06606401176880365,0.1552361706507636,0.0,0.0019013338614360974,92.38910207214121,False,False,,,False,False,C
kdj_d,5,oscillator,False,-1.0,-0.003083621186427944,-1.1250120631260578,0.26058392251893037,-0.003083621186427944,-1.1250120631260578,-1.8432767704368171,-0.0048524855393987055,0.642773675546695,1.0,True,False,,0.014712362269811267,-0.07506313280229365,-0.1349134628503636,-0.10443598462417747,-0.04040395975504746,0.5937532742864081,0.0,0.0069733159996574895,92.38183217859893,False,False,,,False,False,C
kdj_d,20,oscillator,False,-1.0,-0.0056326170868649175,-1.6804430954867104,0.0928711371409725,-0.0056326170868649175,-1.6804430954867104,-0.5482126797246898,-0.001984892688355518,0.42952900927699783,0.996003996003996,True,False,,0.015983497802758775,-0.01776526816250687,-0.04026444547268397,-0.03545952016281969,-0.000509215744178104,0.8928244964355991,0.0,0.009706301344819715,92.35358255451713,False,False,,,False,False,C
kdj_j,1,oscillator,False,-1.0,-0.0023413800604050023,-1.4151069360372204,0.1570371448711524,-0.0023413800604050023,-1.4151069360372204,-1.1092956528769073,-0.0017673182387657278,0.5533689866888227,1.0,True,False,,-0.009104205050005604,-0.27996620083426116,-0.46054086469043165,-0.3136974617906715,-0.24883714328384876,0.3582830632066873,0.0,0.0018083179492506263,92.38910207214121,False,False,,,False,False,C
kdj_j,5,oscillator,False,-1.0,-0.002703094093856122,-1.0501338704885166,0.29365656820860175,-0.002703094093856122,-1.0501338704885166,-1.6585805809316487,-0.004267285520911968,0.673593135820444,1.0,True,False,,-0.0044157655074648925,-0.1351731831578859,-0.22234479492483322,-0.16395978398459118,-0.10882920545660882,0.8647977357832077,0.0,0.006964053420222338,92.38183217859893,False,False,,,False,False,C
kdj_j,20,oscillator,False,-1.0,-0.0020137177148922586,-0.6622639406994612,0.5078020822056035,-0.0020137177148922586,-0.6622639406994612,-1.699801169201805,-0.004770789205809668,0.858236352452333,1.0,True,False,,-0.0003054751343047301,-0.034350065327449365,-0.057046458789545784,-0.056647733959425385,-0.018654635680523977,0.9006505342101754,0.0,0.009798089882237054,92.35358255451713,False,False,,,False,False,C
wr_14,1,oscillator,False,1.0,0.0022421292112573114,1.2764672935124288,0.20179038133096183,0.0022421292112573114,1.2764672935124288,1.3653708725861609,0.0022194657312860364,0.6053711439928855,1.0,True,False,,-0.0007329989625721092,-0.381927588700675,-0.6360573151927438,-0.42019224091200674,-0.34778732017255587,0.5042256478017235,0.0,0.0020637610038786738,90.26861089792786,False,False,,,False,False,C
wr_14,5,oscillator,False,1.0,0.003023598918729948,1.0718148834059766,0.283803186756706,0.003023598918729948,1.0718148834059766,1.988099644879694,0.005077008310947397,0.673593135820444,1.0,True,False,,0.0011310569013300515,-0.11406119156268608,-0.19085602387203013,-0.1436853007878057,-0.08505888847124025,0.7618534951323817,0.0,0.006728081976861519,90.26173979984604,False,False,,,False,False,C
wr_14,20,oscillator,False,1.0,0.0038792353978867123,1.1417836113196433,0.25354397620145264,0.0038792353978867123,1.1417836113196433,1.5317659095561116,0.005078240648474536,0.6396223035991192,1.0,True,False,,0.005110533524015766,-0.028858800175329824,-0.05150502264156022,-0.0487626289869205,-0.01424452865991418,0.8986596216758093,0.0,0.009564509716122832,90.23520249221184,False,False,,,False,False,C
cci_14,1,oscillator,False,-1.0,-0.002319395007738811,-1.364867901722759,0.17229457239575596,-0.002319395007738811,-1.364867901722759,-1.574565220871755,-0.0022490396007405528,0.5631513965286822,1.0,True,False,,-0.01675303207547204,-0.3121135745431408,-0.50902060285492,-0.3531755557991718,-0.2783592925662614,0.39068854823765714,0.0,0.00190375564535558,90.05602455871066,False,False,,,False,False,C
cci_14,5,oscillator,False,-1.0,-0.002702378502656703,-1.043547235204043,0.2966949160311593,-0.002702378502656703,-1.043547235204043,-1.7947423228939134,-0.004090257981860082,0.673593135820444,1.0,True,False,,-0.0024232907110861425,-0.1295138669665453,-0.21424091780351812,-0.16087001931947226,-0.10012889098986628,0.8405461392556822,0.0,0.006532884541299593,90.04849884526558,False,False,,,False,False,C
cci_14,20,oscillator,False,-1.0,-0.003212529581618458,-0.9646975361626331,0.33469632968719987,-0.003212529581618458,-0.9646975361626331,-1.6669775316391309,-0.005051508282707603,0.7213843222384309,1.0,True,False,,0.002031293569511647,-0.031788795577428856,-0.0543355216753892,-0.055516612645628904,-0.013139253213886376,0.8947113530936642,0.0,0.010014655059087453,90.01947040498442,False,False,,,False,False,C
boll_pos_20,1,channel,False,-1.0,-0.0029536381364220505,-1.7509241571454681,0.07995897503092955,-0.0029536381364220505,-1.7509241571454681,-1.3873301112962781,-0.0019220865634997143,0.3912052291922029,0.989010989010989,True,False,,-0.0007491255377846513,-0.28442696869839745,-0.4735455308054726,-0.3234142614752526,-0.2504214898792812,0.37523524227594285,0.0,0.0019443553278447113,91.28242517267843,False,False,,,False,False,C
boll_pos_20,5,channel,False,-1.0,-0.0032609666900942865,-1.2292181875700101,0.2189900115873491,-0.0032609666900942865,-1.2292181875700101,-1.6637667452910263,-0.003782016730495193,0.6231236656132785,1.0,True,False,,0.01349471401992631,-0.10002442029485521,-0.17570384317137622,-0.13149254692384452,-0.06968644296601345,0.7507879253623116,0.0,0.006652065078864839,91.27559661277905,False,False,,,False,False,C
boll_pos_20,20,channel,False,-1.0,-0.004874522581028777,-1.3295904884581708,0.1836532336767921,-0.004874522581028777,-1.3295904884581708,-1.959175034954492,-0.006342364913492166,0.5662641371701089,1.0,True,False,,0.009654869802809423,-0.024095736735142065,-0.04659614109377638,-0.04701233058415728,-0.005451808295293346,0.8928731888346955,0.0,0.009478656620779466,91.25311526479751,False,False,,,False,False,C
boll_width_20,1,channel,False,1.0,0.0012491166792266393,0.4247926117290175,0.6709878640793503,0.0012491166792266393,0.4247926117290175,0.290192665541344,0.0008130907537362742,0.9027836716703985,1.0,True,False,,0.021792732768084692,-0.054362613007634106,-0.10513284352477999,-0.08507909612535641,-0.014378870152401855,0.10073458435941639,2.4590670565001706e-05,0.0021041181561746508,91.28242517267843,False,False,,,False,False,C
boll_width_20,5,channel,False,1.0,0.003112281141562041,0.6334179701198529,0.526460733064545,0.003112281141562041,0.6334179701198529,0.5803369694344243,0.002697197570671717,0.858236352452333,1.0,True,False,,0.04750971140080027,-0.016124165068208372,-0.058546749380880794,-0.04321249522078274,0.017536765323177283,0.42085897135587724,2.466639241431657e-05,0.007050508312777751,91.27559661277905,False,False,,,False,False,C
boll_width_20,20,channel,False,1.0,0.0035173786722299152,0.4135698267548261,0.6791891745805598,0.0035173786722299152,0.4135698267548261,0.5628668711870878,0.004631784874322168,0.9083132334752065,1.0,True,False,,0.055471797294583694,0.025826199919865934,0.006062468336720755,-0.0029151054474597067,0.05749965397006006,0.7842750628232213,2.4954551204203444e-05,0.009316196058067345,91.25311526479751,False,False,,,False,False,C
dist_high_20,1,channel,False,-1.0,-0.0024734565875051268,-1.1540555448433159,0.24847739743737873,-0.0024734565875051268,-1.1540555448433159,-1.4324669208711456,-0.003234595122476949,0.6396223035991192,1.0,True,False,1.0,0.03088973330638453,-0.10901563806906031,-0.20228588565269023,-0.14165008470128582,-0.07260135438637824,0.1850600150468847,8.433623380919008e-06,0.0020584501326084137,91.28242517267843,False,False,,,False,False,C
dist_high_20,5,channel,False,-1.0,-0.003677076893747865,-1.0564132994544757,0.2907794325046207,-0.003677076893747865,-1.0564132994544757,-1.7014543195435514,-0.006180370377005999,0.673593135820444,1.0,True,False,1.0,0.03613839541149348,-0.030877512646477007,-0.075554784685124,-0.05702458045501403,0.0005883685450520876,0.44322690514530744,8.459592967927227e-06,0.006430697813056541,91.27559661277905,False,False,,,False,False,C
dist_high_20,20,channel,False,-1.0,-0.005400318542991405,-1.0356057076148792,0.30038612813614396,-0.005400318542991405,-1.0356057076148792,-1.3142442221004045,-0.006452945290637717,0.673593135820444,1.0,True,False,1.0,0.05112566264404994,0.02049557404219669,7.551497429453021e-05,0.00044715426700105994,0.04354943577802877,0.8103198042818319,8.558419988580582e-06,0.010053231969121786,91.25311526479751,False,True,,,False,False,C
dist_high_60,1,channel,False,-1.0,-0.004661209261341616,-2.2045470208326874,0.027485896930838603,-0.004661209261341616,-2.2045470208326874,-1.7332405094612187,-0.0038163611723166092,0.2414423402912908,0.8461538461538461,True,False,1.0,0.069913581407772,-0.010516067711685643,-0.06413583379132405,-0.04290037191867046,0.019351788647417763,0.10638842476118736,1.6336325707567353e-05,0.0018665542395775445,91.77820414428243,False,False,,,False,False,C
dist_high_60,5,channel,False,-1.0,-0.008342728538658379,-2.3405834703563198,0.0192536340361956,-0.008342728538658379,-2.3405834703563198,-2.176173154636002,-0.007866546679463817,0.21371533780177118,0.7532467532467533,True,False,0.0,0.07502442511084209,0.03627029919093842,0.010434215244335975,0.007073797307037233,0.06877782367296678,0.2563103566131195,1.6386630020754627e-05,0.0063969171129230175,91.7721324095458,False,True,,,False,False,C
dist_high_60,20,channel,False,-1.0,-0.014984222721715776,-2.2409514777531876,0.02502921821919784,-0.014984222721715776,-2.2409514777531876,-2.383348157410085,-0.014312412917137021,0.2414423402912908,0.8151848151848152,True,False,0.0,0.08810540823865395,0.06797015097962875,0.05454664614027862,0.03601670517390111,0.10612260257107906,0.532678763466275,1.657806261445503e-05,0.010359365425603551,91.74766355140187,False,True,,,False,False,C
dist_high_250,1,channel,False,-1.0,-0.0037922982675672374,-2.0769290336413766,0.03780810960542441,-0.0037922982675672374,-2.0769290336413766,-1.3220120546949372,-0.0023723060174417857,0.2667673094848864,0.9140859140859141,True,False,1.0,0.047152210272724496,0.006701113052733614,-0.020266285093926955,-0.022667643205790202,0.03703608272625624,0.05350674235448527,2.451607470021098e-05,0.001894409120002803,91.1327705295472,False,False,,,False,False,C
dist_high_250,5,channel,False,-1.0,-0.006259747514233292,-1.9748128478398574,0.04828939048915578,-0.006259747514233292,-1.9748128478398574,-1.4568691051417653,-0.004279594572383655,0.28973634293493467,0.949050949050949,True,False,1.0,0.05429980855607378,0.034728019953467526,0.021680160885063363,0.00879150392453311,0.06248376094735618,0.12944304631353343,2.4591566847093846e-05,0.006487096780287339,91.12163202463434,False,True,,,False,False,C
dist_high_250,20,channel,False,-1.0,-0.010891404703822142,-1.7445654288723418,0.08106054298577177,-0.010891404703822142,-1.7445654288723418,-0.8511106850287561,-0.004846512686478391,0.3912052291922029,0.989010989010989,True,False,1.0,0.06058052358131585,0.05052410170988127,0.04381982046225821,0.025343173013198012,0.0793795673225649,0.26604290665170854,2.487885150652251e-05,0.01015940060435774,91.07866043613707,False,True,,,False,False,C
dist_low_20,1,channel,False,-1.0,-0.0005284630348481983,-0.21911141435031584,0.8265632594437349,-0.0005284630348481983,-0.21911141435031584,-1.2199978533642755,-0.002423626765957289,0.9606784153854847,1.0,True,False,1.0,-0.02498779559911282,-0.3822375937575896,-0.6204041258632408,-0.4249030578867327,-0.34602766349099134,0.4725526430667682,0.0,0.0020079822233053965,91.47582501918649,False,False,,,False,False,C
dist_low_20,5,channel,False,-1.0,0.0005687906611958136,0.14662365291247487,0.8834290831334644,0.0005687906611958136,0.14662365291247487,-1.5946380881815116,-0.0051572261100651245,0.975556025684283,1.0,False,False,0.0,-0.006515300223316855,-0.11777165752164369,-0.19194256238719493,-0.15314767690399475,-0.08509315562008789,0.7358224689042779,0.0,0.006426689397827583,91.46959199384142,False,False,,,False,False,C
dist_low_20,20,channel,False,-1.0,-0.0021772165344492206,-0.3686830525241204,0.7123639823595012,-0.0021772165344492206,-0.3686830525241204,-0.5107226686454058,-0.0029276124803787524,0.9255724455646243,1.0,True,False,1.0,-0.009309135731929808,-0.04291672428922997,-0.06532178332743009,-0.07081239215762855,-0.020045504242502312,0.8890896443730203,0.0,0.01002013698696069,91.44937694704049,False,False,,,False,False,C
dist_low_60,1,channel,False,-1.0,-0.0008188579117405458,-0.3435317205568688,0.7311984815759812,-0.0008188579117405458,-0.3435317205568688,-1.3237447898022596,-0.0025675571885048,0.932908407527976,1.0,True,False,0.0,0.0002951228844922535,-0.24679023599163946,-0.41151380857572734,-0.29573880938711594,-0.2003534682504604,0.32683248528588854,0.0,0.001982672487371991,91.77820414428243,False,False,,,False,False,C
dist_low_60,5,channel,False,-1.0,-0.0005860052475660664,-0.151310871903657,0.8797304934861986,-0.0005860052475660664,-0.151310871903657,-1.5709987667986665,-0.005375870300407403,0.975556025684283,1.0,True,False,0.0,-0.00732841956392913,-0.09278375360145771,-0.14975397629314344,-0.12927081689297676,-0.05863591046086512,0.5651807806714853,0.0,0.006433908553726633,91.7721324095458,False,False,,,False,False,C
dist_low_60,20,channel,False,-1.0,-0.004658927926724052,-0.7504172190873113,0.4530034635023703,-0.004658927926724052,-0.7504172190873113,-1.0873151337719247,-0.006951549185504468,0.8311303214671587,1.0,True,False,0.0,-0.00041602270897460455,-0.02959033403986125,-0.049039874927119004,-0.05861861222566983,-0.002717622631253046,0.7718071780657842,0.0,0.010492001184352276,91.74766355140187,False,False,,,False,False,C
dist_low_250,1,channel,False,-1.0,-0.00020552721782261362,-0.09010708311614192,0.9282021206068628,-0.00020552721782261362,-0.09010708311614192,-1.595886027551892,-0.002678009367154888,0.975556025684283,1.0,True,False,1.0,0.015352746045930676,-0.1240132343817072,-0.21692388800013246,-0.17189336381054116,-0.07658516833875885,0.18434653495719294,8.527330299431969e-06,0.001938765050152907,91.1327705295472,False,False,,,False,False,C
dist_low_250,5,channel,False,-1.0,0.0001853460286710399,0.048328412487593085,0.9614545111135081,0.0001853460286710399,0.048328412487593085,-1.8123601754448404,-0.005344629466655079,0.9815037686443145,1.0,False,False,0.0,0.005108325297427083,-0.04851090777103194,-0.08425706315000463,-0.08599967396705101,-0.010445791546024642,0.3546245573310782,8.55358843738249e-06,0.006736279496804075,91.12163202463434,False,False,,,False,False,C
dist_low_250,20,channel,False,-1.0,-0.0034909372122606426,-0.5141948362737592,0.6071157776238001,-0.0034909372122606426,-0.5141948362737592,-1.414491322295645,-0.007477727105769676,0.863972452772331,1.0,True,False,1.0,0.00918822832608274,-0.011864609934298281,-0.025899835441218967,-0.04169247669958974,0.01645911365495078,0.5569533931317731,8.653513535950043e-06,0.011903381994214616,91.07866043613707,False,False,,,False,False,C
new_high_250,1,channel,False,1.0,-0.0014397329300504026,-1.265963572385421,0.20552612433142714,-0.0014397329300504026,-1.265963572385421,0.6459247356407285,0.0007322255259636675,0.6083573280210244,1.0,False,False,,-0.016801888602852717,-0.40274955798431045,-0.6600480042386155,-0.49979982110723054,-0.29497761951769286,0.5105127901871134,0.0,0.0019784689029815933,70.73906369915579,False,False,,,False,False,C
new_high_250,5,channel,False,1.0,-0.0031140216122026963,-2.010554126929382,0.04437257357231066,-0.0031140216122026963,-2.010554126929382,0.6285784073987838,0.0009340646291491916,0.28491254994498194,0.9440559440559441,False,False,,-0.0659335232621894,-0.17999606052700992,-0.2560377520368902,-0.2621342152902128,-0.09874838957427577,0.7543818602170667,0.0,0.006933051216046113,70.8598922247883,False,False,,,False,False,C
new_high_250,20,channel,False,1.0,-0.0009764804302489393,-0.46944510450205545,0.6387515146953582,-0.0009764804302489393,-0.46944510450205545,0.0017401591895523268,3.6994858623875536e-06,0.8862677266398095,1.0,False,False,,-0.006160989138599527,-0.038740975159244975,-0.060460965839675286,-0.09986250807282118,0.0024602940091316616,0.8619043920805672,0.0,0.011427215239572748,71.50856697819314,False,False,,,False,False,C
vol_20,1,volatility,False,-1.0,0.004094594798416668,1.026157853160614,0.3048171841428884,0.004094594798416668,1.026157853160614,-0.020586222959754007,-7.638363032086358e-05,0.6766941487972121,1.0,False,False,1.0,-0.04625313286047145,-0.1363747379699549,-0.1964558080429438,-0.2041042737152902,-0.07099433230005245,0.11920847236704159,0.0,0.002054389397501488,91.28242517267843,False,False,,,False,True,C
vol_20,5,volatility,False,1.0,0.0080946162276707,1.2022265098377671,0.22927578098172996,0.0080946162276707,1.2022265098377671,0.04144220802323419,0.0002638139518937495,0.6231236656132785,1.0,True,False,1.0,0.07360623563063767,0.03349446099317531,0.006753277901533741,-0.013037121241162668,0.08179726396254923,0.2652895147980315,2.466639241431657e-05,0.0067043048347575195,91.27559661277905,False,False,,,False,True,C
vol_20,20,volatility,False,1.0,0.007670831384295009,0.6149460094400111,0.5385903765872169,0.007670831384295009,0.6149460094400111,0.1178496948981208,0.00147306382745136,0.858236352452333,1.0,True,False,1.0,0.0809661630743946,0.05919767144419412,0.04468534369072715,0.020211934569307068,0.10391003529033886,0.5758860219629754,2.4954551204203444e-05,0.010032032096375511,91.25311526479751,False,True,,,False,True,C
vol_60,1,volatility,False,1.0,0.0023454287330770445,0.591111776756365,0.5544455295800088,0.0023454287330770445,0.591111776756365,0.2573682716500778,0.0010304542635670272,0.858236352452333,1.0,True,False,1.0,0.08420319894406873,0.053574945503119246,0.033156109875819635,0.011699112537724765,0.09724375614513216,0.04051356275257864,2.4330697907956855e-05,0.0019132125670989477,91.77820414428243,False,True,,,False,False,C
vol_60,5,volatility,False,1.0,0.004884536935662578,0.7332059738018799,0.4634328123895326,0.004884536935662578,0.7332059738018799,0.2684395197096696,0.0018424605947446211,0.8432957733645593,1.0,True,False,1.0,0.09175475098362249,0.07473712206382639,0.06339203611729567,0.034233477328886285,0.11516144150977048,0.11255045581875718,2.4405619225610303e-05,0.006144320207280182,91.7721324095458,False,True,,,False,False,C
vol_60,20,volatility,False,1.0,0.005271677606508993,0.45210345242500755,0.651194456660277,0.005271677606508993,0.45210345242500755,0.3808000368081525,0.005143248036107026,0.8923775887566758,1.0,True,False,1.0,0.09108353720488441,0.08150029343772622,0.0751114642596208,0.049190325053171495,0.11414785214374579,0.2535249673851368,2.4690731599741264e-05,0.009211683597972739,91.74766355140187,False,True,,,False,False,C
atr_14,1,volatility,False,1.0,0.0011924751022201981,0.5166080097559659,0.6054298231872552,0.0011924751022201981,0.5166080097559659,0.5889465685330124,0.0013930389325343229,0.863972452772331,1.0,True,False,,0.06671856520068607,0.004694881234991025,-0.03665424140880565,-0.031725636018974615,0.03735878766414646,0.08204191000753312,2.4330697907956855e-05,0.0019451839254678715,92.38910207214121,False,False,,,False,False,C
atr_14,5,volatility,False,1.0,0.002482280256105617,0.6491895818036792,0.5162158448116534,0.002482280256105617,0.6491895818036792,0.4276288841498191,0.0016971236401437727,0.858236352452333,1.0,True,False,,0.07481829487724581,0.04606689391765772,0.026899293277932335,0.01328599429430754,0.07679569553643148,0.19015476825124397,2.4405619225610303e-05,0.006454988868134218,92.38183217859893,False,True,,,False,False,C
atr_14,20,volatility,False,1.0,0.0024958400918448746,0.362980951071314,0.7166191141301677,0.0024958400918448746,0.362980951071314,0.5108775902306321,0.003908507860391668,0.9255724455646243,1.0,True,False,,0.08315210703243228,0.07007403081253934,0.0613553133326107,0.03779845623130679,0.10006410184554142,0.3459808523781203,2.4690731599741264e-05,0.009917570421663678,92.35358255451713,False,True,,,False,False,C
amplitude_20,1,volatility,False,1.0,0.0013594837258872438,0.6328560621332165,0.5268276426698044,0.0013594837258872438,0.6328560621332165,0.5363935234614273,0.0010600893558406887,0.858236352452333,1.0,True,False,,0.0787958107973958,0.03075570189287022,-0.0012710373768134793,-0.007748039375092656,0.06451219290599211,0.06354511759857878,2.4590670565001706e-05,0.002051460575269491,91.28242517267843,False,False,,,False,False,C
amplitude_20,5,volatility,False,1.0,0.002221302684568115,0.6218748582440086,0.5340241582669639,0.002221302684568115,0.6218748582440086,0.39545383189801353,0.0013441123732003616,0.858236352452333,1.0,True,False,,0.081686679355429,0.05783756922757775,0.04193816247567691,0.022373163733265013,0.08751400137062346,0.15773220984028613,2.466639241431657e-05,0.006385490420870225,91.27559661277905,False,True,,,False,False,C
amplitude_20,20,volatility,False,1.0,-0.000516187602491263,-0.08321331519889447,0.9336819254626811,-0.000516187602491263,-0.08321331519889447,0.37192463952946764,0.0025305065018606447,0.975556025684283,1.0,False,False,,0.07712168394213324,0.06310643727653013,0.05376293949946141,0.03239626041529395,0.09175134348648283,0.37077372131225106,2.4954551204203444e-05,0.009971912142260703,91.25311526479751,False,True,,,False,False,C
max_ret_20,1,volatility,False,-1.0,0.002912649196072141,0.9541060349828742,0.3400299715782633,0.002912649196072141,0.9541060349828742,-0.21489818193855176,-0.0006517538667205642,0.7258332085612929,1.0,False,False,,-0.036715981562762165,-0.1248347111880682,-0.1835805309382723,-0.1893805784814094,-0.06896985233291546,0.11655916617103979,0.0,0.0020672615034275574,91.28242517267843,False,False,,,False,False,C
max_ret_20,5,volatility,False,-1.0,0.005391645560651959,1.009696682606691,0.31264063233104455,0.005391645560651959,1.009696682606691,-0.06329753120923948,-0.00032955545372725194,0.6804531409558029,1.0,False,False,,-0.04850087043169242,-0.10781255737831616,-0.14735368200939863,-0.16820746712012022,-0.05128352094902409,0.3922730618162945,0.0,0.007165040907588393,91.27559661277905,False,False,,,False,False,C
max_ret_20,20,volatility,False,-1.0,0.003575133417690491,0.347481922181145,0.7282292974360326,0.003575133417690491,0.347481922181145,-0.055613117438747514,-0.0005791220563759461,0.932908407527976,1.0,False,False,,-0.03640541754174821,-0.06573872890474448,-0.08529426981340867,-0.12180173359457838,-0.012992358869772697,0.7760135281215947,0.0,0.010874847707416967,91.25311526479751,False,False,,,False,False,C
min_ret_20,1,volatility,False,-1.0,-0.002928673985710729,-0.8944917724163088,0.3710588299237094,-0.002928673985710729,-0.8944917724163088,-0.4456660626973029,-0.0014217979902684896,0.7552513380058545,1.0,True,False,,0.05341768015187014,0.005010526249873679,-0.02726090968479057,-0.02864162909395723,0.04170898729298552,0.06403062685449262,2.4590670565001706e-05,0.0018642112171007228,90.13430544896393,False,False,,,False,False,C
min_ret_20,5,volatility,False,-1.0,-0.006257488891498922,-1.1539089565169842,0.24853749680306048,-0.006257488891498922,-1.1539089565169842,-0.5300261997041162,-0.0028863258848776797,0.6396223035991192,1.0,True,False,,0.06360994957264621,0.0248196259398524,-0.0010405898153434652,-0.00718957008046463,0.05979143041063793,0.2565497594761495,2.466639241431657e-05,0.006420877657463635,90.1239414934565,False,False,,,False,False,C
min_ret_20,20,volatility,False,-1.0,-0.006176926310001119,-0.6587372393533184,0.5100645152707922,-0.006176926310001119,-0.6587372393533184,-0.30436623902088505,-0.003058792685782549,0.858236352452333,1.0,True,False,,0.05607947620564604,0.027336646589375697,0.008174760178528808,-0.000416905679500432,0.06276049183830117,0.7603923178907496,2.4954551204203444e-05,0.009663178995280668,90.0880062305296,False,False,,,False,False,C
skew_20,1,volatility,False,-1.0,-0.00016060304442334474,-0.09173177327316333,0.926911152390629,-0.00016060304442334474,-0.09173177327316333,-1.0177656119293337,-0.0014012218326743112,0.975556025684283,1.0,True,False,,-0.00867953562370539,-0.15001618528462132,-0.24424061839189862,-0.18057386178503332,-0.12074613288216839,0.18695324029221685,0.0,0.001533284807664929,84.57022256331543,False,False,,,False,False,C
skew_20,5,volatility,False,-1.0,9.626238487900706e-05,0.03452248824315474,0.9724605100096801,9.626238487900706e-05,0.03452248824315474,-0.835208177896605,-0.0018996894469579728,0.9815037686443145,1.0,False,False,,-0.016155295088227523,-0.0896219696535604,-0.13859975269711564,-0.11680866176284417,-0.06332062718079655,0.48589070479717505,0.0,0.005853687959355377,84.57043879907621,False,False,,,False,False,C
skew_20,20,volatility,False,-1.0,0.0029314590100387185,0.6408306316145649,0.521632728972724,0.0029314590100387185,0.6408306316145649,-0.4418920772495705,-0.0015751376780676035,0.858236352452333,1.0,False,False,,-0.02190141973757104,-0.05575883279080509,-0.07833044149296112,-0.08294298762552203,-0.03128414680077894,0.8956987580220648,0.0,0.00959663991120026,84.57476635514018,False,False,,,False,False,C
amt_ratio_5_20,1,volume,False,1.0,0.0005668530649727933,0.5252315595367598,0.5994222282837134,0.0005668530649727933,0.5252315595367598,0.6679921530877951,0.0007264350868229562,0.863972452772331,1.0,True,False,1.0,0.0061228705334759334,-0.14734975277567178,-0.24966483498177028,-0.16991580275980925,-0.12028787015361277,0.20300611548829062,0.0,0.002196334405349752,90.86646201074444,False,False,,,False,False,C
amt_ratio_5_20,5,volume,False,-1.0,-0.00045614646888015556,-0.24841162540165396,0.8038159396637385,-0.00045614646888015556,-0.24841162540165396,-0.5903999721968616,-0.0010561988106798088,0.9606784153854847,1.0,True,False,0.0,-0.009455265376549102,-0.10991563522834207,-0.1768892151295373,-0.13244470941336733,-0.08908341644004049,0.664420435527731,0.0,0.006787018568683028,90.8598922247883,False,False,,,False,False,C
amt_ratio_5_20,20,volume,False,-1.0,0.001344299293291768,0.5485006214465499,0.5833482026716595,0.001344299293291768,0.5485006214465499,-0.4835533707462015,-0.0012599301414300715,0.863972452772331,1.0,False,False,0.0,-0.00026188598256033903,-0.036518087040128114,-0.060688887745173295,-0.05122357614786055,-0.024509342076570774,0.9591587581367136,0.0,0.0106029133283391,90.83411214953271,False,False,,,False,False,C
amt_ratio_20_60,1,volume,False,-1.0,0.0008022240595328087,0.7921355910418252,0.4282816194584248,0.0008022240595328087,0.7921355910418252,-0.5576249221713289,-0.0006096856147555194,0.8057501654217822,1.0,False,False,1.0,-0.01614035935178344,-0.07459900910275107,-0.11357144227006283,-0.10297558288666793,-0.04800889736421729,0.07732625628434871,0.0,0.0020098772696172927,90.89178818112049,False,False,,,False,False,C
amt_ratio_20_60,5,volume,False,-1.0,0.0003817346302378479,0.21959578482448902,0.8261859745102775,0.0003817346302378479,0.21959578482448902,-1.0041390887031167,-0.0019406396245197908,0.9606784153854847,1.0,False,False,0.0,-0.016050716771577885,-0.06603236968518353,-0.0993534716275873,-0.0918450793770504,-0.04254594587209068,0.3305664875238469,0.0,0.00697523118817664,90.88529638183218,False,False,,,False,False,C
amt_ratio_20_60,20,volume,False,-1.0,0.0005030346179775615,0.13832558030886413,0.8899831096736278,0.0005030346179775615,0.13832558030886413,-0.6092155052922577,-0.0021573195938568565,0.975556025684283,1.0,False,False,1.0,-0.008619118921840403,-0.040923111860668646,-0.062459107153220804,-0.06515093840163239,-0.01667264863942806,0.854602987799689,0.0,0.010276338787650765,90.86059190031153,False,False,,,False,False,C
pv_corr_20,1,volume,False,-1.0,4.150395111568774e-05,0.034270570584656206,0.9726613923502216,4.150395111568774e-05,0.034270570584656206,-2.005857154842518,-0.0023106571380627854,0.9815037686443145,1.0,False,False,,-0.02692188346115995,-0.17655430722163373,-0.2763092563952829,-0.20959252314473012,-0.15153394284811822,0.19792648645565314,0.0,0.001802699811219117,90.90406753645433,False,False,,,False,False,C
pv_corr_20,5,volume,False,-1.0,-0.0003125963255649008,-0.15567793693643892,0.8762868888862163,-0.0003125963255649008,-0.15567793693643892,-1.67306565906118,-0.0033192137777870107,0.975556025684283,1.0,True,False,,-0.02356316878053457,-0.09757158067189037,-0.14691052193279425,-0.12419216371749882,-0.07613061396703807,0.48947362362007807,0.0,0.0061690903758433715,90.89761354888375,False,False,,,False,False,C
pv_corr_20,20,volume,False,-1.0,-0.0022687860790133766,-0.6232989971579844,0.5330880566895237,-0.0022687860790133766,-0.6232989971579844,-1.5980051147342826,-0.005345839034186606,0.858236352452333,1.0,True,False,,0.002011689295233958,-0.032005292655056895,-0.05468328062191746,-0.054457646825186376,-0.015597544838359113,0.8999201574151018,0.0,0.010012262372439292,90.87305295950156,False,False,,,False,False,C
obv_chg_20,1,volume,False,-1.0,-0.0015734620091065509,-1.1440036684169939,0.25262211564827597,-0.0015734620091065509,-1.1440036684169939,-1.4965163257325906,-0.0019362967291240067,0.6396223035991192,1.0,True,False,,-0.01757792976664407,-0.20668106037679057,-0.3327498141168883,-0.23302327472318154,-0.1763822062157311,0.2501364161509875,0.0,0.001870516754818347,92.38910207214121,False,False,,,False,False,C
obv_chg_20,5,volume,False,-1.0,-0.0012239964298483717,-0.5444470578525009,0.5861338707593182,-0.0012239964298483717,-0.5444470578525009,-2.2464265557380894,-0.004784874714820406,0.863972452772331,1.0,True,False,,-0.0016657460719501694,-0.07962548960154965,-0.13159865195461598,-0.09879642455371941,-0.05589515807659291,0.515606769375658,0.0,0.0063472077217500795,92.38183217859893,False,False,,,False,False,C
obv_chg_20,20,volume,False,-1.0,-0.006483942740591108,-1.8080055003546338,0.07060564452185973,-0.006483942740591108,-1.8080055003546338,-2.3099384321721645,-0.008430340722846649,0.3732012639012586,0.985014985014985,True,False,,0.013752489430067877,-0.020184378849213182,-0.04280895770206723,-0.04148182862452236,0.0017048606920824921,0.8978007481291287,0.0,0.010355830469641638,92.35358255451713,False,False,,,False,False,C
log_amount_20,1,volume,False,-1.0,0.0010718572449524915,0.9323761445378203,0.3511421687913623,0.0010718572449524915,0.9323761445378203,-1.4032715581031245,-0.0016285358423428534,0.7354109572800229,1.0,False,False,,-0.004950133487541779,-0.021788573881417857,-0.03301420081066855,-0.047329701485510633,0.0024286234493804924,0.022273069304068867,0.0,0.0018153286017963545,91.28242517267843,False,False,,,False,True,C
log_amount_20,5,volume,False,-1.0,0.001799448157965248,0.8662171449204428,0.38637109297568184,0.001799448157965248,0.8662171449204428,-1.2666316397138997,-0.00252472684421787,0.7552513380058545,1.0,False,False,,0.0013924130878410596,-0.012407376778757537,-0.02160723668982326,-0.039272864305997926,0.010487704198733384,0.09126845149866795,0.0,0.00665020957242144,91.27559661277905,False,False,,,False,True,C
log_amount_20,20,volume,False,-1.0,0.002462915673141875,0.5880233641829591,0.5565166105042503,0.002462915673141875,0.5880233641829591,-1.4576559670156228,-0.005086392415286706,0.858236352452333,1.0,False,False,,0.005528553367106741,-0.00393388545221394,-0.010242177998427726,-0.024739158292562506,0.017407400722532152,0.2503290692941979,0.0,0.011139761765322116,91.25311526479751,False,False,,,False,True,C
amihud_20,1,volume,False,1.0,-0.0004515227030461977,-0.30182341599788115,0.7627866794516521,-0.0004515227030461977,-0.30182341599788115,0.9755413988177791,0.001507718973867832,0.9410732401117996,1.0,False,False,,0.004556738923818324,-0.01593044202556273,-0.02958856265848341,-0.047032900158642886,0.015485776233541746,0.027099445700239467,1.61570471840827e-05,0.0018490640437966663,91.28242517267843,False,False,,,False,False,C
amihud_20,5,volume,False,1.0,-0.0006136232163536947,-0.22976144820357786,0.8182771431835955,-0.0006136232163536947,-0.22976144820357786,0.8810722151854625,0.0023140731574854746,0.9606784153854847,1.0,False,False,,0.012012196182073182,-0.002143942417403243,-0.01158136815038752,-0.03490925237865396,0.027229291383446985,0.09362525528754245,1.6206799446389344e-05,0.006530265853646354,91.27559661277905,False,False,,,False,False,C
amihud_20,20,volume,False,1.0,-0.00101826215048465,-0.19221624551828623,0.8475728210906205,-0.00101826215048465,-0.19221624551828623,1.064500529881299,0.005209231624300529,0.9749283227052734,1.0,False,False,,0.01543922844101973,0.005679471715800931,-0.000827032767678279,-0.02239211292333523,0.03259672402298194,0.25819462236028595,1.6396131215622864e-05,0.01069007650151199,91.25311526479751,False,False,,,False,False,C
vol_chg_1,1,volume,False,1.0,-6.929502476261644e-05,-0.06508175905078914,0.9481089038069358,-6.929502476261644e-05,-0.06508175905078914,0.3778014121770519,0.00039144084954469556,0.9815037686443145,1.0,False,False,,-0.020627782900447603,-0.731905305253227,-1.2060903201550799,-0.7554134491861443,-0.7087934090798418,0.9408432835354223,1.598874440077901e-05,0.002037538489268225,92.21565617805065,False,False,,,False,False,C
vol_chg_1,5,volume,False,1.0,0.0008155717817480189,0.9236182461142717,0.3556851105951405,0.0008155717817480189,0.9236182461142717,0.48216246048601236,0.0004042597888612265,0.7360261966270953,1.0,True,False,,0.008563321842460218,-0.12833314259634163,-0.2195974522222095,-0.13967707815689792,-0.11706160773966352,0.9053998970820226,1.6037978409711356e-05,0.006731710796767101,92.21016166281755,False,False,,,False,False,C
vol_chg_1,20,volume,False,-1.0,0.00063748913532926,0.8525183958948902,0.3939264332703807,0.00063748913532926,0.8525183958948902,-0.353453253529924,-0.00025358493399326484,0.7552513380058545,1.0,False,False,,0.008648722929258576,-0.02542938355012996,-0.048148121203055644,-0.029868016805169657,-0.020290084057163562,0.9015372084494321,8.465393629168795e-06,0.00982892007938357,92.18146417445483,False,False,,,False,False,C
abnormal_amt_1,1,volume,False,1.0,0.0006220952462568731,0.5886099589823481,0.5561229516501667,0.0006220952462568731,0.5886099589823481,0.8510101731991488,0.0008515710935487776,0.858236352452333,1.0,True,False,,-0.0003815760854122513,-0.3472340819728727,-0.5784690858978463,-0.3732798161236033,-0.3231304271248374,0.45879961096224925,0.0,0.0021325521562777384,91.2056792018419,False,False,,,False,False,C
abnormal_amt_1,5,volume,False,-1.0,0.00043451564596733616,0.25514646686641523,0.7986099761201402,0.00043451564596733616,0.25514646686641523,-0.15648995705513935,-0.0002592255872440709,0.9606784153854847,1.0,False,False,,0.0036328393780015143,-0.10243553726709329,-0.17314778836382316,-0.12422956366799878,-0.08278082458952771,0.7015104275469233,0.0,0.006526312764283783,91.1986143187067,False,False,,,False,False,C
abnormal_amt_1,20,volume,False,-1.0,0.0015872637337916698,0.6722400622570136,0.5014308803675338,0.0015872637337916698,0.6722400622570136,-0.7529375599292331,-0.0018493342586508226,0.858236352452333,1.0,False,False,,0.003155834666873812,-0.03319599351094259,-0.05743054562948687,-0.04629822979046896,-0.021668844697313568,0.961688576132709,0.0,0.01037783096210793,91.17679127725857,False,False,,,False,False,C
streak,1,ashare,False,1.0,-0.002760300349401221,-2.005415507156636,0.04491864526159625,-0.002760300349401221,-2.005415507156636,0.2584739976766678,0.00034671187558831375,0.28491254994498194,0.945054945054945,False,False,,-0.05723299977009645,-0.3691997423243114,-0.5771775706937881,-0.41570035191193383,-0.3264730422819257,0.41265442136800917,9.200540431993152e-05,0.0018723046886702501,76.40982348426708,False,False,,,False,False,C
streak,5,ashare,False,-1.0,-0.002710178535157344,-1.5128384026233672,0.13032071146143145,-0.002710178535157344,-1.5128384026233672,-1.064690584676642,-0.0018636719299379286,0.5260217808079597,1.0,True,False,,0.014992674515271434,-0.12149085248253708,-0.2124798704810761,-0.1525131105623929,-0.08547577729132447,0.9026688293505853,0.0,0.006895474563664639,77.67513471901462,False,False,,,False,False,C
streak,20,ashare,False,-1.0,-0.0022517613920370484,-1.0956917177104277,0.2732137084327019,-0.0022517613920370484,-1.0956917177104277,-1.2499700643521992,-0.0022134918108903372,0.6661867550759889,1.0,True,False,,0.0046320750626627815,-0.02979987655982111,-0.052754510974810376,-0.05599999213297968,-0.0030159904308813567,0.9108981910710022,0.0,0.009805175237505584,77.7601246105919,False,False,,,False,False,C
gap_1,1,ashare,False,-1.0,5.4955436471412654e-05,0.036450348802684135,0.9709232682899533,5.4955436471412654e-05,0.036450348802684135,-0.5601130734945236,-0.0008470365096257638,0.9815037686443145,1.0,False,False,,0.004899574599981646,-0.6341104621973332,-1.0601171533955434,-0.6636129315713507,-0.6040803098411914,0.8452513714250197,0.0,0.0019143848627782838,92.38756715272449,False,False,,,False,False,C
gap_1,5,ashare,False,-1.0,-3.571722353037857e-05,-0.021976602835540513,0.9824666192626007,-3.571722353037857e-05,-0.021976602835540513,-1.1785684993770766,-0.0017456163948974524,0.9869121695760061,1.0,True,False,,0.026001653331481876,-0.1027286770385027,-0.18854889728515914,-0.12113286496279196,-0.08510734088335097,0.8513910738755593,0.0,0.006698543995940016,92.38029253271748,False,False,,,False,False,C
gap_1,20,ashare,False,-1.0,-0.00035801280966511355,-0.23169563892104042,0.8167744188630316,-0.00035801280966511355,-0.23169563892104042,-0.8599302249915523,-0.001251433914157783,0.9606784153854847,1.0,True,False,,0.023747958641081902,-0.008530324076986076,-0.03004917922236472,-0.01910010125185974,0.000854183482526545,0.8539228232293115,0.0,0.010301232702792202,92.35280373831776,False,False,,,False,False,C
upper_shadow_5,1,ashare,False,1.0,-0.0010038831203231264,-0.9392520200975643,0.3476013663002996,-0.0010038831203231264,-0.9392520200975643,1.190597620974697,0.001213446601866617,0.7349286030349191,1.0,False,False,,0.033410600787618504,-0.15909612843666224,-0.28743394791951615,-0.19537415681963854,-0.13065948457428875,0.25463853071994813,1.6420477099219197e-05,0.0021001877483332147,91.66462010744436,False,False,,,False,False,C
upper_shadow_5,5,ashare,False,1.0,-0.00261388248887961,-1.4802914429763927,0.1387954858751903,-0.00261388248887961,-1.4802914429763927,0.48907183400291204,0.0008632170796602204,0.5312516873153835,1.0,False,False,,0.04852210720514606,-0.042176739063177426,-0.1026426365753931,-0.07726371893737344,-0.016005546442687226,0.5998600943672189,1.647104053909362e-05,0.006851755925744565,91.6581986143187,False,False,,,False,False,C
upper_shadow_5,20,ashare,False,-1.0,-0.0050262847591599855,-1.7548517176653116,0.07928467463816459,-0.0050262847591599855,-1.7548517176653116,-0.5858540484879029,-0.0015919184563327098,0.3912052291922029,0.989010989010989,True,False,,-0.01923929912831159,-0.04588719247352831,-0.0636524547036728,-0.05765014513442289,-0.03089814395003717,0.7049707234184318,0.0,0.010087780680542236,91.63084112149532,False,False,,,False,False,C
lower_shadow_5,1,ashare,False,1.0,-0.0006873755532493866,-0.69462294578972,0.4872916284851486,-0.0006873755532493866,-0.69462294578972,0.49969717043165096,0.0004800853868826517,0.858236352452333,1.0,False,False,,0.0700459224397635,-0.12284426070153573,-0.25143771612906857,-0.1544454240851064,-0.09416061269132685,0.2551457448958985,1.6072895792430855e-05,0.002096041257215159,91.66462010744436,False,False,,,False,False,C
lower_shadow_5,5,ashare,False,1.0,-0.0009978175555392188,-0.5647910395764472,0.5722159024114086,-0.0009978175555392188,-0.5647910395764472,1.2200666690816537,0.002008738904408694,0.863972452772331,1.0,False,False,,0.048693146878270706,-0.04149206667577243,-0.10161554237846789,-0.0677526639622544,-0.0181768237822826,0.5964630526061054,1.6122388928050348e-05,0.006786792034324864,91.6581986143187,False,False,,,False,False,C
lower_shadow_5,20,ashare,False,1.0,-0.00472764445815898,-1.9900486901684205,0.04658557215820045,-0.00472764445815898,-1.9900486901684205,0.19266157326563316,0.0005037701205086602,0.28727769497556943,0.9470529470529471,False,False,,0.04605859536376701,0.02209807107541795,0.00612438821651857,-0.0015334035191758135,0.04408663255997673,0.6338763039245784,1.6310734593097666e-05,0.010088158616900583,91.63084112149532,False,False,,,False,False,C
limit_up_20,1,ashare,False,-1.0,0.0026105397941254462,1.3411046187654092,0.1798864879267219,0.0026105397941254462,1.3411046187654092,-0.7008125757058168,-0.001339276711553928,0.5631513965286822,1.0,False,False,,-0.02302586358880076,-0.028290714050266393,-0.03180061435791015,-0.06434458451682554,-0.006213565193306775,0.0069640879119915785,0.0,0.00196764891783486,831.7091327705295,False,False,,,False,False,C
limit_up_20,5,ashare,False,-1.0,0.005173059145130568,1.6132719489097778,0.10668543803389688,0.005173059145130568,1.6132719489097778,-1.050846566049762,-0.003476285072510021,0.4554647546831751,0.997002997002997,False,False,,-0.02075416241442005,-0.025600307689269786,-0.02883107120583629,-0.056326867695526986,-0.005700356689531843,0.03205122536276284,0.0,0.006728451649459069,831.8383371824481,False,False,,,False,False,C
limit_up_20,20,ashare,False,1.0,0.007485036868390785,1.4827494085036996,0.13814100207897326,0.007485036868390785,1.4827494085036996,0.04722257726627219,0.000320647685995013,0.5312516873153835,1.0,True,False,,0.07986869988772949,0.04939570626649936,0.02908037718567928,0.01566872612965231,0.08997299283598875,0.8061638524134954,4.3638920951112407e-05,0.009885803442753015,61.3006230529595,False,True,,,False,False,C
limit_down_20,1,ashare,False,1.0,-0.0008387894498082739,-0.5505643818037,0.5819323311283436,-0.0008387894498082739,-0.5505643818037,0.08799537984039632,0.00015160506294588014,0.863972452772331,1.0,False,False,,0.03591141393723871,8.601188597254645e-05,-0.023797589481538227,-0.054133249145438114,0.05580850084211585,0.04738809795141026,5.305982863134544e-05,0.001743634179569009,46.77666922486569,False,False,,,False,False,C
limit_down_20,5,ashare,False,1.0,-0.00123328984183936,-0.4615976335048836,0.6443698919579322,-0.00123328984183936,-0.4615976335048836,0.1536231471771898,0.0004546651602738012,0.8885100373581425,1.0,False,False,,0.05043126545969775,0.015760990607189,-0.0073525259611501815,-0.040922071530624056,0.07223272921397486,0.22930075960653942,5.322321532459054e-05,0.0060468187012219995,46.692070823710544,False,False,,,False,False,C
limit_down_20,20,ashare,False,-1.0,-0.0038855303117405955,-1.0386778999790358,0.2989545627110496,-0.0038855303117405955,-1.0386778999790358,-0.28143225213942175,-0.0016130131635877353,0.673593135820444,1.0,True,False,,-0.0028235460011443968,-0.005234533374474446,-0.006841858290027811,-0.008131134370549808,-0.002471294747513677,0.06378273474418114,0.0,0.010099791101781315,870.4026479750779,False,False,,,False,False,C
close_pos_1,1,ashare,False,1.0,0.0009757976620034883,0.7525807498605893,0.45170188897686403,0.0009757976620034883,0.7525807498605893,0.1491923113228261,0.00020682841173965072,0.8311303214671587,1.0,True,False,,-0.008805451060495509,-0.6864171181779697,-1.138158229589619,-0.7171604081075326,-0.6532197594060799,0.8963117289913679,7.994372200389506e-06,0.0019567075370598643,93.7966231772832,False,False,,,False,False,C
close_pos_1,5,ashare,False,-1.0,0.0007870687019284972,0.5192294243750194,0.60360076233051,0.0007870687019284972,0.5192294243750194,-1.8368903823859293,-0.002577151172984342,0.863972452772331,1.0,False,False,,-0.011231325014580174,-0.14712758283719835,-0.23772508805227713,-0.16494027690303198,-0.13025748044678204,0.898784773959115,8.367640815898949e-06,0.00693253695060018,92.67590454195535,False,False,,,False,False,C
close_pos_1,20,ashare,False,-1.0,-0.0012496058566206856,-0.8583376418195349,0.3907060499106658,-0.0012496058566206856,-0.8583376418195349,-1.5029774620129013,-0.0017918190517615435,0.7552513380058545,1.0,True,False,,0.0005579854291197343,-0.03346756773239886,-0.05615126984007792,-0.04249155943364895,-0.025799986818040677,0.9001469090348835,8.465393629168795e-06,0.010159300341389819,92.65109034267913,False,False,,,False,False,C
intraday_ret_1,1,ashare,False,-1.0,0.0010900622080880734,0.5877593236243567,0.5566938502393511,0.0010900622080880734,0.5877593236243567,-0.4114088038131014,-0.0007759474499419581,0.858236352452333,1.0,False,False,,-0.0009868790108745272,-0.6486197469474941,-1.080374992238574,-0.6820381067287862,-0.6218000099728029,0.8566572327203963,8.341953507177846e-06,0.0021391648996452687,92.38910207214121,False,False,,,False,False,C
intraday_ret_1,5,ashare,False,-1.0,0.0013189893902993792,0.6213566988725955,0.5343649557516033,0.0013189893902993792,0.6213566988725955,-1.7778810320396343,-0.003318534405733211,0.858236352452333,1.0,False,False,,0.006080292816869538,-0.12384520132815602,-0.21046219742483968,-0.14550902011307737,-0.10543279526987326,0.8592955961972589,8.367640815898949e-06,0.006729441799590503,92.38183217859893,False,False,,,False,False,C
intraday_ret_1,20,ashare,False,-1.0,-0.0003610015183693579,-0.17975865829927437,0.857342040743265,-0.0003610015183693579,-0.17975865829927437,-1.8252249558284586,-0.0030484925222118396,0.975556025684283,1.0,True,False,,0.02230224083420674,-0.010377732320245622,-0.032164381089880525,-0.02151379962917052,-0.0009007647669994718,0.8645495543505916,8.465393629168795e-06,0.009925055150755004,92.35358255451713,False,False,,,False,False,C
overnight_ret_5,1,ashare,False,-1.0,-0.00017157115472412484,-0.09895441408629468,0.9211744646771285,-0.00017157115472412484,-0.09895441408629468,-1.0841944258855383,-0.001777075658010604,0.975556025684283,1.0,True,False,,0.023012726379936024,-0.2780651426315177,-0.478783721972487,-0.31385054589664235,-0.24390800160060305,0.3982511494860499,8.07852359204135e-06,0.001872131056334546,91.66462010744436,False,False,,,False,False,C
overnight_ret_5,5,ashare,False,-1.0,0.00025706172318184394,0.09789522895320829,0.9220154885344888,0.00025706172318184394,0.09789522895320829,-0.7656702036330191,-0.001982397437818664,0.975556025684283,1.0,False,False,,0.02111738644839187,-0.10689645328154714,-0.19223901310150643,-0.13516873372697033,-0.07953445601881799,0.8466523791662631,8.103399723194672e-06,0.00656051183616982,91.6581986143187,False,False,,,False,False,C
overnight_ret_5,20,ashare,False,-1.0,-0.00015063142592931127,-0.05275849031303086,0.9579243353424954,-0.00015063142592931127,-0.05275849031303086,-0.8021618392956091,-0.0023323988189889663,0.9815037686443145,1.0,True,False,,0.023366611996046394,-0.00891035667473625,-0.03042833578859134,-0.0233070583718127,0.007339393522956659,0.8538880600736148,8.198065607811432e-06,0.009640181419726845,91.63084112149532,False,False,,,False,False,C
ev_macd_golden,1,events,True,-1.0,-9.988391865038061e-05,-0.6960323795093214,0.48640855218166834,-0.0005031791712348747,-0.5047498175686033,-0.7276222060074474,-0.0001305527117570667,0.858236352452333,1.0,True,False,,0.026710004556197302,-0.7176860046533192,-1.213950010792997,-0.8065615731160316,-0.6087008281523368,1.0,0.0,0.0014102017889503428,37.10678098207327,True,False,,,False,False,C
ev_macd_golden,5,events,True,1.0,-7.439221743344401e-05,-0.16943168412427756,0.8654571034343737,-0.00035665344091553164,-0.3193173033148375,0.5543283061542084,0.00046897104781883336,0.975556025684283,1.0,False,False,,0.028889142136985485,-0.1166521138053526,-0.2136796177669113,-0.164627039049314,-0.07324543445020135,0.9776264291148897,0.0,0.006634257881275208,37.09538702111024,False,False,,,False,False,C
ev_macd_golden,20,events,True,-1.0,-0.00035623402209669544,-0.37092836682538194,0.7106908862855195,-0.0009626891163351261,-0.8192647817699754,-0.1609742894175059,-0.0010885544462309737,0.9255724455646243,1.0,True,False,,0.008268108786318255,-0.02754101331443274,-0.05141376138160005,-0.05505738338725265,0.0006726365266710411,0.9615599635561465,0.0,0.010301390822181707,36.99525691699605,True,False,,,False,False,C
ev_macd_dead,1,events,True,-1.0,0.0002489514134576725,1.69160256267018,0.09072177755447039,0.0012442821952973304,1.1896776285607513,-0.5304725826090696,3.472990015676362e-05,0.4285156301509027,0.995004995004995,False,False,,0.09501440750865393,-0.64764100308229,-1.1427446101429195,-0.7445183653270392,-0.5565436875137192,1.0,0.0,0.0022333580229314974,36.96171875,True,False,,,False,False,C
ev_macd_dead,5,events,True,-1.0,0.0002541384318367765,0.6433193734716246,0.5200168878409517,0.0008419318255989786,0.773044035011238,-0.23651378064484685,-0.0006436659131690064,0.858236352452333,1.0,False,False,,0.011477455176488356,-0.1333371581245003,-0.22988023365849272,-0.17312211067240907,-0.0942116186763504,0.9750324606802022,0.0,0.00738904093790706,36.96394984326019,True,False,,,False,False,C
ev_macd_dead,20,events,True,1.0,-0.00047537848366754253,-0.5170235250269292,0.6051397368073961,1.850336251329316e-05,0.016343966553724068,1.0332326754732306,8.66670724924213e-05,0.863972452772331,1.0,False,False,,-0.002301835239700055,-0.037980358188955024,-0.061766040155125004,-0.06490891774402117,-0.00974144468385457,0.9610920925872086,0.0,0.009959614469354394,36.75495638382236,False,False,,,False,False,C
ev_kdj_golden_low,1,events,True,1.0,0.0004473416648938046,2.407851523250759,0.01604670564924474,0.0019909575519452528,1.8953549759036756,1.4313898628469948,0.0014739389140871295,0.20455614298762623,0.7052947052947053,True,False,,0.12755009494503808,-0.5831943409720763,-1.0570239649168196,-0.6975979314069338,-0.46467380420293336,1.0,0.0,0.0013404755070045287,27.805714285714284,False,False,,,False,False,C
ev_kdj_golden_low,5,events,True,1.0,0.000563875519351614,1.3040003669188063,0.1922334572693436,0.0003021024186932311,0.29159489161210556,0.5039284198444153,0.0013373200066182584,0.5846003769012915,1.0,True,False,,0.022142544688191414,-0.1143319460859545,-0.20531493993538502,-0.16189321629702305,-0.052286379519695336,0.9586992450454443,0.0,0.008207361812978216,27.834832379394932,False,False,,,False,False,C
ev_kdj_golden_low,20,events,True,-1.0,0.0016196602184404862,1.3451027110708567,0.17859206784805048,0.0009689128364833671,0.8752559191578212,-0.3735876323819164,0.0004160623384026395,0.5631513965286822,1.0,False,False,,0.01842981648090151,-0.01616983167779639,-0.03923626378359498,-0.04535666237751768,0.01508969331149675,0.9721171512546571,0.0,0.009685984744888331,27.937965260545905,True,False,,,False,False,C
ev_rsi6_oversold,1,events,True,-1.0,-0.0002241433446808204,-1.2246221860215,0.22071760477118518,0.000640180826311092,0.5397839510788895,-0.09357343071076095,0.0005818196166853933,0.6231236656132785,1.0,True,False,,-0.005556029729798552,-0.32111813172868037,-0.5314928663946016,-0.4482549969066388,-0.23165508386828346,0.43372047427548555,0.0,0.0014730395845388563,52.78867623604466,True,False,,,False,False,C
ev_rsi6_oversold,5,events,True,1.0,-0.00020499196894428095,-0.3351814019616889,0.7374882504939082,-0.0003581219622050412,-0.2090904182110293,0.9980234971541608,0.0021197263991086226,0.9355565234837007,1.0,False,False,,-0.007902629788854065,-0.1244673725643323,-0.2021772010813178,-0.2097634055706432,-0.02878791154361076,0.801151327329874,0.0,0.0073301699254661795,52.9496,False,False,,,False,False,C
ev_rsi6_oversold,20,events,True,1.0,0.00013541780905767704,0.08029019401836472,0.9360064570754608,0.00032051480094207497,0.15324190944824795,1.6317111399251738,0.002545469168584002,0.975556025684283,1.0,True,False,,-0.005404599213238088,-0.039524143126537334,-0.062270505735403506,-0.07891245048859166,0.012750733318660504,0.9384464234234351,0.0,0.010199496622465038,53.51174089068826,False,False,,,False,False,C
ev_rsi6_overbought,1,events,True,1.0,-1.2788201016322613e-05,-0.08125833762340225,0.9352365061373094,-0.0008497093250008636,-0.7570215811294982,0.6540803086001447,0.0003432184665296416,0.975556025684283,1.0,False,False,,-0.006596267081941849,-0.32879034086392767,-0.5435863900519182,-0.42479684705863063,-0.23013291361944127,0.4400285074270364,8.169000026682855e-06,0.0016936227803232174,60.87480190174326,False,False,,,False,False,C
ev_rsi6_overbought,5,events,True,1.0,-0.0004040487215066683,-0.7812997184420386,0.4346262356909414,-0.00135901210310605,-0.8624523475788071,0.44334088650047404,-5.742246169229767e-05,0.810815330448647,1.0,False,False,,-0.018384357973053368,-0.13658338169653522,-0.21538273084552312,-0.21227883090976793,-0.06142490986027947,0.807217573754442,8.19497458956579e-06,0.005617814869227536,60.968203497615264,False,False,,,False,False,C
ev_rsi6_overbought,20,events,True,1.0,-0.0019479391970674755,-1.3404257211021446,0.18010697816908305,-0.004198984440158261,-1.8695437426018966,0.7953002385356824,-0.00015910509404657783,0.5631513965286822,1.0,False,False,,-0.026349224925842102,-0.06057672579372751,-0.08339505970565111,-0.10618995197816014,-0.012659311820628813,0.9353567515518622,8.293868088233116e-06,0.009495017831854384,61.48431214802896,False,False,,,False,False,C
ev_break_high_20,1,events,True,1.0,-4.163220916549137e-05,-0.3056071282361475,0.759903792447834,-0.001679709634271256,-1.3547171785355887,0.447206666942821,-0.0006469451022431587,0.9410732401117996,1.0,False,False,,-0.0026985926979892667,-0.49527839298911486,-0.8236649265165319,-0.5580501429812706,-0.42622237217115805,0.6627505377529714,6.195556904588427e-06,0.0017283663926478897,80.59406713505074,False,False,,,False,False,C
ev_break_high_20,5,events,True,-1.0,-0.00024075673996236708,-0.5880674793621574,0.5564870004533538,-0.002192528489670927,-1.4244225918885327,-0.020998076319171142,-0.0021911612824664648,0.858236352452333,1.0,True,False,,-0.019199940813431342,-0.14709842235363085,-0.23236407671376388,-0.19671462392328035,-0.09912140817911877,0.8604623079095721,6.214963504132948e-06,0.006090303928629235,80.5512920908379,True,False,,,False,False,C
ev_break_high_20,20,events,True,1.0,-0.0004558154896747892,-0.479375781656235,0.6316713193581636,-0.0017212534265115503,-0.9937036974297301,0.07271215870199299,-0.0017127304571202043,0.8862677266398095,1.0,False,False,,-0.012401128477776923,-0.04653921480286727,-0.06929793901959418,-0.07706107987154295,-0.019461239827180638,0.9188678179721447,6.288833910283498e-06,0.01040303915415827,80.81378763866879,False,False,,,False,False,C
ev_break_low_20,1,events,True,-1.0,-6.1250874232901e-05,-0.4060166579776604,0.684730360814539,0.0006676943977787963,0.5809368052809502,-0.14034118025173284,5.51095372013591e-05,0.9102403598851955,1.0,True,False,,-0.027021389893611157,-0.5263010170873287,-0.8591541018831403,-0.6052652459646203,-0.4622824853110294,0.6759865607565908,0.0,0.0016828768681595796,72.71327572663,True,False,,,False,False,C
ev_break_low_20,5,events,True,1.0,0.0003865371823558297,0.9190550126877546,0.35806679835912747,0.0007079963942737794,0.47790966589472306,0.46870016556806554,0.0008496499911387714,0.7360261966270953,1.0,True,False,,-0.0013209610286244672,-0.12907735762269681,-0.21424828868541165,-0.17662533263075383,-0.07781029667499435,0.8649248834420509,0.0,0.005795078500617263,72.88967691095351,False,False,,,False,False,C
ev_break_low_20,20,events,True,1.0,0.001119926412223405,0.8613520749044149,0.3890441628514395,0.0028754434571219667,1.7452869044636985,1.927298429579181,0.0019756715833033098,0.7552513380058545,1.0,True,False,,0.020705341271431595,-0.013587327880389289,-0.03644910731493654,-0.045374165514162054,0.019272949730324472,0.9289171411470173,0.0,0.009165522653202524,73.4298245614035,False,False,,,False,False,C
ev_ma_golden_5_20,1,events,True,1.0,-8.810648802617903e-05,-0.5676437575136348,0.5702768885057825,7.605926489533497e-05,0.07122663616365504,0.2410443297609952,0.00022418256951868153,0.863972452772331,1.0,False,False,,-0.00811108431378905,-0.7461248985885396,-1.2381341081050403,-0.8363342806646731,-0.6498577905649296,1.0,0.0,0.001400859285886956,29.312106918238992,False,False,,,False,False,C
ev_ma_golden_5_20,5,events,True,-1.0,-0.0004584225197226888,-1.125370096407825,0.2604322373503183,-0.0014730578651648526,-1.363940306027328,-0.16756604757573548,-0.00042995613267689085,0.642773675546695,1.0,True,False,,-0.018459162030835898,-0.1645295626472593,-0.2619098297248749,-0.20307588338182478,-0.12255842761052711,0.9896926084527458,0.0,0.00650789871685536,29.242902208201894,True,False,,,False,False,C
ev_ma_golden_5_20,20,events,True,-1.0,-1.2754641868187087e-05,-0.016125114489529267,0.987134577653098,-0.0005549773819581151,-0.5746326874116757,-0.17601134552805878,-0.001142973651550174,0.987134577653098,1.0,True,False,,0.014469425087949803,-0.02127933925606952,-0.045111848818749065,-0.042380040878948415,0.0004840807328049332,0.9683597338827032,0.0,0.011064496192118625,29.27591706539075,True,False,,,False,False,C
ev_limit_up,1,events,True,-1.0,0.00023615986652723774,0.3117743590517017,0.7552120119437155,0.0003510165887662611,0.2881487778328234,-0.2463092293384856,0.0006556407631450325,0.9410732401117996,1.0,False,False,,0.08271643907340237,-0.5902607521961785,-1.0389122130425656,-0.8204158948506556,-0.3337220963284489,0.9821392509086369,0.00028224669201307433,0.0017723810892933815,6.083827265029636,True,False,,,False,False,C
ev_limit_up,5,events,True,-1.0,-0.00030385277020741344,-0.1809179858412002,0.8564319511500553,-0.0007014427233301905,-0.5854720229338074,-0.8739994744436368,-0.0004284712025014482,0.975556025684283,1.0,True,False,,0.04359362845216962,-0.09103308324648815,-0.1807842243789266,-0.19796682400682922,0.014067783344092167,0.9826800408207368,0.00028320589912271944,0.006696811809142009,6.069668649107902,True,False,,,False,False,C
ev_limit_up,20,events,True,1.0,0.004283279580767126,1.150763909809156,0.24982937599511534,-0.0003085542851196411,-0.24143621178441127,1.8455399383923627,-0.0024600205486654558,0.6396223035991192,1.0,True,False,,0.04206307749948613,0.008402352671630002,-0.014038130546940752,-0.0519593744739275,0.06304894111752839,0.983143636894349,0.00028661508449479,0.009424332031613393,6.027515047291487,False,False,,,False,False,C
ev_limit_down,1,events,True,1.0,0.00013873756501602152,0.13308409538172666,0.8941268733003355,-0.0007765866975648514,-0.6340187979567143,0.21070203059834638,-0.00018199628719248542,0.975556025684283,1.0,True,False,,0.06976686914959022,-0.553370936230137,-0.9687961398166217,-0.8271253576141626,-0.3051068106395401,0.9835220075898118,0.0,0.001149299856652284,3.562271062271062,False,False,,,False,False,C
ev_limit_down,5,events,True,1.0,0.000737598455617954,0.3012404685342115,0.7632311327335755,-0.0006131726583571201,-0.4841254800188706,1.7477233780748864,-0.0003480960100871777,0.9410732401117996,1.0,True,False,,0.11977923240789037,-0.004717386779105776,-0.08771513290376981,-0.14622916780718312,0.11402454720657432,0.9821708445925577,0.0,0.007363858232077953,3.553719008264463,False,False,,,False,False,C
ev_limit_down,20,events,True,1.0,0.005831710477806545,1.0655955799532095,0.2866064981411115,-0.001616164946150513,-1.358779601557992,1.872954015955667,0.0004877245949570015,0.673593135820444,1.0,True,False,,0.03889348471211719,0.00778449348923978,-0.012954833992678477,-0.05973190757769984,0.06349023192840006,0.9820800321142027,0.0,0.011605993558074517,3.5641263940520447,False,False,,,False,False,C
