指标,validation_增量t,test_增量t,判定
bias_5,,,已入选
bias_10,-1.0171262941899204,-0.5311129209306589,排除
bias_20,,,已入选
bias_60,0.8431470917181848,0.7298276506805531,排除
bias_120,1.5499151049601387,0.6034517097985761,排除
bias_250,2.9129978187958048,0.7330423189897226,边缘
ma_align,2.191364862062134,1.2653340825838575,边缘
macross_5_20,-2.192476954429704,-2.500390512635316,边缘
macross_10_60,1.0809112855596266,0.9348921513878169,排除
macross_20_120,2.257950818546845,0.9591385620514928,边缘
ret_1,-2.5843097098743835,-2.244051454376591,边缘
ret_5,,,已入选
ret_20,1.6005167952484842,0.46577274170228966,排除
ret_60,1.2871371826768885,0.3571701128892292,排除
ret_120,2.222882681137168,0.5675283304122825,边缘
ret_250,3.6451805461924027,0.8751107382071165,仍有独立信息
mom_12_1,4.266480102558777,1.3430839547297788,仍有独立信息
macd_dif_12_26,0.951602003621733,0.8339520222248994,排除
macd_dea_12_26_9,1.1510566942245286,1.0986363223733007,排除
macd_hist_12_26_9,-2.1469022550915815,-1.8168356339887202,边缘
macd_dif_6_13,0.8466227087450465,0.3017809616033679,排除
macd_dea_6_13_5,0.16348027114287278,0.09108168832263557,排除
macd_hist_6_13_5,-2.4743200588913923,-2.5788024894188895,边缘
rsi_6,5.253252199316444,3.898696053090419,仍有独立信息
rsi_14,3.0696955984824186,2.761658633121767,仍有独立信息
rsi_24,2.480387225757763,2.1278791989906005,边缘
kdj_k,2.264188315797217,2.175934977002663,边缘
kdj_d,1.2608371358361292,0.13038887370932717,排除
kdj_j,3.183270967796292,2.5964690470205305,仍有独立信息
wr_14,,,已入选
cci_14,,,已入选
boll_pos_20,,,已入选
boll_width_20,-4.130047995487251,-2.479463928783349,仍有独立信息
dist_high_20,5.4951348227438075,3.259589925126549,仍有独立信息
dist_high_60,3.121514596928878,2.2636795731047554,仍有独立信息
dist_high_250,4.017753768965773,2.2720872616861154,仍有独立信息
dist_low_20,-1.52152768273573,-1.866000229835734,排除
dist_low_60,1.4499903620591446,0.6220566440205126,排除
dist_low_250,2.0300359630951057,-0.23740836214268624,边缘
new_high_250,2.7915214669159343,-0.4812776401018015,边缘
vol_20,-5.269889536831778,-3.127596829183934,仍有独立信息
vol_60,-5.243881165221545,-3.519811628539035,仍有独立信息
atr_14,-6.113163315962204,-4.0101296426175335,仍有独立信息
amplitude_20,-4.324921119907207,-2.998548373959948,仍有独立信息
max_ret_20,-2.497806568040443,-2.5552642271543577,边缘
min_ret_20,5.824245508818665,3.67761948560335,仍有独立信息
skew_20,3.7887470448440608,1.4152948015913107,仍有独立信息
amt_ratio_5_20,-6.745998086305186,-7.076102501605687,仍有独立信息
amt_ratio_20_60,1.9103320929952696,2.0269194409813864,排除
pv_corr_20,,,已入选
obv_chg_20,,,已入选
log_amount_20,,,已入选
amihud_20,-7.632062976836242,-3.1584915734806827,仍有独立信息
vol_chg_1,-3.2925113737309544,-7.199616897310002,仍有独立信息
abnormal_amt_1,-6.926213505391528,-8.606381486402482,仍有独立信息
streak,-0.05720512727850056,-1.1927653317478817,排除
gap_1,,,已入选
upper_shadow_5,-3.9593153893339843,-3.6245589715072293,仍有独立信息
lower_shadow_5,,,已入选
limit_up_20,,,已入选
limit_down_20,-2.570493361986074,-1.4615501738109673,边缘
close_pos_1,,,已入选
intraday_ret_1,-3.0768219765879223,-2.796583169459374,仍有独立信息
overnight_ret_5,,,已入选
ev_macd_golden,,,已入选
ev_macd_dead,-2.0133008572142717,-1.8479405717038648,边缘
ev_kdj_golden_low,,,已入选
ev_rsi6_oversold,,,已入选
ev_rsi6_overbought,-1.4349402539222929,-3.793767142099528,排除
ev_break_high_20,,,已入选
ev_break_low_20,-3.855270915414805,-1.3882410388188557,仍有独立信息
ev_ma_golden_5_20,-1.2468672650603543,-1.6912749200344417,排除
ev_limit_up,,,已入选
ev_limit_down,,,已入选
