步骤,入选,增量 t值,次优
1,ev_rsi6_overbought,-21.8753682333863,ret_5(-19.7)、limit_up_20(-17.9)
2,ret_5,-18.492680104865446,bias_10(-16.4)、lower_shadow_5(-16.2)
3,lower_shadow_5,-16.34359402694609,limit_up_20(-14.9)、log_amount_20(-13.6)
4,limit_up_20,-13.229670326203403,overnight_ret_5(12.6)、log_amount_20(-12.2)
5,overnight_ret_5,11.564336509669701,log_amount_20(-10.8)、amihud_20(10.5)
6,streak,-10.763274881037312,log_amount_20(-10.4)、amihud_20(10.2)
7,log_amount_20,-10.215201973363964,amihud_20(10.0)、pv_corr_20(-9.6)
8,ev_limit_down,-9.251549666755633,pv_corr_20(-9.1)、boll_pos_20(6.2)
9,pv_corr_20,-9.055381425599453,cci_14(6.2)、ev_limit_up(-6.2)
10,boll_pos_20,8.470598743521931,cci_14(8.0)、upper_shadow_5(6.7)
11,kdj_j,-7.781948703912228,bias_10(-7.5)、bias_20(-6.8)
12,bias_20,-6.869970101115881,macross_5_20(-6.8)、ev_macd_dead(-6.0)
13,obv_chg_20,8.059186965196973,wr_14(-6.8)、ev_limit_up(-6.2)
14,wr_14,-7.039328147033075,ev_limit_up(-6.2)、ev_kdj_golden_low(-6.0)
15,ev_limit_up,-6.429181057000829,ev_kdj_golden_low(-6.1)、ev_macd_dead(-5.7)
16,ev_kdj_golden_low,-5.865627511289428,ev_macd_dead(-5.7)、gap_1(5.4)
17,ev_macd_dead,-5.767559327559356,gap_1(5.4)、macross_5_20(-5.0)
18,gap_1,5.37460710475846,macross_5_20(-4.8)、ev_macd_golden(-4.6)
19,macross_5_20,-4.655973126255328,ev_macd_golden(-4.5)、macd_dif_6_13(-4.0)
20,kdj_d,5.844720595084153,kdj_k(5.5)、ev_macd_golden(-4.7)
