因子,发现集系数,发现集 t值,validation_系数,validation_t值,test_系数,test_t值,确认
ev_rsi6_overbought,-0.04774082250565262,-8.651398393645268,-0.022698353477799124,-5.410622104773232,-0.02811836869321454,-6.128911092449781,True
ret_5,-0.05735205880686174,-23.63994282991947,-0.02360706946386871,-8.530667871413431,-0.02128150274011264,-5.688324278511368,True
lower_shadow_5,-0.025005926006876258,-18.33355146806731,-0.022427285100416656,-14.576988289129753,-0.019494408333183243,-8.566119405839762,True
limit_up_20,-0.014883786696230087,-6.534158432815883,-0.017237148785199292,-8.332954464658238,-0.01724935529298158,-6.222721204876466,True
overnight_ret_5,0.01162783232221188,10.671993038669205,0.008503859044010837,8.498578531608077,0.005387667995851741,4.1568232429771514,True
streak,-0.04030887655102942,-23.25466202778693,-0.01689432020217603,-11.051174818594511,-0.005804171077813681,-3.460022719763026,True
log_amount_20,-0.030714064450708633,-11.392717043477525,-0.02725261059521309,-7.453979511070415,-0.036995781783846764,-7.623359214656631,True
ev_limit_down,-0.1017146922291051,-8.406383987399979,-0.17116636018250075,-12.730463150001762,-0.08477235415020143,-5.7789366756885965,True
pv_corr_20,-0.02113734553851013,-15.090238794951699,-0.013682620950425736,-10.293317127614301,-0.009565293508176736,-6.504019589656936,True
boll_pos_20,0.05922366328585205,15.120299550333215,0.010077334386151382,3.1759961046675684,0.0033171053416627596,0.7586203656105038,True
kdj_j,-0.030450235009481744,-10.94535170670551,0.0030765758481571923,0.9506661595390093,0.008062358745176882,1.9620819752794574,False
bias_20,-0.02136624885800922,-3.5406425357178795,-0.03309496626379117,-6.218269799246526,-0.022826972073802996,-3.4642982422723105,True
obv_chg_20,0.010698456658126684,9.182058360539479,0.003241935141939716,2.768347686584102,0.0008136117704026447,0.49787783316589784,True
wr_14,-0.01696604585896819,-5.755219052104565,-0.006256514677109801,-1.7837829808347814,0.0005471376567463457,0.1458428895712233,False
ev_limit_up,-0.056770138924304096,-7.012240893257751,-0.13596933773315656,-20.297222072432028,-0.11063597309960939,-14.429692935038295,True
ev_kdj_golden_low,-0.040616155963261624,-5.9307836569963674,-0.023885854009964704,-5.082012119339476,-0.012100235974237976,-2.569601483320187,True
ev_macd_dead,-0.019613431554377433,-4.7159851146903415,-0.0073170698529688,-2.653521752199684,-0.002771133234801606,-1.1196681428965358,True
gap_1,0.006651030417323615,5.270837047519795,0.009145380036075935,8.198220581464,0.007044189258513156,5.100903186181956,True
macross_5_20,-0.03265321764763982,-7.074285390576558,0.011159794280537497,2.5790821461715967,0.003590316565431182,0.6677965404219824,False
kdj_d,0.014505134593873934,5.844720595084164,0.004832498870254532,1.6550207691355399,0.0049485004762898546,1.3889109143731613,False
