规则,说明,区间,交易日,年化超额(净),90%CI下限,90%CI上限,平均持股数,换手/期
I1,做多成交额最低 10%,发现集,1458,0.16649554442676254,0.11736813068875826,0.2292349746137831,221.43141289437585,0.43488181445484353
I1,做多成交额最低 10%,验证集,1215,0.1053553574479412,0.05293072227546729,0.1665905636618453,354.14074074074074,0.37527962325941955
I1,做多成交额最低 10%,测试集,886,0.12274881236675014,0.03506487224266743,0.19630964656317434,473.38257993384786,0.34859293739384145
I1,做多成交额最低 10%,样本外,0,,,,,
I2,回避 20 日内涨停,发现集,1458,0.004231741010147196,-0.025403156132106846,0.029188121595016304,1868.1913580246915,0.18817098583517133
I2,回避 20 日内涨停,验证集,1215,0.026372987366886553,0.017770678403423876,0.03476561455697515,2949.869135802469,0.15202807743432348
I2,回避 20 日内涨停,测试集,886,0.02083562940451719,0.009131112999759704,0.033114111472642815,4061.738699007718,0.12039624226426428
I2,回避 20 日内涨停,样本外,0,,,,,
I3,剔除最热 10%（候选）,发现集,1458,0.01829898971914501,0.009818232398044278,0.02765738765804377,1992.9252400548696,0.1483117845201463
I3,剔除最热 10%（候选）,验证集,1215,0.018907974036698864,0.011674789944698298,0.025101802307848177,3186.785185185185,0.11520006081434554
I3,剔除最热 10%（候选）,测试集,886,0.01320108750510732,-0.0014305201549310582,0.02563370211457886,4260.084895259096,0.10756283213144616
I3,剔除最热 10%（候选）,样本外,0,,,,,
