阶段,样本,均值(日),中位(日),P25(日),P75(日),最短(日),最长(日),离散度IQR/中位
谷底→首次超额,267,18.913857677902623,17.0,12.0,20.0,4.0,127.0,0.47058823529411764
首次超额→加速,235,86.44680851063829,35.0,8.0,91.5,1.0,869.0,2.3857142857142857
加速→相对顶部,235,149.45531914893618,83.0,30.0,185.5,0.0,1306.0,1.8734939759036144
首次超额→拥挤,262,61.80916030534351,27.0,4.25,76.0,0.0,668.0,2.6574074074074074
拥挤→相对顶部(负=顶部后才拥挤),254,208.51181102362204,116.0,41.25,287.0,-387.0,1487.0,2.1185344827586206
首次超额→相对顶部,267,261.2397003745318,158.0,80.0,350.0,7.0,1487.0,1.7088607594936709
谷底→相对顶部,267,280.15355805243445,174.0,97.5,366.5,21.0,1515.0,1.5459770114942528
相对顶部→顶部确认,267,72.74906367041199,42.0,22.0,84.5,3.0,689.0,1.4880952380952381
相对顶部→退潮底部,246,243.91056910569105,149.0,64.5,341.5,5.0,1704.0,1.8590604026845639
