行业,状态,左截断,谷底,首次超额,加速,拥挤,相对顶部,顶部确认日,退潮底部,谷底→顶部超额,顶部→底部相对跌幅,首次超额→顶部剩余超额,拥挤→顶部剩余超额
互联网服务,完成,False,2011-07-04,2011-11-02,2013-07-19,2011-11-02,2015-06-03,2015-07-06,2015-09-02,2.379386964015918,-0.3121819385502522,2.0016746220790758,2.0016746220790758
医药商业,完成,False,2012-03-28,2012-05-14,,2012-05-14,2018-06-21,2019-01-04,2020-01-13,0.6943249409649739,-0.24703507429351945,0.5606234804709134,0.5606234804709134
汽车服务,完成,False,2012-07-16,2012-08-13,2014-02-18,2013-05-29,2015-06-15,2015-07-07,2015-07-07,0.40147745545015723,-0.17693792647693507,0.33233157882005826,0.19511887671466388
通用设备,完成,False,2012-08-27,2013-03-11,,2014-01-17,2015-06-03,2015-07-07,2020-07-08,0.4082433608404332,-0.48274390783228316,0.3106034139079976,0.1320672653231325
旅游酒店,完成,False,2013-05-27,2013-08-12,2015-07-30,2013-09-16,2015-12-28,2016-07-14,2017-09-01,0.5799451430680302,-0.2340410341155469,0.4973280807739495,0.42832767495070234
交运设备,完成,False,2013-06-28,2013-07-23,2014-10-28,2014-04-03,2015-04-17,2015-06-11,2015-08-26,1.1562363273427607,-0.3325008625845214,0.9777166688525669,0.7952933888617586
装修建材,完成,False,2013-07-03,2013-10-17,2015-05-27,2015-09-24,2016-12-21,2018-08-09,2020-02-25,0.6744518611840526,-0.2425090930289947,0.5317464418351852,0.17927424935044245
物流行业,完成,False,2013-07-17,2013-08-15,2015-06-04,2013-08-15,2015-06-29,2015-12-14,2021-08-06,0.6125692979137256,-0.5924894529302001,0.5142083538337201,0.5142083538337201
房地产开发,完成,False,2014-02-24,2014-03-24,2014-04-02,2014-03-24,2015-01-05,2015-05-11,2015-06-02,0.33721654778120413,-0.18878207065476316,0.18394381120966852,0.18394381120966852
玻璃玻纤,完成,False,2014-02-24,2014-03-24,,2015-08-24,2018-02-05,2019-08-02,2020-07-10,0.8974378801449376,-0.2613613402925764,0.7697885016048727,0.45355956393430175
银行,完成,False,2014-10-13,2014-11-10,2014-12-02,2014-11-11,2015-01-05,2015-02-12,2015-06-02,0.4629138017326069,-0.4440386144661902,0.3835456786003848,0.30652815677143663
化纤行业,完成,False,2014-12-08,2015-02-03,2015-06-03,2015-09-30,2015-06-18,2015-07-07,2016-06-29,0.3604369276317987,-0.21922171905793209,0.2555041164328171,0.23594423674052023
房地产服务,完成,False,2014-12-22,2015-01-20,2015-03-27,2015-12-02,2016-03-03,2016-06-03,2016-07-12,0.48577010382125185,-0.19285732233940478,0.3633166010591411,0.02071726707134891
医疗服务,完成,False,2014-12-22,2015-01-20,2015-04-10,2015-03-04,2015-07-24,2015-09-01,2015-09-02,0.7135337892672025,-0.17017823619297434,0.5388613374033857,0.3708183493875825
珠宝首饰,完成,False,2014-12-22,2015-01-20,2015-04-13,2015-01-28,2015-10-23,2016-05-13,2022-10-25,0.6150518403779679,-0.6309583365253628,0.4902675224367081,0.4493927058640661
中药,完成,False,2014-12-29,2015-01-20,,2017-10-18,2018-07-16,2019-01-03,2021-01-27,0.6255930927404174,-0.461098013816697,0.5212952891480396,0.2818201088724195
专业服务,完成,False,2015-01-05,2015-01-30,2015-03-16,2015-02-06,2015-05-29,2015-06-16,2015-07-07,0.7319814898910046,-0.312075582890153,0.5942826962055681,0.6256493721075875
消费电子,完成,False,2015-01-05,2015-01-21,2015-05-21,2015-12-11,2017-11-13,2018-01-26,2019-01-04,1.286850128658653,-0.2783400938042384,1.0714529484249957,0.29292343853621805
医疗器械,完成,False,2015-01-05,2015-01-21,2015-02-02,2015-07-16,2015-06-17,2015-08-31,2015-09-02,0.46430924845730637,-0.21183153167300406,0.2810168089696494,0.09135325034932995
电机,完成,False,2015-01-05,2015-01-27,2015-05-28,2015-07-20,2015-12-18,2016-02-29,2016-03-09,0.6203159990775442,-0.188414490996204,0.5151686646086129,0.27736311177878137
游戏,完成,False,2015-01-05,2015-01-20,2015-03-05,,2015-05-21,2015-06-25,2015-07-07,0.3831696008893346,-0.25418849670032095,0.18897833947375786,
电池,完成,False,2015-01-05,2015-01-28,2015-05-21,2015-08-06,2016-06-27,2016-09-02,2017-02-20,1.5931944606760116,-0.2544284536615158,1.317061180484608,0.7160809111959436
家用轻工,完成,False,2015-01-05,2015-02-02,2015-04-03,2015-08-17,2016-03-22,2017-05-26,2018-02-06,0.6399291525574318,-0.3357053878630416,0.5414851018475493,0.13840672097934648
软件开发,完成,False,2015-01-05,2015-01-19,2015-01-21,2015-02-10,2015-06-03,2015-06-24,2015-09-02,0.8334796870074777,-0.3667298333371649,0.5175478511424609,0.3585121242288496
光伏设备,完成,False,2015-01-05,2015-01-28,2015-03-25,,2015-05-27,2015-09-02,2015-09-15,0.3876377230345134,-0.18190133595916103,0.3028280384057316,
光学光电子,完成,False,2015-01-05,2015-01-29,,2015-06-24,2017-11-13,2018-04-26,2019-05-20,0.5476528585415403,-0.3359079528797385,0.4703432987910636,0.33098299865279035
仪器仪表,完成,False,2015-01-05,2015-01-29,2015-04-03,,2015-06-03,2015-07-01,2015-09-02,0.5196764613508051,-0.34265948159787374,0.42172096819477534,
教育,完成,False,2015-01-07,2015-01-21,2015-02-05,,2015-03-24,2015-04-17,2015-04-20,0.4377977531648587,-0.19321468604901026,0.3318923790888988,
电子化学品,完成,False,2015-01-07,2015-01-29,2015-05-18,2015-06-04,2015-07-27,2015-08-21,2015-09-02,0.6412387283609391,-0.25863096095245863,0.5034647336011033,0.22926514757530114
生物制品,完成,False,2015-01-07,2015-02-02,2015-07-23,2016-10-12,2020-08-03,2020-09-01,2020-11-26,3.1508441101642264,-0.2808997790073454,2.9084310020346,1.9859004006534282
通信服务,完成,False,2015-01-12,2015-02-02,2015-02-16,2016-11-30,2015-10-22,2017-01-19,2022-07-05,0.461290302448339,-0.6470074627851079,0.37742470822093166,0.13198744665523665
航空机场,完成,False,2015-03-05,2015-03-13,2015-03-17,2015-03-13,2015-07-28,2015-10-15,2015-12-16,0.5886872166595338,-0.2968388235607077,0.4339538755340928,0.4339538755340928
工程建设,完成,False,2015-03-16,2015-03-23,2015-04-14,2015-03-23,2015-05-04,2015-05-21,2015-06-25,0.360873924449697,-0.28876912653403153,0.28352673871627876,0.28352673871627876
电力行业,完成,False,2015-04-10,2015-04-22,2015-05-04,2015-04-22,2015-09-02,2015-11-10,2016-07-08,0.3005926078395813,-0.30252181995158944,0.17814301364986274,0.17814301364986274
家电行业,完成,False,2015-04-15,2015-05-14,,2016-05-11,2021-01-13,2021-07-26,2022-03-29,1.265193611642578,-0.2509511192402625,1.1589154997346243,0.943086541885273
教育,完成,False,2015-04-20,2015-05-07,2015-05-13,,2015-05-21,2015-07-02,2015-07-08,0.36506391764513,-0.2821849720885613,0.14509783304383705,
农药兽药,完成,False,2015-04-28,2015-05-18,2015-06-01,2015-10-26,2018-10-12,2019-07-25,2021-01-13,0.7339153617349472,-0.27007782607666875,0.6003313540946782,0.4575587332729407
非金属材料,完成,False,2015-04-28,2015-05-12,2015-05-22,,2015-06-09,2015-07-06,2015-09-02,0.33895716155032307,-0.2368437499004311,0.21432701841596447,
汽车整车,完成,False,2015-06-02,2015-06-29,2017-10-09,2015-07-10,2018-03-16,2019-03-08,2020-03-23,0.5331832977472759,-0.2715100224811937,0.40666436306540854,0.31028731828057676
房地产开发,完成,False,2015-06-02,2015-06-15,2018-01-16,2015-12-01,2018-02-05,2018-05-21,2018-07-18,0.4934981370690108,-0.2293919738017629,0.4093311066316161,0.27223989522113157
银行,完成,False,2015-06-02,2015-06-25,2015-06-30,2015-07-06,2015-07-08,2015-07-13,2015-08-17,0.7933129737113775,-0.37841807219196866,0.6490466876710292,0.14988690330954202
石油行业,完成,False,2015-06-03,2015-06-26,2015-06-29,2015-07-06,2015-07-07,2015-07-29,2015-12-22,0.41598876489038505,-0.3417061904611678,0.24045875049551113,0.0399262202401518
酿酒行业,完成,False,2015-06-04,2015-06-17,2015-06-29,2016-05-10,2018-06-25,2018-10-29,2018-11-16,2.2707522790758294,-0.2515611349781055,2.0396854496526435,1.2770345033419748
塑料制品,完成,False,2015-07-07,2015-08-04,2015-08-06,2015-08-05,2016-06-16,2017-06-29,2018-02-06,0.6120075774934104,-0.33984573622680625,0.4628320595881541,0.4401703747946739
造纸印刷,完成,False,2015-07-07,2015-07-24,2015-07-27,2015-09-29,2018-02-07,2018-09-27,2021-01-05,0.7737261328280371,-0.37842476349492526,0.36530119134939,0.25081159853277724
环保行业,完成,False,2015-07-07,2015-07-22,2015-08-04,2016-08-29,2017-05-18,2018-01-31,2021-02-10,0.5580915038032837,-0.685803469329169,0.29437663299170524,0.2387436321268026
电子元件,完成,False,2015-07-07,2015-07-27,2015-08-04,2015-11-20,2020-02-25,2020-08-21,2021-05-13,1.4295884282942235,-0.20525332434400256,1.051153621529068,0.9187118663161409
教育,完成,False,2015-07-08,2015-08-04,2015-08-05,,2015-11-20,2016-01-08,2018-02-26,0.7696248708036437,-0.5146775391056191,0.5836614500034829,
工程咨询服务,完成,False,2015-07-08,2015-08-04,2015-08-05,2016-01-18,2017-11-02,2018-09-17,2020-02-25,0.34318829293348574,-0.39400732191611965,0.21170313307010002,0.16729073000716688
小金属,完成,False,2015-07-08,2015-07-30,2015-08-05,2016-04-21,2016-06-16,2016-12-02,2017-01-20,0.45993864278600505,-0.20252504967607354,0.30393756847990927,0.10858885366511561
美容护理,完成,False,2015-07-08,2015-08-04,2015-10-30,2015-11-03,2017-04-17,2017-07-14,2017-11-24,1.2349292413730355,-0.28524403568929857,1.0988490409986618,0.6615140075767219
能源金属,完成,False,2015-07-08,2015-07-31,2015-08-04,2015-09-18,2016-06-16,2016-08-15,2017-01-03,1.3861841355029734,-0.28634239830740016,1.0039529103353435,0.8891546446188388
化学制药,完成,False,2015-07-08,2015-08-05,,2016-07-29,2018-07-13,2018-12-21,2019-03-07,0.5298820223983236,-0.19710396158161647,0.4408690479814148,0.29656012810145205
综合行业,完成,False,2015-07-08,2015-08-05,,2015-10-22,2016-08-19,2017-11-30,2018-10-19,0.38963963826976067,-0.4239995896653307,0.31323252784813715,0.17878485677433242
通信设备,完成,False,2015-07-08,2015-07-22,2015-07-30,2015-12-30,2017-11-22,2018-02-06,2018-06-25,0.4615475010840493,-0.24975536898073603,0.17640225854945402,0.14074251894794276
贸易行业,退潮中(底部未确认),False,2015-07-09,2015-07-30,2015-08-04,2016-02-25,2016-10-11,2019-08-05,2026-05-22,0.42279403048727926,-0.5595524513275566,0.2069330291129583,0.061597811314616946
半导体,完成,False,2015-09-02,2015-10-08,2015-11-19,2015-11-25,2016-06-27,2016-09-12,2017-08-10,0.5255977123128546,-0.3143765321055575,0.3843913894990998,0.13657671968435947
医疗服务,完成,False,2015-09-02,2015-09-22,2015-10-08,2015-12-29,2021-02-10,2021-02-26,2021-03-08,3.729450963165969,-0.25104430341291717,3.07339854931908,2.799360449189615
游戏,完成,False,2015-09-02,2015-09-29,2015-10-20,2016-04-14,2016-04-14,2017-04-11,2019-07-26,0.3089363756332051,-0.480332865900185,0.15106467701282011,0.0
非金属材料,完成,False,2015-09-02,2015-09-21,2015-09-28,2015-10-14,2015-12-07,2017-04-06,2017-04-07,0.4312551097681312,-0.16914941690983976,0.24803329967225296,0.14930612474044458
电子化学品,完成,False,2015-09-02,2015-09-30,2015-10-09,2015-10-21,2015-12-01,2016-03-04,2016-03-16,0.677020356254078,-0.19446099747008228,0.49292642128228636,0.4644022547766038
互联网服务,完成,False,2015-09-02,2015-09-28,2015-10-08,2015-09-28,2015-12-30,2016-03-04,2018-02-06,0.4586952318715394,-0.3900467695004224,0.21484990880955657,0.21484990880955657
装修装饰,完成,False,2015-09-29,2015-10-30,,2016-02-23,2016-11-02,2017-04-12,2021-01-13,0.38110908335858107,-0.6401970821163245,0.2914038620313064,0.18936682948057415
有色金属,完成,False,2015-11-09,2016-01-08,2016-03-03,2016-03-02,2017-08-09,2017-11-08,2020-06-30,0.5541895110359025,-0.513271947066203,0.42242778889741106,0.3057403879423668
食品饮料,完成,False,2015-11-17,2016-05-10,2018-05-31,2016-05-10,2020-08-31,2021-02-25,2021-09-15,0.8892628233274535,-0.4028357828226955,0.6999503743508453,0.6999503743508453
银行,完成,False,2015-11-25,2016-01-05,2016-01-13,2018-01-17,2018-02-06,2018-03-09,2018-05-24,0.9432842104500561,-0.22387971759220593,0.746157271551122,0.19962795922134768
贵金属,完成,False,2015-12-03,2016-01-05,2016-01-08,2016-02-05,2016-03-07,2016-03-25,2016-04-06,0.6130415059588143,-0.18987297783069101,0.4605088886095907,0.2908383950244522
石油行业,完成,False,2015-12-22,2016-01-11,,2016-12-14,2018-10-16,2018-12-25,2021-01-05,0.7541500173081463,-0.5755436098783828,0.572950967500282,0.39300169477150915
化学原料,完成,False,2016-01-19,2016-03-03,,2016-03-03,2017-08-04,2018-10-25,2019-03-12,0.4034184409329362,-0.24427744521203465,0.31659971353617955,0.31659971353617955
电子化学品,完成,False,2016-03-16,2016-05-03,2016-06-16,2016-05-03,2016-06-27,2016-07-27,2017-07-21,0.3660075315730562,-0.3909470837620409,0.24352382570718722,0.24352382570718722
贵金属,完成,False,2016-04-06,2016-04-21,2016-06-24,2016-04-21,2016-07-11,2016-09-12,2017-06-19,0.4977247353221008,-0.29247254255907373,0.2818499801060206,0.2818499801060206
煤炭行业,完成,False,2016-06-16,2016-07-11,2017-07-17,2016-08-08,2018-02-06,2018-03-08,2018-04-16,0.9944688843606166,-0.26646603232797517,0.8309248960139985,0.6584748469956725
多元金融,完成,False,2016-06-27,2016-07-22,,2016-08-02,2017-07-24,2018-05-15,2018-10-15,0.40267285401860886,-0.293961285295415,0.3156857972701419,0.22651245513229745
水泥建材,完成,False,2016-06-28,2016-09-09,2017-02-10,2016-09-13,2017-08-10,2017-11-21,2017-11-21,0.6419861175010957,-0.1710400466221077,0.46446422706148827,0.4166643291838861
工程建设,完成,False,2016-06-28,2016-08-17,,2016-11-21,2017-07-18,2018-07-13,2018-07-17,0.3690178256775767,-0.17228416435682248,0.28746665172967334,0.19208098866993395
化纤行业,完成,False,2016-06-29,2016-09-12,2018-08-03,2016-12-19,2018-10-12,2019-08-23,2020-07-09,0.7786645631407183,-0.26934615503463855,0.6435538060069046,0.476235909644418
公用事业,完成,False,2016-06-29,2016-08-17,2017-04-13,2016-08-22,2017-05-17,2017-09-22,2021-01-25,0.32174421069990333,-0.5001065074426134,0.24790029148072645,0.22953093049274642
工程机械,完成,False,2016-07-14,2016-09-12,2020-04-13,2017-02-22,2021-02-10,2021-04-26,2022-08-24,2.4018945992031866,-0.49471059873423684,2.219480136548964,1.7623720482076748
钢铁行业,完成,False,2016-07-20,2016-08-16,2017-08-02,2016-12-07,2018-02-06,2018-03-23,2018-05-28,0.905232150716591,-0.24747447049911875,0.8000829303203598,0.5763980391159984
航运港口,完成,False,2016-11-02,2016-11-16,2017-04-11,2016-11-17,2017-04-13,2017-12-22,2020-02-25,0.3098484490783402,-0.46373535561770496,0.21423349179496665,0.19730577190099052
船舶制造,完成,False,2016-11-09,2016-12-01,2016-12-13,2016-12-13,2017-04-25,2017-05-23,2018-06-20,0.40441493454191146,-0.44819704019110085,0.30785839649399893,0.17085854119909838
航空机场,完成,False,2016-11-10,2016-12-21,2017-06-01,2016-12-21,2018-02-06,2018-03-19,2018-04-20,0.9529719019838327,-0.20908275854957714,0.8465244552660021,0.8465244552660021
能源金属,完成,False,2017-01-03,2017-02-22,2017-03-06,2017-02-23,2018-03-15,2018-06-20,2019-07-25,1.9220132191091786,-0.5251549954656229,1.6606518440240827,1.5110773139568807
小金属,完成,False,2017-01-20,2017-02-16,2017-07-07,2017-07-06,2017-08-09,2017-10-30,2019-05-07,0.48662759632804065,-0.25740056414135604,0.37954621354214635,0.2753067253183039
电池,完成,False,2017-02-20,2017-03-03,,2017-03-03,2017-09-11,2017-12-05,2018-02-06,0.37852005137323386,-0.25607753306334147,0.2491275455709423,0.2491275455709423
非金属材料,完成,False,2017-04-07,2017-05-24,2017-07-06,2017-06-26,2017-09-14,2017-10-18,2017-10-18,0.6712446941724588,-0.17696947996230683,0.5487777330368757,0.4512153413217379
电子化学品,完成,False,2017-07-21,2017-08-16,2018-03-13,2018-04-23,2018-05-07,2018-09-17,2018-10-18,0.30554487737373504,-0.2053537503695938,0.22021865736477642,0.027094567180318663
软件开发,完成,False,2017-07-26,2017-08-15,2018-03-13,2017-08-15,2020-02-24,2020-10-29,2022-07-15,0.7731878541407329,-0.44090340240421866,0.6453961586927113,0.6453961586927113
计算机设备,完成,False,2017-08-03,2017-09-04,,2017-09-28,2020-02-24,2020-11-30,2022-08-29,0.5722158819880383,-0.3984024408155121,0.4604931704138553,0.48643301806551964
医疗器械,完成,False,2017-08-04,2017-09-08,,2017-09-08,2018-07-13,2018-12-14,2019-04-18,0.3224578636290856,-0.23936932367156694,0.2459306029207855,0.2459306029207855
半导体,完成,False,2017-08-10,2017-08-31,2017-09-06,2017-09-04,2017-12-14,2018-01-19,2018-02-06,0.6644897579131934,-0.2580528429585952,0.5603165871713627,0.49644860955522807
旅游酒店,完成,False,2017-09-01,2017-09-25,,2018-05-31,2018-07-18,2019-03-05,2019-03-12,0.3458726941898129,-0.20229102690501644,0.2744922599272426,0.08248462152566582
贵金属,完成,False,2017-11-13,2017-11-27,,2017-12-28,2018-02-06,2018-03-12,2018-05-22,0.31717646539204547,-0.18031017149303807,0.20930809730252453,0.13033151719490244
水泥建材,完成,False,2017-11-21,2017-11-29,2018-07-30,2017-11-29,2020-05-11,2020-07-07,2021-07-30,0.6186524764718189,-0.406216873470447,0.43662964108948876,0.43662964108948876
互联网服务,完成,False,2018-02-06,2018-03-08,2019-03-06,2018-03-09,2020-02-25,2020-12-08,2022-09-29,0.4401575072420778,-0.331826114443882,0.3410864977685497,0.2990971922561727
半导体,完成,False,2018-02-06,2018-03-05,2018-03-07,2018-03-05,2018-04-20,2018-06-01,2019-01-17,0.45723346016805166,-0.23093999880575034,0.2130418850327216,0.2130418850327216
家用轻工,完成,False,2018-02-06,2018-03-09,,2018-06-01,2018-06-01,2019-03-04,2020-02-25,0.3490566220735314,-0.18580669763564817,0.2557022788866654,0.0
电池,完成,False,2018-02-06,2018-02-14,2018-03-12,2018-06-22,2020-02-12,2020-03-20,2020-04-13,0.7025133574066802,-0.20971306896515018,0.5323609901632629,0.5267134255313137
燃气,完成,False,2018-02-22,2018-03-08,2018-03-21,2018-03-08,2018-10-16,2018-11-28,2021-02-10,0.5883230705439768,-0.6356213066675989,0.33254118024824963,0.33254118024824963
航天航空,完成,False,2018-02-23,2018-03-20,2018-03-26,2018-04-04,2018-09-13,2019-04-25,2019-04-25,0.3842695340328044,-0.17134049031679055,0.2949624878971979,0.10728602902120232
教育,完成,False,2018-02-26,2018-03-09,2018-06-11,2018-06-04,2018-06-13,2018-07-30,2018-09-18,0.435359352405956,-0.21808711956415894,0.3104656016690568,0.11100823561101869
农牧饲渔,完成,False,2018-03-19,2018-03-23,,2018-03-23,2019-05-30,2019-09-26,2019-09-26,0.5067826232876014,-0.18405730920821595,0.38530561118501194,0.38530561118501194
煤炭行业,完成,False,2018-04-16,2018-05-14,2018-10-12,,2018-10-12,2019-02-25,2020-09-02,0.3472078602924431,-0.452783099191733,0.2669882624534181,
航空机场,完成,False,2018-04-20,2018-04-27,2018-06-15,2018-06-06,2018-06-19,2018-06-28,2018-08-15,0.3165066647727357,-0.28166659152142537,0.21768293115446324,0.11917488341462867
采掘行业,完成,False,2018-05-03,2018-05-17,2018-10-09,2018-05-17,2018-10-09,2018-11-16,2021-01-29,0.3051265560202845,-0.46499644368021453,0.17242652585343032,0.17242652585343032
银行,完成,False,2018-05-24,2018-06-19,2018-10-25,2018-08-24,2018-10-30,2019-03-07,2019-03-25,0.4601728390017854,-0.21938211617215864,0.2976498099104916,0.2100222242090677
钢铁行业,完成,False,2018-05-28,2018-06-13,2018-06-20,2018-07-27,2018-08-08,2018-11-28,2020-10-13,0.4098248265574518,-0.4660467160218261,0.2457993732964523,0.0847403633602326
船舶制造,完成,False,2018-06-20,2018-07-30,2019-03-25,2019-04-18,2019-08-30,2019-11-01,2020-07-01,0.6816257804809573,-0.34882230918487156,0.551879792800257,0.08641709594342895
通信设备,完成,False,2018-06-25,2018-07-19,2018-09-05,2018-08-13,2020-03-13,2020-05-29,2021-09-22,0.5221822623660308,-0.4039731959451788,0.3974856246512739,0.42859536421631916
房地产开发,完成,False,2018-07-18,2018-08-30,,2021-02-25,2019-07-22,2020-02-05,2021-11-09,0.3081296913942728,-0.46767186581231956,0.20771559434055265,0.3609315374222326
证券,完成,False,2018-07-18,2018-10-22,2018-10-30,2018-10-23,2019-03-07,2019-05-17,2020-06-17,0.5752734501298888,-0.19065372525288204,0.4054500387319817,0.3698859828940617
光伏设备,完成,False,2018-08-22,2018-11-05,2020-02-20,2018-11-05,2020-02-25,2020-04-13,2020-04-13,0.5160802669568678,-0.17191887087535362,0.35810696198155534,0.35810696198155534
教育,完成,False,2018-09-18,2018-10-10,2018-11-05,2018-11-07,2020-09-08,2020-11-23,2022-05-17,0.6362504970059881,-0.7134613871604405,0.543114907766828,0.2744636265600715
风电设备,完成,False,2018-10-11,2018-11-08,2019-01-28,2019-01-28,2019-02-01,2019-04-23,2020-07-08,0.3748819292606649,-0.24931379692706368,0.3094460035746336,0.03311259087924889
房地产服务,完成,False,2018-10-17,2018-11-08,2018-11-13,2018-11-14,2019-03-13,2019-07-11,2021-02-10,0.4283529947889426,-0.5516105734434473,0.2975066656792804,0.23183491221939567
电子化学品,完成,False,2018-10-18,2018-11-13,2018-11-15,2019-05-29,2020-03-19,2020-03-27,2020-04-13,1.1298357318584662,-0.21448877286292833,0.9837512703262656,0.8398506298636976
酿酒行业,完成,False,2018-11-16,2018-12-05,2019-01-31,2019-01-15,2019-11-15,2020-02-10,2020-03-19,0.8880587212847362,-0.23772314107051717,0.7113945234702834,0.631422869863357
消费电子,完成,False,2019-01-04,2019-02-12,2019-08-15,2019-02-12,2020-02-25,2020-03-23,2020-04-13,0.8147781671366523,-0.2001040092118913,0.6984218097967902,0.6984218097967902
半导体,完成,False,2019-01-17,2019-01-28,2019-03-08,2019-05-23,2020-02-25,2020-03-09,2020-04-13,1.2356237628397087,-0.21015598228287447,1.090471717913672,0.7673995286667312
化学制药,完成,False,2019-03-07,2019-03-27,2020-02-05,2019-04-10,2020-06-17,2021-07-26,2022-09-22,0.3509116799271945,-0.32505463583282146,0.2665533322120144,0.23357565568727656
医疗器械,完成,False,2019-04-18,2019-05-08,2020-02-03,2019-07-12,2020-08-03,2020-09-09,2021-11-02,1.038483393007294,-0.3824211861308425,0.837685464706305,0.7555918558662009
贵金属,完成,False,2019-04-18,2019-05-08,2019-06-18,2019-06-12,2019-08-13,2019-09-19,2019-11-12,0.5620449538197085,-0.3133491618717539,0.37572624498187124,0.22785098298560946
小金属,完成,False,2019-05-07,2019-05-20,2019-05-28,2019-05-21,2019-06-17,2019-07-12,2020-04-28,0.40251673164009905,-0.34016779020367083,0.22493489240779185,0.16763615119686892
光学光电子,完成,False,2019-05-20,2019-07-17,,2019-07-17,2020-02-25,2020-03-27,2022-12-30,0.4027479386226229,-0.4127401290170637,0.314079155440139,0.314079155440139
能源金属,完成,False,2019-07-25,2019-08-07,2019-11-26,2020-02-13,2020-02-17,2020-02-24,2020-04-29,0.9345568771606032,-0.3483054296427037,0.6510021377109814,0.0070708100421317255
游戏,完成,False,2019-07-26,2019-09-30,2020-02-06,2019-10-17,2020-02-07,2020-03-11,2020-05-21,0.47643261426295713,-0.18179505696973774,0.3738960877565849,0.3705572176243659
农牧饲渔,完成,False,2020-02-04,2020-02-27,2020-03-06,2020-03-26,2020-03-31,2020-07-08,2021-08-30,0.3689397544836075,-0.4167332398602356,0.2604241873170663,0.10520637382474174
美容护理,完成,False,2020-02-24,2020-03-20,2020-05-13,2020-04-23,2021-06-01,2021-07-23,2022-03-16,0.5167429546480442,-0.4259485081342588,0.4176710814883531,0.2687225993165916
旅游酒店,完成,False,2020-02-25,2020-03-16,2020-04-29,2020-05-29,2021-04-02,2021-06-17,2021-12-02,1.0982211979378782,-0.4162540303702462,0.869499686780824,0.6739258983504017
装修建材,完成,False,2020-02-25,2020-03-05,2020-08-10,2020-08-20,2021-04-09,2021-07-12,2021-12-01,0.626096828487207,-0.333619282589805,0.4846720588708242,0.1938981473759287
酿酒行业,完成,False,2020-03-19,2020-03-30,2020-04-17,2020-10-26,2021-02-10,2021-02-26,2021-03-08,1.5012410340655302,-0.23633789371874747,1.2421094934990324,0.5259207458181905
汽车整车,完成,False,2020-03-23,2020-06-11,2020-09-17,2020-09-15,2021-02-04,2021-03-24,2021-03-25,0.9263164636323962,-0.18301750953245766,0.7935324377461936,0.637488821944503
光伏设备,完成,False,2020-04-13,2020-04-29,2020-07-21,2020-04-29,2021-01-27,2021-03-04,2021-04-12,1.3500540438271713,-0.22375909655096993,1.1517177782095227,1.1517177782095227
电子化学品,完成,False,2020-04-13,2020-05-06,2020-05-14,2020-05-06,2020-06-03,2020-08-14,2021-05-11,0.37006227554503957,-0.3819260595998767,0.19888505334972084,0.19888505334972084
电池,完成,False,2020-04-13,2020-04-21,2020-10-14,2020-05-20,2021-01-07,2021-03-08,2021-03-24,1.070749939396629,-0.19027582881644411,0.9368797506562632,0.8101650844930885
小金属,完成,False,2020-04-28,2020-05-18,2020-11-24,2021-01-22,2021-08-31,2021-09-27,2022-01-20,1.108810073663863,-0.23229334938774937,0.9342988799317857,0.7071357366086275
有色金属,完成,False,2020-06-30,2020-07-09,2020-11-23,2020-11-11,2021-05-10,2021-06-15,2021-07-01,0.4527455855029596,-0.22820946064113234,0.34672452070480175,0.3186697247929966
航天航空,完成,False,2020-07-03,2020-07-09,2020-07-20,2020-07-20,2021-01-07,2021-01-29,2021-04-30,0.7089283446317596,-0.31814809409007005,0.5495141940343795,0.42582787550518186
橡胶制品,完成,False,2020-07-08,2020-08-03,2021-02-03,2020-10-15,2022-08-03,2022-10-20,2023-05-09,0.7136475350858662,-0.19859893243968085,0.6191244101703453,0.4531094474915791
风电设备,完成,False,2020-07-08,2020-07-23,2020-07-30,2020-07-27,2020-12-25,2021-04-29,2021-06-07,0.7297871644339065,-0.26308415161096865,0.5557571270096231,0.5381038064113413
化纤行业,完成,False,2020-07-09,2020-08-04,2020-11-18,2020-11-10,2021-02-22,2021-03-24,2021-06-21,0.6542293690469483,-0.25580572674255,0.5516965976521235,0.4332742499407105
化学原料,完成,False,2020-07-10,2020-07-23,2020-08-07,2020-08-19,2021-09-16,2021-09-29,2021-11-16,0.9557268167954032,-0.2990635920050859,0.8129133016553485,0.6828889187571734
化肥行业,完成,False,2020-07-10,2020-08-07,2021-02-18,2021-02-22,2021-09-22,2021-09-28,2021-11-16,1.73863168355446,-0.2648753405490921,1.585672787155266,1.0783550246947105
玻璃玻纤,完成,False,2020-07-10,2020-07-17,2020-08-04,2020-07-20,2021-09-03,2022-03-07,2025-02-21,0.945834519118864,-0.39224559369922374,0.8072061772370045,0.7481705193555441
电力行业,完成,False,2020-07-13,2020-08-19,2021-03-12,2020-08-20,2021-03-24,2021-07-01,2021-07-29,0.364842889548189,-0.17979463886880642,0.24948096865980784,0.2538221810536663
煤炭行业,完成,False,2020-09-02,2020-09-28,2021-03-10,2020-12-18,2021-05-10,2021-05-20,2021-07-08,0.4971944385380387,-0.18690120257566323,0.36753256686686075,0.24302882434778228
非金属材料,完成,False,2020-09-03,2020-11-05,2021-07-07,2021-03-18,2021-09-16,2021-10-12,2022-01-20,1.0241212344733648,-0.1942596754393089,0.9126654212856851,0.62558262969582
能源金属,完成,False,2020-09-09,2020-10-15,2020-11-05,2020-12-09,2021-01-27,2021-02-26,2021-04-12,1.6294188523620798,-0.2929250576737633,1.4834828619349576,0.7777390198120391
钢铁行业,完成,False,2020-10-13,2020-11-06,2021-03-04,2021-03-03,2021-05-10,2021-05-31,2021-06-30,0.5405025342034917,-0.18847179513260492,0.4161470720252496,0.2228011470560869
航运港口,完成,False,2020-11-04,2020-11-17,2021-03-17,2020-11-17,2021-07-07,2021-07-27,2021-11-26,0.5136596086775469,-0.3077608655050772,0.3329190916004059,0.3329190916004059
农药兽药,完成,False,2021-01-13,2021-02-02,,2021-09-14,2022-05-11,2023-03-27,2025-02-26,0.3916062862487073,-0.42675819575077456,0.26647801701298945,0.12203904739647742
包装材料,完成,False,2021-01-13,2021-02-04,2022-01-04,2021-12-02,2022-01-12,2022-04-19,2024-10-21,0.37385507811926,-0.3560460114750881,0.21971163881210098,0.12992173764856307
工程建设,完成,False,2021-01-25,2021-02-25,2021-03-15,2021-03-31,2022-05-10,2022-06-24,2022-08-09,0.556638205869697,-0.2364917392183128,0.42976563057282346,0.2998181920783247
电源设备,完成,False,2021-02-10,2021-03-11,2021-03-16,2021-03-16,2021-11-04,2022-04-07,2022-04-26,0.6292149350174208,-0.21628233362601512,0.4611141404347261,0.3824366229841327
综合行业,完成,False,2021-02-10,2021-02-24,2021-06-15,2021-06-08,2021-08-31,2021-12-02,2021-12-27,0.47548998874957027,-0.23328596850421635,0.3401134422544574,0.19663556332596044
专用设备,完成,False,2021-02-10,2021-03-08,,2021-07-20,2022-08-18,2024-02-05,2024-02-07,0.3933323452710913,-0.1943473505809341,0.27869541665604824,0.26328222370980425
医疗服务,完成,False,2021-03-08,2021-03-30,2021-05-13,2021-03-30,2021-07-01,2021-07-26,2021-09-02,0.3780939269140229,-0.3138574324685173,0.20943611970062403,0.20943611970062403
酿酒行业,完成,False,2021-03-08,2021-03-30,2021-06-04,2021-04-16,2021-06-07,2021-07-09,2021-09-15,0.3665044661344903,-0.34168160353176413,0.21703539275818629,0.18780153812482014
生物制品,完成,False,2021-03-09,2021-04-07,2021-04-27,2021-04-26,2021-05-17,2021-07-05,2022-09-26,0.3010821905475074,-0.4891643920259928,0.23461563689839715,0.1024028035929545
电池,完成,False,2021-03-24,2021-04-21,2021-06-04,2021-05-28,2021-11-29,2022-01-05,2022-04-26,0.828621338335159,-0.2927694600545562,0.6738856687547297,0.5300197685711874
半导体,完成,False,2021-03-24,2021-04-13,2021-06-17,2021-06-17,2021-07-30,2021-08-31,2022-10-11,0.5292178418335938,-0.37860236719411,0.4144262884999248,0.21374075895505174
汽车整车,完成,False,2021-03-25,2021-04-19,2021-06-23,2021-04-19,2021-11-08,2021-12-27,2022-03-08,0.456698158155884,-0.273343015348696,0.3305633512180566,0.3305633512180566
光伏设备,完成,False,2021-04-12,2021-04-23,2021-06-24,2021-06-10,2021-10-29,2021-12-20,2022-02-11,0.8209430900527457,-0.25757834545296554,0.7279326626600076,0.6257197380864838
能源金属,完成,False,2021-04-12,2021-04-22,2021-04-30,2021-04-23,2021-08-31,2021-09-27,2022-01-20,1.2722829955782258,-0.3274048103658014,1.0938352594181455,1.002953400135309
电子化学品,完成,False,2021-05-11,2021-05-31,2021-06-07,2021-07-29,2021-07-30,2021-08-30,2022-07-27,0.703243872294671,-0.28846460714337097,0.5310689153630255,0.05760893764135955
风电设备,完成,False,2021-06-07,2021-07-08,2021-07-27,2021-07-27,2021-11-04,2021-12-20,2022-05-09,1.033053304715612,-0.35090630351929464,0.9101809082987287,0.6403665288179761
采掘行业,完成,False,2021-07-20,2021-08-26,2021-09-09,2021-09-14,2022-03-03,2022-04-28,2022-07-15,0.4077515952926025,-0.1868656987782542,0.3030523488622867,0.17613932049921788
燃气,完成,False,2021-07-23,2021-08-13,2021-08-18,2021-09-28,2021-09-28,2021-10-22,2022-03-16,0.5046422629367722,-0.23378952685938925,0.3838624700820277,0.0
交运设备,退潮中(底部未确认),False,2021-07-29,2021-08-26,,2021-09-07,2024-08-02,2025-12-09,2026-06-30,0.33989944329178234,-0.36589634285094474,0.27375582526419606,0.25581476257597435
游戏,完成,False,2021-08-31,2021-09-07,2021-09-08,2021-11-05,2022-01-05,2022-02-07,2022-10-25,0.557515606065579,-0.31521863455447197,0.3954429043363703,0.14596367676768351
中药,完成,False,2021-09-02,2021-10-11,2021-12-24,2021-12-24,2022-03-31,2022-07-28,2022-08-18,0.3992746749724323,-0.22151029650877196,0.3037315627851145,0.15349088209932615
通信设备,完成,False,2021-09-22,2021-11-15,2023-06-13,2023-02-28,2023-06-20,2023-09-19,2023-11-02,0.5855776973216715,-0.20144486035606157,0.4606091471250102,0.3776330536990904
汽车零部件,完成,False,2021-09-30,2021-11-01,,2021-11-12,2022-07-29,2023-03-13,2023-04-21,0.3790256812437902,-0.22746902895676924,0.2995684828709573,0.2036729332952889
文化传媒,完成,False,2021-10-27,2021-11-15,2021-12-24,2021-12-14,2022-01-05,2022-04-28,2022-10-25,0.36054141825957786,-0.2702861052300094,0.20706707582059902,0.14776877700836155
工程咨询服务,完成,False,2021-11-05,2021-11-26,2022-02-16,2022-01-19,2022-05-10,2022-06-13,2023-01-17,0.41174967743454327,-0.2861054596357834,0.3030350616140516,0.18744849766586302
房地产服务,完成,False,2021-11-09,2021-12-06,2022-01-07,2022-03-23,2022-04-06,2022-05-31,2022-11-04,0.5559371973115834,-0.3361724290838054,0.46597265240414143,0.13838685679798646
房地产开发,完成,False,2021-11-09,2021-12-07,2022-04-01,2022-03-22,2022-04-08,2022-06-02,2022-08-15,0.41419762439252517,-0.2657204088083278,0.33138700738665205,0.1624334171325219
化肥行业,完成,False,2021-11-16,2021-12-10,2021-12-14,2022-02-17,2022-06-14,2022-09-28,2023-12-19,0.5167361521726146,-0.3896969596082873,0.3332877027902854,0.2313116355413518
有色金属,完成,False,2021-11-16,2021-12-06,2024-04-03,2022-03-02,2024-05-29,2024-10-30,2025-02-27,0.5247502043945735,-0.23025469296322598,0.4269756280901802,0.24700062565532344
煤炭行业,完成,False,2021-11-17,2021-12-13,2021-12-27,2021-12-16,2022-06-14,2022-07-11,2022-08-05,0.7968785261847162,-0.19312865729028272,0.6667469919854978,0.568172224824981
航运港口,完成,False,2021-11-26,2021-12-06,2021-12-20,2021-12-06,2024-06-07,2024-10-08,2025-02-26,0.8347744047890153,-0.3297856121243007,0.5874477654066139,0.5874477654066139
电力行业,完成,False,2021-11-26,2021-12-13,2021-12-24,2021-12-13,2024-07-08,2024-09-30,2025-03-06,0.5601286008444859,-0.36528394651198337,0.4518771593156663,0.4518771593156663
水泥建材,完成,False,2021-11-29,2021-12-17,2022-01-10,2022-04-07,2022-04-11,2022-06-06,2025-02-17,0.42977308438123596,-0.3742002999579931,0.29957287659174137,0.04268900325865621
铁路公路,完成,False,2021-11-29,2021-12-27,2024-07-29,2022-06-14,2024-08-05,2024-09-27,2026-06-30,1.0383471805022766,-0.5821769578716688,0.9323176347534365,0.5876371323410501
航空机场,完成,False,2021-11-30,2021-12-27,2022-01-21,,2022-04-26,2022-06-10,2022-08-10,0.4315590972302634,-0.19321781430697038,0.3503101567511062,
石油行业,完成,False,2021-11-30,2021-12-27,,2022-02-07,2022-06-14,2022-08-05,2022-08-08,0.49119505794736606,-0.17175074400697043,0.39851639059585775,0.27851076974963895
家用轻工,完成,False,2021-12-02,2022-01-04,,2022-02-10,2024-01-19,2024-02-07,2024-10-09,0.4036396249361829,-0.21816810213701876,0.3132298405666407,0.2983634827679478
贵金属,完成,False,2021-12-31,2022-01-13,2022-02-10,,2022-04-13,2022-05-12,2022-07-15,0.5391236415770375,-0.3015994319789005,0.42893752182401923,
电机,完成,False,2022-01-20,2022-02-15,2022-05-25,2022-06-17,2022-08-10,2022-12-05,2023-04-25,0.3933691782585449,-0.28238359609505315,0.23394578242613462,0.0837658264547767
汽车整车,完成,False,2022-03-08,2022-04-25,2022-05-17,2022-05-13,2022-06-28,2022-10-10,2023-04-13,0.5424491852504902,-0.3124767051260695,0.3982890726262627,0.2801145122399249
家电行业,退潮中(底部未确认),False,2022-03-29,2022-04-15,,2022-06-24,2024-09-20,2026-03-02,2026-06-25,0.5031274744323708,-0.28322989821248745,0.4119797181609812,0.3442454023738899
电子元件,完成,False,2022-04-14,2022-05-17,2025-09-18,2023-03-22,2026-06-25,2026-07-20,2026-08-03,1.8615185643782652,-0.2671335653006992,1.709753572840139,1.6271233609949731
光伏设备,完成,False,2022-04-25,2022-05-17,2022-05-24,2022-05-19,2022-08-18,2022-12-05,2023-12-13,0.46791924306609456,-0.5111497109933705,0.31009745943775924,0.227047911998826
能源金属,完成,False,2022-04-25,2022-05-12,2022-05-23,2022-07-04,2022-07-05,2022-08-17,2025-05-29,0.5037285626765167,-0.6770431167486568,0.3179020194498885,0.02038836003002875
电源设备,完成,False,2022-04-26,2022-05-25,2022-07-27,2022-07-15,2022-10-25,2023-04-04,2024-10-15,0.6542834366735868,-0.3784935210175002,0.506512845157918,0.29479857243487273
电池,完成,False,2022-04-26,2022-05-17,2022-06-06,2022-06-08,2022-07-14,2022-09-15,2024-08-19,0.30406132516588946,-0.5088660409333191,0.1732402981949821,0.11989640891925468
风电设备,完成,False,2022-05-09,2022-05-19,2022-06-02,2022-05-19,2022-07-15,2022-08-31,2025-02-24,0.4823865921506365,-0.5609738762760235,0.3125851706723113,0.3125851706723113
通信服务,退潮中(底部未确认),False,2022-07-05,2022-08-04,2023-03-13,2022-11-25,2025-02-21,2025-07-24,2026-06-29,0.624716444111689,-0.4292635138616502,0.5254801698293927,0.4063533410396216
船舶制造,完成,False,2022-07-11,2022-07-20,2022-07-27,2022-07-20,2023-06-28,2023-11-07,2023-11-17,0.7396933163081214,-0.18342541166130866,0.4906823354209746,0.4906823354209746
贵金属,完成,False,2022-07-15,2022-08-05,2024-03-28,2022-11-09,2024-07-18,2024-09-30,2024-12-20,1.3636799600271998,-0.3742709406142336,1.1565294656359892,0.8920607098805835
软件开发,完成,False,2022-07-15,2022-08-05,2022-10-28,2022-10-31,2023-06-20,2023-09-19,2024-07-18,0.5782693011385907,-0.3120630332617573,0.44314265391424756,0.21330403215852267
采掘行业,完成,False,2022-07-15,2022-07-28,2022-09-05,2022-08-25,2024-04-19,2024-07-22,2025-02-21,0.667811453780782,-0.3173853979868635,0.5713611707575652,0.4391118287653748
煤炭行业,完成,False,2022-08-05,2022-08-19,2022-08-25,2022-08-25,2022-10-10,2022-11-01,2023-06-20,0.315014975471692,-0.28984928453195924,0.20673243211943726,0.07442451997162136
石油行业,完成,False,2022-08-08,2022-08-19,2022-08-25,2022-08-23,2024-07-08,2024-09-30,2025-09-30,0.9685646056557626,-0.430252819091845,0.8363388002869439,0.7538199271105528
证券,完成,False,2022-08-09,2022-08-30,2023-07-28,2023-05-09,2024-02-07,2024-03-20,2024-04-12,0.5040308672732994,-0.1915684064420471,0.42178083193385607,0.24223451619440017
航空机场,完成,False,2022-08-10,2022-08-26,2022-09-28,2022-09-27,2022-12-23,2023-05-24,2024-01-04,0.3427950807751483,-0.2807620970884187,0.24396391627534242,0.07339962225515828
旅游酒店,完成,False,2022-08-18,2022-09-13,2022-09-19,2022-09-20,2022-12-28,2023-02-01,2025-02-26,0.5230183016618231,-0.4869911024297243,0.37442887465988006,0.26929805470269574
教育,完成,False,2022-08-18,2022-08-31,2022-11-22,2022-10-17,2023-05-11,2023-09-19,2023-09-27,0.4938982629408566,-0.18745944251194468,0.4068698731726408,0.28872632714322344
造纸印刷,完成,False,2022-08-18,2022-09-15,2022-11-18,2023-01-04,2023-08-22,2024-01-10,2024-02-07,0.8053988678487745,-0.28621182050076255,0.6849576470694196,0.29761476765253847
中药,完成,False,2022-08-18,2022-10-13,2022-10-26,2022-10-31,2022-12-13,2023-01-06,2023-02-10,0.47453437405907306,-0.21612242231625456,0.3414401125560742,0.13945554830939555
医药商业,完成,False,2022-08-18,2022-09-01,2022-11-21,2022-11-02,2022-12-19,2023-01-30,2026-06-30,0.4574992411327805,-0.5807053072211619,0.3141672089091232,0.1720128960370031
银行,完成,False,2022-08-23,2022-09-13,2023-05-08,2022-11-29,2024-02-05,2024-02-27,2024-03-20,0.7077555543284006,-0.23648458888631518,0.5648118708193199,0.5114952109426849
工程机械,完成,False,2022-08-24,2022-11-01,2024-04-15,2023-02-13,2025-07-22,2026-04-17,2026-07-01,0.5857434911243977,-0.2616708943231473,0.4840651803048346,0.3714273918116
计算机设备,退潮中(底部未确认),False,2022-08-29,2022-10-13,2023-02-15,2023-02-06,2025-02-17,2026-03-03,2026-06-12,0.8106078909354104,-0.25940599416709786,0.7004917321182953,0.532707998303406
互联网服务,完成,False,2022-09-29,2022-10-27,2023-03-27,2023-02-06,2023-06-20,2024-02-05,2024-08-12,0.47909695042685474,-0.2360827881286447,0.36875366216971184,0.2171109790925354
文化传媒,完成,False,2022-10-25,2022-11-08,2023-03-24,2022-12-30,2023-05-11,2023-10-18,2023-10-23,0.6163205558064953,-0.18002221940281837,0.48945617769273175,0.3613021289327363
珠宝首饰,完成,False,2022-10-25,2022-11-28,2024-04-12,2022-12-27,2024-04-12,2024-04-30,2025-02-26,0.31072466889292416,-0.3883645727613353,0.23808839276309035,0.1591877936598285
游戏,完成,False,2022-10-25,2022-11-14,2023-02-20,2022-11-18,2023-05-04,2023-05-16,2023-05-16,1.1390471561588384,-0.18418592542452716,0.9594831634881162,0.8430490028951132
酿酒行业,完成,False,2022-10-27,2022-11-24,2022-12-14,,2023-01-16,2023-12-11,2023-12-14,0.33742010550748147,-0.20502320740501878,0.27230883046366916,
光学光电子,完成,False,2022-12-30,2023-02-03,2024-10-31,2023-10-12,2024-10-31,2025-11-03,2025-11-13,0.3290954173712459,-0.17516979135149136,0.2608076885466941,0.08809886162176683
消费电子,完成,False,2023-01-04,2023-02-03,,2023-03-24,2025-02-25,2025-04-08,2025-04-09,0.41951428279866265,-0.1805713710601754,0.3261234318388473,0.2715241445719201
工程咨询服务,完成,False,2023-01-17,2023-02-22,2023-05-05,2023-03-08,2024-01-31,2024-02-06,2024-02-07,0.30724881848448615,-0.2273315276694412,0.2440214119855948,0.1628640385576572
公用事业,完成,False,2023-04-06,2023-05-04,2023-05-30,2023-05-23,2024-01-31,2024-02-27,2024-03-21,0.3718960761293959,-0.20174727271347037,0.2767781000825793,0.2231736014199266
汽车整车,完成,False,2023-04-13,2023-05-10,2023-07-07,2023-10-18,2025-05-23,2025-08-15,2026-06-30,0.8051482378229631,-0.5466540194347027,0.6306613478540006,0.26784034239064924
汽车零部件,完成,False,2023-04-21,2023-05-23,2023-07-04,2023-06-26,2023-11-29,2024-02-06,2024-02-07,0.38081839271741647,-0.18362574467542758,0.29132506617130205,0.17040189855576315
房地产服务,完成,False,2023-06-01,2023-06-28,2023-07-26,2023-07-20,2023-08-29,2023-10-09,2024-04-24,0.36953912037908276,-0.2822425196500523,0.2897177003077933,0.20726275762836188
煤炭行业,完成,False,2023-06-20,2023-07-07,2023-09-14,2023-09-14,2024-02-05,2024-03-13,2024-03-18,0.8313311701868518,-0.2063643036374051,0.6825712893600127,0.4300810616839805
通信设备,完成,False,2023-11-02,2023-11-30,2024-03-05,2023-12-08,2025-01-22,2025-04-07,2025-04-08,0.42094756888004525,-0.19712070023442663,0.35518556819248404,0.2660414425849704
小金属,完成,False,2023-12-19,2024-01-11,2025-07-24,2024-11-04,2026-03-02,2026-03-19,2026-03-19,0.8874916210736983,-0.1761020063011144,0.753955745034274,0.6238204130094616
通用设备,上涨中(顶部未确认),False,2024-02-07,2024-03-07,,2024-03-07,2026-07-03,,2026-09-29,0.4714768566357208,-0.11848217839494612,0.29380875596688494,0.29380875596688494
塑料制品,退潮中(底部未确认),False,2024-02-07,2024-03-14,,2024-04-25,2026-06-16,2026-07-22,2026-07-22,0.4564505891306849,-0.1710976055436091,0.36400606151932346,0.29701890261300967
银行,完成,False,2024-03-20,2024-04-11,2024-04-18,2024-04-18,2024-08-27,2024-09-30,2024-11-11,0.46928025213615343,-0.30734194449325136,0.3375739139583602,0.24578217063233687
多元金融,完成,False,2024-03-22,2024-04-19,2024-09-25,2024-09-25,2024-11-05,2025-01-02,2025-03-11,0.3503016966573189,-0.25881242942301796,0.2612573886887166,0.0833952712808268
半导体,退潮中(底部未确认),False,2024-04-11,2024-06-03,2024-06-19,2024-06-11,2026-07-09,2026-07-17,2026-08-03,1.7041394172114233,-0.28557311667696306,1.4807610068393608,1.3443695800391304
电子化学品,退潮中(底部未确认),False,2024-04-16,2024-05-27,2024-06-11,2024-05-28,2026-07-01,2026-07-16,2026-09-04,1.242023923282129,-0.3241510654180707,1.0168817339624452,0.9494313566953216
商业百货,完成,False,2024-06-28,2024-08-06,2024-12-02,2024-11-29,2025-01-02,2025-02-06,2026-06-30,0.4654167655059187,-0.5737868155271271,0.34360970176327865,0.18166618666342438
游戏,完成,False,2024-07-15,2024-08-06,2025-02-17,,2025-09-25,2026-02-26,2026-06-18,0.3410285875047854,-0.4015526392151102,0.2376926684874321,
教育,完成,False,2024-07-16,2024-08-02,2024-08-06,2024-08-06,2024-12-16,2025-01-03,2026-06-30,0.46703029840636634,-0.6213973742548062,0.26490659133573446,0.11141043137030815
软件开发,退潮中(底部未确认),False,2024-07-18,2024-09-19,2024-09-30,2024-09-23,2025-02-14,2025-10-10,2026-06-30,0.44406254534342215,-0.4181984494995733,0.3409186451379842,0.3001127909797572
综合行业,完成,False,2024-07-19,2024-08-15,2024-09-12,2024-08-27,2024-10-31,2024-11-15,2025-01-27,1.2716698817505327,-0.3191481998407857,1.1509055638638426,0.9183105319360167
互联网服务,退潮中(底部未确认),False,2024-08-12,2024-09-23,2024-09-30,2024-10-09,2025-02-21,2025-10-21,2026-06-29,0.41602408873911356,-0.35514243561482717,0.3193796588459954,0.14816336160776644
房地产服务,完成,False,2024-08-28,2024-09-18,2024-09-26,2024-09-18,2024-11-07,2025-01-10,2026-06-30,0.322964769708731,-0.5571061630074152,0.18468184565356505,0.18468184565356505
非金属材料,退潮中(底部未确认),False,2024-09-20,2024-10-15,2024-10-22,2024-12-27,2026-06-22,2026-07-16,2026-07-31,0.5718839380921292,-0.22297114879983715,0.4531785921487521,0.2531272804851563
装修装饰,上涨中(顶部未确认),False,2024-10-09,2024-10-23,2024-11-06,2025-05-19,2026-09-23,,2026-09-29,0.3804901711973865,-0.020302408558695695,0.23720064959510312,0.16633453303707668
电源设备,上涨中(顶部未确认),False,2024-10-15,2024-10-28,2025-08-27,2024-10-30,2026-03-10,,2026-09-29,0.4822839461462618,-0.1400868497223171,0.39638763148547285,0.40723718160137423
电机,退潮中(底部未确认),False,2024-10-17,2024-11-06,2025-02-06,2024-12-02,2025-09-18,2025-12-15,2026-09-16,0.8156226182387647,-0.39280412461394765,0.6370954827903781,0.5471807779989775
银行,完成,False,2024-11-11,2024-12-09,2025-04-08,2025-04-07,2025-06-20,2025-08-19,2026-07-01,0.32614083040372543,-0.367703953791757,0.23750963018180005,0.038700204885150136
贵金属,完成,False,2024-12-20,2025-01-03,2025-03-25,2025-04-11,2025-04-22,2025-07-29,2025-08-22,0.5017425696913158,-0.2179243831153359,0.30962858645819646,0.098175289912523
玻璃玻纤,退潮中(底部未确认),False,2025-02-21,2025-03-21,2026-02-11,2025-07-02,2026-06-26,2026-07-08,2026-08-03,1.4782620141822527,-0.3231018800723282,1.3478704014154048,1.2414880287500543
采掘行业,完成,False,2025-02-21,2025-03-20,2025-06-16,2025-03-21,2025-06-19,2025-08-13,2025-08-29,0.3406578000977276,-0.22116503681145983,0.2258435732156976,0.17710835836724304
风电设备,退潮中(底部未确认),False,2025-02-24,2025-03-20,2025-10-10,2025-09-26,2026-03-13,2026-05-21,2026-09-07,0.49670723460586874,-0.37287008845149183,0.37614843160415967,0.16119082677923235
化学制药,完成,False,2025-02-25,2025-03-27,2025-06-10,2025-05-30,2025-08-04,2025-09-29,2026-06-22,0.32031332844406224,-0.4069015530298057,0.22169960724289206,0.08487410471344403
美容护理,完成,False,2025-02-26,2025-03-19,,2025-04-15,2025-06-04,2025-08-06,2026-06-25,0.32454179778688363,-0.5290307041066032,0.22969148877048662,0.0998121300700967
珠宝首饰,完成,False,2025-02-26,2025-03-13,2025-04-22,2025-03-19,2025-06-04,2025-07-15,2026-01-12,0.6053214723485465,-0.38472375159305616,0.4330511266388004,0.4044499376422557
农药兽药,退潮中(底部未确认),False,2025-02-26,2025-03-21,2025-06-10,2025-05-20,2025-06-17,2025-09-16,2026-06-30,0.3228508874093301,-0.3359124848758168,0.2430809879234097,0.10616027829202368
有色金属,退潮中(底部未确认),False,2025-02-27,2025-03-13,2025-10-30,2025-03-25,2026-01-29,2026-03-18,2026-07-09,0.6636954458781068,-0.3002993021022681,0.5177769737727893,0.4580534933458047
通信设备,退潮中(底部未确认),False,2025-04-08,2025-05-08,2025-08-22,2025-05-08,2026-06-25,2026-07-28,2026-07-30,1.619422430346308,-0.2489518267557057,1.3820200639596627,1.3820200639596627
消费电子,上涨中(顶部未确认),False,2025-04-09,2025-05-09,2025-08-26,2025-08-26,2026-06-25,,2026-09-29,0.4948758585931481,-0.1258853222262536,0.4027938470509289,0.21713755265591517
电池,完成,False,2025-04-09,2025-05-12,2025-09-04,2025-09-03,2025-11-13,2026-01-12,2026-01-29,0.376803641831285,-0.21381999856143707,0.3081852120519659,0.2129556248801474
能源金属,完成,False,2025-05-29,2025-06-24,2025-09-29,2025-09-30,2025-11-20,2026-03-19,2026-03-19,0.6953605860426264,-0.18649398987377774,0.5839431641253845,0.23695736434529713
光伏设备,完成,False,2025-06-26,2025-07-02,2025-09-05,2025-11-12,2025-11-11,2026-01-13,2026-01-21,0.3797979061036314,-0.18491463142588616,0.29227535370739255,0.03889180072919718
贵金属,完成,False,2025-08-22,2025-09-01,2025-09-09,2025-09-09,2026-01-29,2026-02-05,2026-07-01,1.0416320665121672,-0.4964598975146023,0.7970630526314497,0.6153228030865123
采掘行业,完成,False,2025-08-29,2025-10-21,2026-01-28,2025-10-22,2026-03-04,2026-03-18,2026-06-30,0.6987742833410715,-0.46812214500793525,0.5554665316704093,0.5116366759613
电网设备,退潮中(底部未确认),False,2025-09-01,2025-10-09,2026-03-05,2025-10-15,2026-03-09,2026-06-08,2026-07-16,0.4509223575515309,-0.28180004974045236,0.37469746374950974,0.31050624931727433
燃气,完成,False,2025-09-01,2025-10-10,2025-10-20,2025-10-17,2026-03-03,2026-04-15,2026-06-30,0.3011523852185978,-0.3153236195339322,0.17336602978731208,0.12190302126305874
航天航空,退潮中(底部未确认),False,2025-09-17,2025-10-13,2025-12-29,2025-12-08,2026-01-12,2026-05-15,2026-08-20,0.3790050268188274,-0.31059682155644597,0.2703857572558839,0.27177805189247284
化肥行业,完成,False,2025-09-25,2025-10-23,2025-11-13,2025-11-06,2026-03-13,2026-05-07,2026-07-10,0.4782785148629256,-0.30229039779227285,0.3585340792595759,0.2747222179499431
石油行业,完成,False,2025-09-30,2025-10-22,2026-02-24,2026-03-02,2026-03-03,2026-04-14,2026-06-30,0.5414267180589731,-0.45163998058838983,0.40885732232715055,0.12979093671421182
煤炭行业,完成,False,2026-01-16,2026-02-11,2026-03-02,2026-03-09,2026-03-23,2026-04-17,2026-05-22,0.32765755700057553,-0.22270431191195883,0.2105682768109709,0.08803099353491306
证券,上涨中(顶部未确认),False,2026-05-28,2026-06-12,2026-07-17,,2026-07-30,,2026-09-29,0.3321714004399621,-0.12039877877072569,0.23652358108305993,
医疗服务,上涨中(顶部未确认),False,2026-06-17,2026-06-29,2026-07-10,2026-07-15,2026-08-20,,2026-09-29,0.566057418775564,-0.018750314502063437,0.34879353432116766,0.1767064868911452
中药,上涨中(顶部未确认),False,2026-06-22,2026-07-13,2026-07-15,,2026-07-30,,2026-09-29,0.3665018841207661,-0.09318829613045465,0.10653625201144301,
生物制品,上涨中(顶部未确认),False,2026-06-22,2026-07-02,2026-07-14,2026-08-20,2026-08-20,,2026-09-29,0.3978671730704564,-0.06897346463352871,0.2075597963308471,0.0
农牧饲渔,上涨中(顶部未确认),False,2026-06-25,2026-07-15,2026-07-20,2026-09-01,2026-09-09,,2026-09-29,0.4919910262815146,-0.05489874250051219,0.2776322071543871,0.07639612023121312
教育,上涨中(顶部未确认),False,2026-06-30,2026-07-22,2026-07-28,,2026-09-24,,2026-09-29,0.599984649400148,-0.004491109516815528,0.4419565202911122,
煤炭行业,上涨中(顶部未确认),False,2026-06-30,2026-07-15,2026-07-20,,2026-08-31,,2026-09-29,0.3893620831523026,-0.03297069226544325,0.16806062752405437,
房地产服务,上涨中(顶部未确认),False,2026-06-30,2026-07-17,2026-08-03,2026-09-29,2026-09-29,,2026-09-29,0.4665041760971571,0.0,0.2935797913886218,0.0
贵金属,退潮中(底部未确认),False,2026-07-01,2026-07-17,2026-07-21,2026-07-23,2026-08-24,2026-09-24,2026-09-28,0.6880922234929516,-0.1790789108174019,0.34558613682776573,0.17576070335629668
银行,退潮中(底部未确认),False,2026-07-01,2026-07-15,2026-07-17,,2026-07-30,2026-08-12,2026-08-17,0.41609061946192183,-0.18601771862721928,0.19507801159510674,
航运港口,上涨中(顶部未确认),False,2026-07-01,2026-07-15,2026-07-28,,2026-09-10,,2026-09-29,0.3848990142559179,-0.025212480999562747,0.2281744864721189,
