行业,状态,谷底,首次超额,加速,拥挤,相对顶部,谷底→顶部超额
贸易行业,退潮中(底部未确认),2015-07-09,2015-07-30,2015-08-04,2016-02-25,2016-10-11,0.42279403048727926
交运设备,退潮中(底部未确认),2021-07-29,2021-08-26,,2021-09-07,2024-08-02,0.33989944329178234
家电行业,退潮中(底部未确认),2022-03-29,2022-04-15,,2022-06-24,2024-09-20,0.5031274744323708
通信服务,退潮中(底部未确认),2022-07-05,2022-08-04,2023-03-13,2022-11-25,2025-02-21,0.624716444111689
计算机设备,退潮中(底部未确认),2022-08-29,2022-10-13,2023-02-15,2023-02-06,2025-02-17,0.8106078909354104
通用设备,上涨中(顶部未确认),2024-02-07,2024-03-07,,2024-03-07,2026-07-03,0.4714768566357208
塑料制品,退潮中(底部未确认),2024-02-07,2024-03-14,,2024-04-25,2026-06-16,0.4564505891306849
半导体,退潮中(底部未确认),2024-04-11,2024-06-03,2024-06-19,2024-06-11,2026-07-09,1.7041394172114233
电子化学品,退潮中(底部未确认),2024-04-16,2024-05-27,2024-06-11,2024-05-28,2026-07-01,1.242023923282129
软件开发,退潮中(底部未确认),2024-07-18,2024-09-19,2024-09-30,2024-09-23,2025-02-14,0.44406254534342215
互联网服务,退潮中(底部未确认),2024-08-12,2024-09-23,2024-09-30,2024-10-09,2025-02-21,0.41602408873911356
非金属材料,退潮中(底部未确认),2024-09-20,2024-10-15,2024-10-22,2024-12-27,2026-06-22,0.5718839380921292
装修装饰,上涨中(顶部未确认),2024-10-09,2024-10-23,2024-11-06,2025-05-19,2026-09-23,0.3804901711973865
电源设备,上涨中(顶部未确认),2024-10-15,2024-10-28,2025-08-27,2024-10-30,2026-03-10,0.4822839461462618
电机,退潮中(底部未确认),2024-10-17,2024-11-06,2025-02-06,2024-12-02,2025-09-18,0.8156226182387647
玻璃玻纤,退潮中(底部未确认),2025-02-21,2025-03-21,2026-02-11,2025-07-02,2026-06-26,1.4782620141822527
风电设备,退潮中(底部未确认),2025-02-24,2025-03-20,2025-10-10,2025-09-26,2026-03-13,0.49670723460586874
农药兽药,退潮中(底部未确认),2025-02-26,2025-03-21,2025-06-10,2025-05-20,2025-06-17,0.3228508874093301
有色金属,退潮中(底部未确认),2025-02-27,2025-03-13,2025-10-30,2025-03-25,2026-01-29,0.6636954458781068
通信设备,退潮中(底部未确认),2025-04-08,2025-05-08,2025-08-22,2025-05-08,2026-06-25,1.619422430346308
消费电子,上涨中(顶部未确认),2025-04-09,2025-05-09,2025-08-26,2025-08-26,2026-06-25,0.4948758585931481
电网设备,退潮中(底部未确认),2025-09-01,2025-10-09,2026-03-05,2025-10-15,2026-03-09,0.4509223575515309
航天航空,退潮中(底部未确认),2025-09-17,2025-10-13,2025-12-29,2025-12-08,2026-01-12,0.3790050268188274
证券,上涨中(顶部未确认),2026-05-28,2026-06-12,2026-07-17,,2026-07-30,0.3321714004399621
医疗服务,上涨中(顶部未确认),2026-06-17,2026-06-29,2026-07-10,2026-07-15,2026-08-20,0.566057418775564
中药,上涨中(顶部未确认),2026-06-22,2026-07-13,2026-07-15,,2026-07-30,0.3665018841207661
生物制品,上涨中(顶部未确认),2026-06-22,2026-07-02,2026-07-14,2026-08-20,2026-08-20,0.3978671730704564
农牧饲渔,上涨中(顶部未确认),2026-06-25,2026-07-15,2026-07-20,2026-09-01,2026-09-09,0.4919910262815146
教育,上涨中(顶部未确认),2026-06-30,2026-07-22,2026-07-28,,2026-09-24,0.599984649400148
煤炭行业,上涨中(顶部未确认),2026-06-30,2026-07-15,2026-07-20,,2026-08-31,0.3893620831523026
房地产服务,上涨中(顶部未确认),2026-06-30,2026-07-17,2026-08-03,2026-09-29,2026-09-29,0.4665041760971571
贵金属,退潮中(底部未确认),2026-07-01,2026-07-17,2026-07-21,2026-07-23,2026-08-24,0.6880922234929516
银行,退潮中(底部未确认),2026-07-01,2026-07-15,2026-07-17,,2026-07-30,0.41609061946192183
航运港口,上涨中(顶部未确认),2026-07-01,2026-07-15,2026-07-28,,2026-09-10,0.3848990142559179
