入场,规则,笔数,独立簇,相对固定持有120日的差,90%CI低,90%CI高,p值,占优比例,前段差,后段差,两段同向,q值,证据
E1 强势确认,固定持有60日,280,88,-0.00718876608555094,-0.021034811102314893,0.006436063077678334,0.3805,0.5107142857142857,-0.025432827628053243,0.010541378230402,False,0.6491666666666667,C 弱/不显著
E1 强势确认,相对强弱回撤10%,280,88,-0.0007042247289757367,-0.013892086728759129,0.012256648817221565,0.9205,0.5035714285714286,-0.008873632001443713,0.007235058394972015,False,0.9404999999999999,C 弱/不显著
E1 强势确认,相对强弱回撤15%,280,88,0.00632468228497244,-0.005803502198019511,0.018676347261971284,0.3895,0.5142857142857142,0.005812303154558369,0.00682262820044527,True,0.6491666666666667,C 弱/不显著
E1 强势确认,相对强弱回撤20%,280,88,0.0060092782042295715,-0.005513700983812111,0.01871098053634506,0.3795,0.48928571428571427,0.013110396695482125,-0.0008918087802271382,False,0.6491666666666667,C 弱/不显著
E1 强势确认,连续2日跌破20日线,280,88,-0.003227681227781602,-0.01758241716010274,0.011033526924943053,0.7084999999999999,0.5571428571428572,-0.028436659791634563,0.021271185263850148,False,0.9043749999999999,C 弱/不显著
E1 强势确认,连续2日跌破60日线,280,88,-0.013949352197235082,-0.027935719285097124,-0.0003120086642272267,0.0925,0.5035714285714286,-0.03016357133454418,0.0018081283728258706,False,0.36833333333333335,C 弱/不显著
E1 强势确认,相对强弱跌破60日均线,280,88,-0.01648596703733668,-0.02945610592800408,-0.00396217487670602,0.0315,0.5,-0.034035222496037264,0.0005689431971751528,False,0.21666666666666667,C 弱/不显著
E1 强势确认,成交占比回落,280,88,-0.003422961248076436,-0.018665220157543367,0.01138469103050817,0.7034999999999999,0.5178571428571429,-0.014191017429832784,0.007041769407433254,False,0.9043749999999999,C 弱/不显著
E1 强势确认,大跌5%且次日续跌,280,88,0.008835027120418459,-0.004219484160745597,0.02163302873456524,0.2775,0.5214285714285715,0.007039342578471823,0.010580128999211675,True,0.6166666666666667,C 弱/不显著
E1 强势确认,持有满250日,280,88,0.02992778424642925,0.012499220546788654,0.047700107447982816,0.006500000000000001,0.5392857142857143,0.057960816546178566,0.0026844148283630114,True,0.13,C 弱/不显著
E2 拥挤确认,固定持有60日,440,95,-0.007297471851245605,-0.016555606577596506,0.0012828512181361686,0.1615,0.5159090909090909,-0.021536141486091058,0.007739627856581831,False,0.4614285714285714,C 弱/不显著
E2 拥挤确认,相对强弱回撤10%,440,95,-4.8157705117175944e-05,-0.009492209742920749,0.008992354033341993,0.9404999999999999,0.5045454545454545,-0.01036058327469368,0.010842534718828102,False,0.9404999999999999,C 弱/不显著
E2 拥挤确认,相对强弱回撤15%,440,95,0.0028134862563430362,-0.008323237414326721,0.014218443019858197,0.6665,0.45454545454545453,-0.00503806621733347,0.011105312700506074,False,0.9043749999999999,C 弱/不显著
E2 拥挤确认,相对强弱回撤20%,440,95,0.002360553483430052,-0.0085266010311917,0.013352596915611605,0.7234999999999999,0.4090909090909091,0.00425605331049458,0.00035876394643667486,True,0.9043749999999999,C 弱/不显著
E2 拥挤确认,连续2日跌破20日线,440,95,-0.0016648886429263684,-0.013746196331215368,0.010831320566136182,0.8035,0.5659090909090909,-0.026366147127172772,0.02442148713950208,False,0.9227777777777777,C 弱/不显著
E2 拥挤确认,连续2日跌破60日线,440,95,-0.00898298389711138,-0.020504378597522528,0.0020316379987390157,0.1905,0.5113636363636364,-0.02546322779588023,0.008421385827756664,False,0.47625,C 弱/不显著
E2 拥挤确认,相对强弱跌破60日均线,440,95,-0.010811214188851176,-0.022121917675140657,0.0002632491821216864,0.1105,0.5068181818181818,-0.029188351329065533,0.008596416622777076,False,0.36833333333333335,C 弱/不显著
E2 拥挤确认,成交占比回落,440,95,-0.0012594528219418064,-0.011920198866170186,0.0092572942281026,0.8304999999999999,0.5363636363636364,-0.0203883358641836,0.0189420778675285,False,0.9227777777777777,C 弱/不显著
E2 拥挤确认,大跌5%且次日续跌,440,95,0.010539703641189764,-0.00019362416816724946,0.02255001494252607,0.1105,0.509090909090909,0.012319913344531615,0.008659669094669864,True,0.36833333333333335,C 弱/不显著
E2 拥挤确认,持有满250日,440,95,0.017162946183947193,0.0038845317293221644,0.030440788629186987,0.0325,0.45227272727272727,0.026298633124165097,0.00751497773306287,True,0.21666666666666667,C 弱/不显著
