年份,H-I1 R1：P1 − B0,H-I2 R2：S1 − S0,参考：拥挤篮子 − B0（名单非空的日子）
2015,0.037234195385910114,0.13082783863207284,-0.22263665270970665
2016,0.016029321618894303,-0.06618589218253151,-0.06752575619159641
2017,0.004356815578833639,0.00368594533842525,-0.03931218839137833
2018,0.010330967726466281,0.0,-0.06717355429572405
2019,0.010933558655045075,-0.013017636448955509,-0.08139290537842642
2020,-0.041627072220308196,0.0813355619566953,0.12294159420167997
2021,0.004429493854681745,0.11668644244748422,-0.02741355691786412
2022,0.03831559616346383,0.019026743097762047,-0.1519349450792535
2023,0.0067892347363677046,-0.014735112286025118,-0.057205707091063054
2024,0.03156434061636654,0.06026570208136676,-0.19142143594930497
2025,0.009185875425429521,0.022091189542133023,-0.03064017449086835
2026,-0.003349657875505252,0.12184071736708948,-0.023202768872123025
